timestep,reward,progress_reward,posture_reward,energy_penalty,terminal_reward,x_position,angle,y_position,velocity_x,velocity_y
0,-0.24152275919914246,-0.0778352419535319,-0.08278849418275058,-0.08089903,0,4.645960330963135,-0.01930505968630314,5.712967395782471,-0.22994263470172882,-0.1700524538755417
1,-0.0974082499742508,-0.0036056836446126304,-0.014153653755784035,-0.07964891,0,4.64512825012207,-0.022135790437459946,5.705678462982178,-0.04455418512225151,-0.35682204365730286
2,-0.07519223541021347,-0.006279468536376953,-0.01309167593717575,-0.05582109,0,4.643679141998291,-0.024754125624895096,5.706508636474609,-0.06285881251096725,0.03663512319326401
3,0.012674972414970398,0.003281275431315104,0.05532992072403431,-0.045936223,0,4.644436359405518,-0.013688141480088234,5.7083563804626465,0.03874139487743378,0.0839681476354599
4,-0.052387673407793045,0.01758416493733724,-0.011503668501973152,-0.05846817,0,4.648494243621826,0.015988875180482864,5.716994762420654,0.209086611866951,0.40470385551452637
5,-0.2712717056274414,0.03518072764078776,-0.2639237605035305,-0.042528667,0,4.656612873077393,0.06877362728118896,5.730399131774902,0.4218863844871521,0.620071291923523
6,-0.304923951625824,0.04069979985555013,-0.26695139706134796,-0.07867234,0,4.6660051345825195,0.12216390669345856,5.742716312408447,0.48696982860565186,0.5663545727729797
7,-0.29078710079193115,0.040809313456217446,-0.24156838655471802,-0.090028025,0,4.675422668457031,0.17047758400440216,5.760025978088379,0.4888291656970978,0.8215302228927612
8,-0.25626206398010254,0.040030320485432945,-0.213996022939682,-0.082296364,0,4.6846604347229,0.21327678859233856,5.787569046020508,0.47315946221351624,1.2832943201065063
9,-0.23081225156784058,0.04113578796386719,-0.19351430237293243,-0.078433745,0,4.694153308868408,0.25197964906692505,5.817263603210449,0.4917773902416229,1.456892490386963
10,-0.2082536518573761,0.04103247324625651,-0.17287284135818481,-0.07641329,0,4.703622341156006,0.286554217338562,5.844470024108887,0.49040886759757996,1.3361586332321167
11,-0.18814361095428467,0.03809420267740885,-0.15166640281677246,-0.07457141,0,4.712413311004639,0.3168874979019165,5.8671064376831055,0.45479467511177063,1.1137772798538208
12,-0.18392863869667053,0.03748671213785807,-0.1466730237007141,-0.074742325,0,4.72106409072876,0.3462221026420593,5.885242938995361,0.4483238458633423,0.8907216787338257
13,-0.0817333459854126,0.013110637664794922,-0.04009813070297241,-0.05474585,0,4.724089622497559,0.3542417287826538,5.898355007171631,0.1553884595632553,0.6570290327072144
14,-0.08704667538404465,0.021793206532796223,-0.08148699998855591,-0.027352879,0,4.729118824005127,0.370539128780365,5.907228469848633,0.2594424784183502,0.44014889001846313
15,-0.10215229541063309,0.020038922627766926,-0.06396353244781494,-0.058227684,0,4.733743190765381,0.383331835269928,5.911427974700928,0.2345491647720337,0.21685364842414856
16,-0.09866711497306824,0.018443743387858074,-0.052915364503860474,-0.0641955,0,4.737999439239502,0.3939149081707001,5.911013603210449,0.21680445969104767,-0.019206631928682327
17,-0.09109866619110107,0.017431259155273438,-0.04208788275718689,-0.06644204,0,4.7420220375061035,0.40233248472213745,5.9055633544921875,0.19997036457061768,-0.2613268494606018
18,-0.08794700354337692,0.01752630869547526,-0.04235684871673584,-0.06311646,0,4.746066570281982,0.4108038544654846,5.895378112792969,0.20424355566501617,-0.5054202079772949
19,-0.08541745692491531,0.018253644307454426,-0.04271000623703003,-0.060961094,0,4.750278949737549,0.4193458557128906,5.880225658416748,0.20894815027713776,-0.748551070690155
20,-0.07295974344015121,0.01840655008951823,-0.04319682717323303,-0.048169464,0,4.754526615142822,0.42798522114753723,5.860353946685791,0.21446648240089417,-0.9906452894210815
21,-0.06244872510433197,0.02535136540730794,-0.04049822688102722,-0.047301862,0,4.760376930236816,0.4360848665237427,5.837635517120361,0.29175978899002075,-1.1263970136642456
22,-0.0638878121972084,0.023807843526204426,-0.0323997437953949,-0.055295914,0,4.765871047973633,0.44256481528282166,5.81053352355957,0.2760850787162781,-1.3508487939834595
23,-0.05509862303733826,0.021051406860351562,-0.012560486793518066,-0.06358954,0,4.770729064941406,0.44507691264152527,5.779664039611816,0.23994366824626923,-1.5371451377868652
24,-0.00031905248761177063,0.012722174326578775,0.04792124032974243,-0.06096247,0,4.773664951324463,0.4354926645755768,5.746491432189941,0.13450869917869568,-1.6450098752975464
25,0.011260166764259338,0.013065179189046225,0.05112782120704651,-0.052932836,0,4.776679992675781,0.4252671003341675,5.708942413330078,0.13801096379756927,-1.863569736480713
26,0.0015232115983963013,0.008666038513183594,0.04952937364578247,-0.0566722,0,4.778679847717285,0.415361225605011,5.670135021209717,0.10057789832353592,-1.951454997062683
27,-0.0059093087911605835,0.009831428527832031,0.04638671875,-0.062127456,0,4.780948638916016,0.406083881855011,5.627023220062256,0.10998932272195816,-2.1441123485565186
28,-0.018865030258893967,0.010825316111246744,0.037118494510650635,-0.06680884,0,4.783446788787842,0.39866018295288086,5.5803751945495605,0.1236552819609642,-2.3221359252929688
29,-0.036307573318481445,0.012063026428222656,0.022291094064712524,-0.070661694,0,4.786230564117432,0.39420196413993835,5.53057336807251,0.14072108268737793,-2.4816412925720215
30,-0.05240592360496521,0.013304869333902994,0.004767626523971558,-0.07047842,0,4.789300918579102,0.39324843883514404,5.477807521820068,0.1575385481119156,-2.631798028945923
31,-0.024804510176181793,0.06977462768554688,-0.03288000822067261,-0.06169913,0,4.805402755737305,0.39982444047927856,5.442332744598389,0.8121533989906311,-1.7928135395050049
32,-0.0687422901391983,0.12095053990681966,-0.13222172856330872,-0.057471104,0,4.833314418792725,0.4262687861919403,5.417718410491943,1.4127815961837769,-1.2517200708389282
33,0.07399637997150421,0.11200348536173503,0.006668716669082642,-0.04467582,0,4.859161376953125,0.4249350428581238,5.3921732902526855,1.2935961484909058,-1.2764191627502441
34,0.1237921342253685,0.126982053120931,0.0481414794921875,-0.051331393,0,4.88846492767334,0.4153067469596863,5.369943618774414,1.4584827423095703,-1.103338599205017
35,0.17951881885528564,0.14382648468017578,0.08392706513404846,-0.04823474,0,4.921655654907227,0.3985213339328766,5.351107597351074,1.648101806640625,-0.9273657202720642
36,0.23180894553661346,0.16304302215576172,0.12191653251647949,-0.05315061,0,4.959280967712402,0.3741380274295807,5.335615158081055,1.8656407594680786,-0.7533494234085083
37,0.28896793723106384,0.18429899215698242,0.163382887840271,-0.058713946,0,5.001811504364014,0.3414614498615265,5.323297500610352,2.10691499710083,-0.5864077806472778
38,0.3561271131038666,0.20572026570638022,0.208350270986557,-0.057943422,0,5.049285411834717,0.2997913956642151,5.313785552978516,2.3493826389312744,-0.43601396679878235
39,0.41128039360046387,0.22076702117919922,0.24931199848651886,-0.05879861,0,5.100231647491455,0.24992899596691132,5.30605411529541,2.521350145339966,-0.3370281159877777
40,0.45834630727767944,0.22457520167032877,0.269538015127182,-0.035766896,0,5.152056694030762,0.19602139294147491,5.296004772186279,2.566406726837158,-0.4471539855003357
41,0.4737456440925598,0.22179810206095377,0.2800622582435608,-0.02811475,0,5.203240871429443,0.14000894129276276,5.282171726226807,2.5366032123565674,-0.6329137086868286
42,0.41351717710494995,0.2229283650716146,0.21617107093334198,-0.025582239,0,5.254685878753662,0.09677472710609436,5.268601894378662,2.554946184158325,-0.6329993009567261
43,0.2979111671447754,0.22848049799601236,0.12547075748443604,-0.05604008,0,5.307412147521973,0.07168057560920715,5.251778602600098,2.627617835998535,-0.8086678385734558
44,0.23140862584114075,0.21132818857828775,0.08453814312815666,-0.064457715,0,5.356180191040039,0.05477294698357582,5.24098014831543,2.4437522888183594,-0.5137580633163452
45,0.20759478211402893,0.20703442891438803,0.04090644419193268,-0.040346082,0,5.403957366943359,0.046591658145189285,5.232353687286377,2.389056444168091,-0.4216541349887848
46,0.1776861995458603,0.20328203837076822,0.01527315005660057,-0.040868986,0,5.450868606567383,0.04353702813386917,5.2263898849487305,2.344954252243042,-0.2949141561985016
47,0.16239303350448608,0.20073843002319336,0.00037029385566711426,-0.03871569,0,5.497192859649658,0.04346296936273575,5.223008155822754,2.3164193630218506,-0.16881045699119568
48,0.14343664050102234,0.19877545038859049,-0.025311000645160675,-0.0300278,0,5.543064117431641,0.04852516949176788,5.220395088195801,2.2960901260375977,-0.13496488332748413
49,0.14090652763843536,0.1976761817932129,-0.03662465140223503,-0.020145005,0,5.588681697845459,0.05585009977221489,5.216723918914795,2.285275459289551,-0.18935389816761017
50,0.1654149889945984,0.19675254821777344,-0.02365611493587494,-0.0076814396,0,5.6340861320495605,0.06058132275938988,5.20979118347168,2.2760119438171387,-0.3479643762111664
51,0.16806155443191528,0.17023579279581705,0.016725044697523117,-0.018899275,0,5.673371315002441,0.057236313819885254,5.216728210449219,1.9665402173995972,0.35242384672164917
52,0.18418653309345245,0.1617267926534017,0.04558136686682701,-0.023121621,0,5.710692882537842,0.04812004044651985,5.2279863357543945,1.872275948524475,0.5751750469207764
53,0.2053978145122528,0.15924517313639322,0.06560938432812691,-0.019456752,0,5.74744176864624,0.03499816358089447,5.237154483795166,1.833012580871582,0.4724040925502777
54,0.20334678888320923,0.15736897786458334,0.06463496014475822,-0.018657153,0,5.78375768661499,0.022071171551942825,5.244410037994385,1.8116592168807983,0.3760282099246979
55,0.176820769906044,0.15590604146321616,0.04721790552139282,-0.026303174,0,5.819736003875732,0.01262759044766426,5.250810146331787,1.7958652973175049,0.3297213912010193
56,0.15940862894058228,0.1545567512512207,0.03141529392451048,-0.026563425,0,5.855402946472168,0.006344531662762165,5.256664276123047,1.7812904119491577,0.29941365122795105
57,0.08642220497131348,0.15446996688842773,-0.02459069713950157,-0.043457065,0,5.891049861907959,0.01126267109066248,5.262108325958252,1.7858161926269531,0.270681768655777
58,0.07094119489192963,0.15454435348510742,-0.03606314305216074,-0.047540013,0,5.926713943481445,0.018475299701094627,5.270137310028076,1.786328911781311,0.39664310216903687
59,0.03681934252381325,0.15524069468180338,-0.069113215431571,-0.04930814,0,5.962538719177246,0.03229794278740883,5.281616687774658,1.7959483861923218,0.5623153448104858
60,0.035252708941698074,0.1557469367980957,-0.0693054310977459,-0.051188793,0,5.998480319976807,0.04615902900695801,5.297387599945068,1.8013371229171753,0.7764402627944946
61,0.0655420646071434,0.15444103876749674,-0.052912887185811996,-0.03598609,0,6.034120559692383,0.05674160644412041,5.3155975341796875,1.7859103679656982,0.9026766419410706
62,0.06910459697246552,0.14444430669148764,-0.033943671733140945,-0.041396033,0,6.067453861236572,0.0635303407907486,5.332885265350342,1.6712791919708252,0.8631097078323364
63,0.057477403432130814,0.15395132700602213,-0.053513310849666595,-0.04296061,0,6.102981090545654,0.07423300296068192,5.345607757568359,1.782715916633606,0.6307312846183777
64,0.03749570995569229,0.14841572443644205,-0.0693872943520546,-0.041532718,0,6.13723087310791,0.08811046183109283,5.362030029296875,1.7189308404922485,0.8117774128913879
65,0.04126596450805664,0.1552572250366211,-0.07062286138534546,-0.0433684,0,6.173059463500977,0.10223503410816193,5.375800609588623,1.7989683151245117,0.6798912286758423
66,0.06672489643096924,0.14397525787353516,-0.040811970829963684,-0.036438387,0,6.206284523010254,0.11039742827415466,5.391444206237793,1.6668329238891602,0.7799649238586426
67,0.07477229088544846,0.1458431879679362,-0.016650259494781494,-0.054420643,0,6.239940643310547,0.11372748017311096,5.398637294769287,1.6868735551834106,0.3621310889720917
68,0.15496954321861267,0.13275527954101562,0.07699623703956604,-0.05478198,0,6.270576477050781,0.09832823276519775,5.401637554168701,1.5382227897644043,0.1700267195701599
69,0.14417460560798645,0.12942234675089517,0.08911479264497757,-0.07436253,0,6.300443172454834,0.08050527423620224,5.402069091796875,1.4882292747497559,0.04637463018298149
70,0.18016855418682098,0.12631670633951822,0.09184002876281738,-0.037988182,0,6.329593181610107,0.06213726848363876,5.398705959320068,1.4542077779769897,-0.15032091736793518
71,0.17348144948482513,0.13089561462402344,0.09119892492890358,-0.048613083,0,6.359799861907959,0.04389748349785805,5.390832901000977,1.5018621683120728,-0.37400564551353455
72,0.19321586191654205,0.13189776738484701,0.09836222045123577,-0.037044127,0,6.390237808227539,0.024225039407610893,5.3789544105529785,1.5124797821044922,-0.5725765824317932
73,0.20534849166870117,0.13286479314168295,0.10062216315418482,-0.028138451,0,6.420898914337158,0.00410060677677393,5.362903118133545,1.5238025188446045,-0.780680775642395
74,0.053064439445734024,0.13385248184204102,-0.058794147334992886,-0.021993894,0,6.451787948608398,-0.015859436243772507,5.342569828033447,1.535691499710083,-0.9948651194572449
75,0.1093154028058052,0.14561382929484049,-0.009817061945796013,-0.026481366,0,6.485391139984131,-0.01782284863293171,5.321075916290283,1.6791167259216309,-1.0719995498657227
76,0.16924989223480225,0.15322605768839517,0.057390364818274975,-0.041366525,0,6.520750999450684,-0.006344775669276714,5.297501564025879,1.7705971002578735,-1.1884506940841675
77,0.13651391863822937,0.15286858876546225,0.03149394871797995,-0.047848612,0,6.556028366088867,-4.5985925680724904e-05,5.273094177246094,1.7623544931411743,-1.2236791849136353
78,0.11674755811691284,0.15050268173217773,-0.0006470477273978759,-0.03310807,0,6.590759754180908,-0.00017539547116030008,5.246067523956299,1.730193853378296,-1.3470820188522339
79,0.023443520069122314,0.14671723047892252,-0.05296418697980698,-0.07030952,0,6.624617576599121,-0.010768232867121696,5.222139835357666,1.6942557096481323,-1.1678545475006104
80,0.0016402211040258408,0.12984800338745117,-0.10664320550858974,-0.021564577,0,6.654582500457764,-0.032096873968839645,5.222583770751953,1.502358317375183,-0.013486628420650959
81,0.053657252341508865,0.1302798589070638,-0.03454912453889847,-0.042073485,0,6.684647083282471,-0.03900669887661934,5.230050086975098,1.5059874057769775,0.3565008342266083
82,0.11952240765094757,0.13350534439086914,0.01860756427049637,-0.032590494,0,6.715456008911133,-0.035285186022520065,5.236371040344238,1.5427519083023071,0.3139182925224304
83,0.1444239318370819,0.13735071818033853,0.057402849197387695,-0.050329648,0,6.747152328491211,-0.023804616183042526,5.247856616973877,1.5881834030151367,0.56434166431427
84,0.19849829375743866,0.13810078303019205,0.09180120192468166,-0.031403687,0,6.779021739959717,-0.0054443757981061935,5.260644435882568,1.6002004146575928,0.624867856502533
85,0.10543400794267654,0.12646961212158203,0.010063587687909603,-0.031099191,0,6.808207035064697,-0.003431658260524273,5.268290042877197,1.4626723527908325,0.3851321041584015
86,-0.007514555007219315,0.11985540390014648,-0.07762949448078871,-0.049740463,0,6.8358659744262695,-0.018957557156682014,5.27089786529541,1.3785027265548706,0.1508728712797165
87,0.01987253502011299,0.12446117401123047,-0.061766644939780235,-0.042821992,0,6.864587783813477,-0.03131088614463806,5.268152236938477,1.4318921566009521,-0.1183420792222023
88,0.07001233100891113,0.12734158833821616,-0.03454061225056648,-0.022788646,0,6.893974304199219,-0.03821900859475136,5.260217666625977,1.4668070077896118,-0.38316139578819275
89,0.1876925826072693,0.1419048309326172,0.06870332174003124,-0.022915572,0,6.926721572875977,-0.02447834424674511,5.249390602111816,1.650613784790039,-0.5424094796180725
90,0.1738598793745041,0.14135313034057617,0.060802740044891834,-0.028295998,0,6.959341526031494,-0.012317796237766743,5.234621524810791,1.6453022956848145,-0.7470262050628662
91,0.06640119850635529,0.13292264938354492,-0.043282569386065006,-0.023238882,0,6.990015983581543,-0.020974310114979744,5.220857620239258,1.5635584592819214,-0.710250198841095
92,0.10259921848773956,0.138883908589681,0.00276331789791584,-0.039048005,0,7.022066116333008,-0.020421646535396576,5.20698881149292,1.5990949869155884,-0.6915891170501709
93,0.1394958645105362,0.137693723042806,0.056716958060860634,-0.05491482,0,7.053841590881348,-0.00907825492322445,5.196953296661377,1.59285569190979,-0.4907960295677185
94,0.08064961433410645,0.12226676940917969,-0.004714890383183956,-0.036902264,0,7.082056999206543,-0.01002123299986124,5.202214241027832,1.4207113981246948,0.21271051466464996
95,0.06709340959787369,0.11637989679972331,-0.03483892884105444,-0.014447557,0,7.108913898468018,-0.01698901876807213,5.209737300872803,1.3450114727020264,0.3676222562789917
96,0.08402518182992935,0.11537981033325195,-0.02370823174715042,-0.0076464,0,7.135540008544922,-0.021730665117502213,5.215878486633301,1.3311752080917358,0.3060968518257141
97,0.0896264910697937,0.11403465270996094,-0.017079012468457222,-0.0073291496,0,7.161855697631836,-0.025146467611193657,5.220712184906006,1.3153806924819946,0.24223925173282623
98,0.07867580652236938,0.1109331448872884,-0.02527199685573578,-0.0069853417,0,7.187455654144287,-0.030200866982340813,5.2247419357299805,1.2792526483535767,0.2047826647758484
99,0.1219889298081398,0.12079763412475586,0.04082805477082729,-0.039636753,0,7.21533203125,-0.022035256028175354,5.229761600494385,1.3961387872695923,0.24350030720233917
100,0.10585324466228485,0.11450576782226562,0.006318101659417152,-0.014970619,0,7.241756439208984,-0.020771635696291924,5.233063220977783,1.3215622901916504,0.1640246957540512
101,0.09814684838056564,0.11864662170410156,0.032274434342980385,-0.052774213,0,7.269136428833008,-0.014316748827695847,5.239742755889893,1.370506763458252,0.32777753472328186
102,0.14993716776371002,0.12302096684773763,0.06801752664614469,-0.04110132,0,7.297525882720947,-0.0007132434984669089,5.248081207275391,1.4229893684387207,0.40382838249206543
103,0.04183470830321312,0.12129974365234375,-0.05670005746651441,-0.022764977,0,7.3255181312561035,0.01205325499176979,5.255091190338135,1.404599666595459,0.3402104377746582
104,0.09252336621284485,0.1075299580891927,0.02161083510145545,-0.036617428,0,7.350332736968994,0.007731087971478701,5.257028102874756,1.2435106039047241,0.1078491359949112
105,0.009798821061849594,0.10170300801595052,-0.030105921905487776,-0.061798263,0,7.373802661895752,-0.013752272352576256,5.253711700439453,1.1680086851119995,-0.13800637423992157
106,-0.014184705913066864,0.12244860331217448,-0.09114773012697697,-0.04548558,0,7.402060031890869,-0.03198181837797165,5.247668266296387,1.4072033166885376,-0.2783620059490204
107,0.022095084190368652,0.14508899052937826,-0.0908409059047699,-0.032153,0,7.435542106628418,-0.05014999955892563,5.242061614990234,1.6710572242736816,-0.25398197770118713
108,0.13131026923656464,0.15418275197347006,-0.006836205720901489,-0.016036272,0,7.471122741699219,-0.051517240703105927,5.235187530517578,1.7872158288955688,-0.3316499888896942
109,0.17598015069961548,0.1561870574951172,0.06110064685344696,-0.041307557,0,7.507165908813477,-0.039297111332416534,5.2274580001831055,1.8070749044418335,-0.39398759603500366
110,0.10893301665782928,0.1463597615559896,0.03170302137732506,-0.069129765,0,7.54094123840332,-0.03295650705695152,5.22812032699585,1.702186107635498,0.038713015615940094
111,0.15308326482772827,0.14660358428955078,0.05111020989716053,-0.04463052,0,7.574772834777832,-0.022734465077519417,5.232848167419434,1.6964242458343506,0.2286122590303421
112,0.20175185799598694,0.14383061726888022,0.0872555491514504,-0.02933431,0,7.607964515686035,-0.005283355247229338,5.238459587097168,1.6679695844650269,0.2679259777069092
113,0.12481261789798737,0.13401571909586588,0.022361513692885637,-0.031564612,0,7.638891220092773,0.0008110525086522102,5.238441467285156,1.5562424659729004,0.005600273609161377
114,0.03948264196515083,0.12740151087443033,-0.037961723282933235,-0.049957145,0,7.6682915687561035,-0.008403397165238857,5.232895851135254,1.4697741270065308,-0.2605235278606415
115,0.11183912307024002,0.16618172327677408,-0.01165902242064476,-0.04268358,0,7.70664119720459,-0.01073520164936781,5.223644733428955,1.9169577360153198,-0.45222482085227966
116,0.16013485193252563,0.16611146926879883,0.027738700155168772,-0.033715323,0,7.744974613189697,-0.005187461618334055,5.216758728027344,1.9628846645355225,-0.42628759145736694
117,0.14214245975017548,0.1704713503519694,0.0016625365242362022,-0.029991433,0,7.784314155578613,0.0048549543134868145,5.205472469329834,1.973850965499878,-0.5697497129440308
118,0.067774698138237,0.16193135579427084,-0.05026124184951186,-0.04389542,0,7.821682929992676,0.014907202683389187,5.19549036026001,1.8870861530303955,-0.5120658278465271
119,0.07185714691877365,0.16052420934041342,-0.020071412436664104,-0.068595655,0,7.858726978302002,0.018921485170722008,5.190670490264893,1.8530521392822266,-0.21147474646568298
120,0.1475665271282196,0.14776897430419922,0.03892313223332167,-0.039125577,0,7.89282751083374,0.011136858724057674,5.19786262512207,1.7136849164962769,0.3336823880672455
121,0.15476395189762115,0.14177672068277994,0.027014543302357197,-0.014027316,0,7.9255452156066895,-0.005733950063586235,5.205985069274902,1.6338746547698975,0.41550588607788086
122,0.06215371936559677,0.1427189509073893,-0.05353785119950771,-0.027027383,0,7.958480358123779,-0.016441520303487778,5.213618278503418,1.6438565254211426,0.3927035331726074
123,0.10072144865989685,0.1439050038655599,-0.01720382831990719,-0.02597973,0,7.991689205169678,-0.019882285967469215,5.2205071449279785,1.6592411994934082,0.34820595383644104
124,0.13294489681720734,0.14439884821573892,0.006821891292929649,-0.018275844,0,8.025012016296387,-0.018517907708883286,5.226476192474365,1.6662013530731201,0.2973945140838623
125,0.13749243319034576,0.14637629191080728,0.038936943747103214,-0.047820803,0,8.058791160583496,-0.010730518959462643,5.236992359161377,1.6911007165908813,0.5189511775970459
126,0.14813882112503052,0.14783922831217447,0.02776416949927807,-0.027464578,0,8.092907905578613,0.005177685059607029,5.248263359069824,1.7108662128448486,0.5494121313095093
127,0.10454212129116058,0.13289578755696616,0.014566835016012192,-0.042920496,0,8.123576164245605,0.0022643180564045906,5.253587245941162,1.5355626344680786,0.274352103471756
128,0.05216926708817482,0.12699445088704428,-0.03876169677823782,-0.03606349,0,8.15288257598877,-0.010016657412052155,5.253945827484131,1.464051604270935,0.03787644952535629
129,0.031395360827445984,0.1359415054321289,-0.06233870051801205,-0.042207442,0,8.184253692626953,-0.022484397515654564,5.248506546020508,1.5635186433792114,-0.25445976853370667
130,0.10655394196510315,0.14760780334472656,-0.012117428705096245,-0.02893643,0,8.218317031860352,-0.024907883256673813,5.238775253295898,1.704289197921753,-0.4766830801963806
131,0.17583289742469788,0.15374056498209634,0.05309670232236385,-0.031004366,0,8.253795623779297,-0.014288542792201042,5.228017330169678,1.7706636190414429,-0.5732236504554749
132,0.17916376888751984,0.14796320597330728,0.07120958527593757,-0.04000902,0,8.287940979003906,4.6625737013528123e-05,5.218498706817627,1.7114452123641968,-0.486096054315567
133,0.029028210788965225,0.14480177561442056,-0.057002711091627134,-0.058770854,0,8.321356773376465,0.011447167955338955,5.213746547698975,1.672357201576233,-0.2260935753583908
134,0.06776353716850281,0.14316113789876303,-0.0423779571428895,-0.033019643,0,8.35439395904541,0.019922759383916855,5.2082085609436035,1.6576625108718872,-0.2807650864124298
135,0.13388393819332123,0.14547952016194662,0.02829530742019415,-0.03989088,0,8.38796615600586,0.014263697899878025,5.199418544769287,1.686328411102295,-0.43995431065559387
136,0.1428234726190567,0.14035924275716147,0.03172105643898249,-0.02925682,0,8.420356750488281,-0.007919486612081528,5.1885294914245605,1.6210623979568481,-0.5492406487464905
137,0.05256737768650055,0.13130474090576172,-0.029022302478551865,-0.049715057,0,8.450657844543457,-0.0137239471077919,5.194080829620361,1.5416392087936401,0.21572215855121613
138,0.060372769832611084,0.12479591369628906,-0.02123662270605564,-0.043186523,0,8.479456901550293,-0.01797127164900303,5.204472541809082,1.467223882675171,0.45728427171707153
139,0.10400919616222382,0.1263869603474935,-0.015471605584025383,-0.0069061583,0,8.508623123168945,-0.021065592765808105,5.211606979370117,1.463220477104187,0.33508989214897156
140,0.13874977827072144,0.12996991475423178,0.049829836934804916,-0.041049972,0,8.538616180419922,-0.011099625378847122,5.221214294433594,1.5021698474884033,0.4703304171562195
141,0.12250276654958725,0.13301563262939453,0.01988989533856511,-0.03040276,0,8.56931209564209,0.0071216463111341,5.231321334838867,1.539778232574463,0.48796436190605164
142,0.05711396411061287,0.1258993148803711,-0.0455094245262444,-0.023275923,0,8.598365783691406,0.01622353121638298,5.236763000488281,1.4569127559661865,0.2632284164428711
143,0.08472080528736115,0.12620099385579428,-0.017067184671759605,-0.024413005,0,8.62748908996582,0.0196369681507349,5.238535404205322,1.4577486515045166,0.0858595073223114
144,0.09269259870052338,0.1298211415608724,-0.0037528015673160553,-0.03337574,0,8.657447814941406,0.020387528464198112,5.241954326629639,1.4985735416412354,0.1705571860074997
145,0.03700999170541763,0.1383218765258789,-0.04441096447408199,-0.05690092,0,8.68936824798584,0.02926972135901451,5.247830867767334,1.6019697189331055,0.289069801568985
146,0.016644641757011414,0.13237508138020834,-0.06067616865038872,-0.05505427,0,8.719916343688965,0.041404955089092255,5.258761882781982,1.5460083484649658,0.5355246067047119
147,0.09843325614929199,0.12335364023844402,-0.00034091994166374207,-0.02457947,0,8.748382568359375,0.041473139077425,5.264688014984131,1.4268845319747925,0.3011322021484375
148,0.1526055634021759,0.11852677663167317,0.0883851945400238,-0.054306403,0,8.775734901428223,0.023796100169420242,5.26531982421875,1.364554762840271,0.05735258385539055
149,0.15922921895980835,0.11347262064615886,0.08324736263602972,-0.037490766,0,8.801920890808105,0.007146627642214298,5.260732173919678,1.303589105606079,-0.2083451896905899
150,0.07214474678039551,0.126982053120931,-0.011548548936843872,-0.043288756,0,8.83122444152832,-0.009456337429583073,5.251694679260254,1.4597222805023193,-0.4297717213630676
151,0.020459823310375214,0.13268915812174478,-0.08563946466892958,-0.02658987,0,8.861845016479492,-0.026584230363368988,5.239101409912109,1.5282461643218994,-0.6046793460845947
152,0.15698426961898804,0.1439174016316732,0.03049156628549099,-0.017424703,0,8.89505672454834,-0.02048591710627079,5.226726055145264,1.6434547901153564,-0.6868963837623596
153,0.054077137261629105,0.13146177927652994,-0.04686147905886173,-0.030523162,0,8.925394058227539,-0.029858212918043137,5.214778423309326,1.5513123273849487,-0.6292346119880676
154,0.0950692892074585,0.13285032908121744,0.022432077676057816,-0.060213115,0,8.95605182647705,-0.025371797382831573,5.206700801849365,1.5293495655059814,-0.39015287160873413
155,0.10930448770523071,0.1304616928100586,0.02196132205426693,-0.043118525,0,8.98615837097168,-0.020979532971978188,5.201779365539551,1.5105845928192139,-0.24638216197490692
156,0.08434970676898956,0.11922105153401692,0.0019699055701494217,-0.036841247,0,9.013670921325684,-0.020585551857948303,5.2081804275512695,1.3776346445083618,0.31012216210365295
157,0.10331238806247711,0.11419995625813802,0.00798819586634636,-0.018875761,0,9.040024757385254,-0.01898791268467903,5.216700077056885,1.3172940015792847,0.42442774772644043
158,0.1024126261472702,0.11217912038167317,0.005292072892189026,-0.015058566,0,9.065912246704102,-0.017929498106241226,5.223919868469238,1.294012188911438,0.35972487926483154
159,0.0887901559472084,0.10910447438557942,-0.0055845919996500015,-0.014729725,0,9.091090202331543,-0.019046416506171227,5.22986364364624,1.2581260204315186,0.29792773723602295
160,0.06382834166288376,0.1043561299641927,-0.02612423151731491,-0.014403559,0,9.115172386169434,-0.02427126280963421,5.23481559753418,1.2029876708984375,0.25321081280708313
161,0.11932598799467087,0.11079470316569011,0.03427684307098389,-0.025745565,0,9.140740394592285,-0.01741589419543743,5.240767002105713,1.279985785484314,0.2909562289714813
162,0.1536818891763687,0.11600589752197266,0.07605184451676905,-0.03837586,0,9.167510986328125,-0.002205525292083621,5.24729585647583,1.342565655708313,0.3116108775138855
163,0.009301707148551941,0.11604722340901692,-0.06804806762374938,-0.038697448,0,9.194291114807129,0.015815138816833496,5.254706859588623,1.3441721200942993,0.3531649112701416
164,0.03388281166553497,0.11482397715250652,-0.05538164637982845,-0.02555952,0,9.220788955688477,0.026891468092799187,5.257693290710449,1.3292322158813477,0.13991037011146545
165,0.09932137280702591,0.10615380605061848,0.0564541295170784,-0.063286565,0,9.245285987854004,0.015600642189383507,5.256695747375488,1.229088306427002,-0.0660121738910675
166,0.11820317059755325,0.11498514811197917,0.02176353707909584,-0.018545516,0,9.271821022033691,0.011247934773564339,5.251452445983887,1.3285866975784302,-0.25430262088775635
167,0.10140783339738846,0.11547279357910156,0.007672375068068504,-0.021737337,0,9.298468589782715,0.009713459759950638,5.245988845825195,1.3316632509231567,-0.27061647176742554
168,0.08271276205778122,0.11146831512451172,-0.009031454101204872,-0.0197241,0,9.32419204711914,0.011519750580191612,5.248026371002197,1.2867616415023804,0.09978535771369934
169,0.050680581480264664,0.11378256479899089,-0.017807558178901672,-0.045294423,0,9.350449562072754,0.015081262215971947,5.252784729003906,1.3131961822509766,0.23540334403514862
170,0.13297665119171143,0.10042190551757812,0.06775226735044271,-0.035197522,0,9.373623847961426,0.0015308087458834052,5.252880573272705,1.155840277671814,0.020741570740938187
171,-0.0002657417207956314,0.09789689381917317,-0.07268602319527417,-0.025476612,0,9.396215438842773,-0.01606801338493824,5.249513149261475,1.1276370286941528,-0.145669624209404
172,-0.03644789382815361,0.09507020314534505,-0.10091333650052547,-0.030604761,0,9.4181547164917,-0.036250680685043335,5.2412943840026855,1.0944353342056274,-0.384065181016922
173,-0.0653587207198143,0.09087975819905598,-0.1247774250805378,-0.031461053,0,9.439126968383789,-0.061206165701150894,5.227680683135986,1.0436772108078003,-0.6478487253189087
174,0.06485985219478607,0.12027899424235027,-0.006793085485696793,-0.04862606,0,9.466883659362793,-0.06256478279829025,5.21141242980957,1.3898471593856812,-0.8057974576950073
175,0.07947119325399399,0.14915339152018228,-0.009332001209259033,-0.060350202,0,9.501303672790527,-0.06443118304014206,5.2004876136779785,1.7725013494491577,-0.6172129511833191
176,0.14297552406787872,0.14290904998779297,0.06308084353804588,-0.06301437,0,9.534282684326172,-0.05181501433253288,5.205993175506592,1.669721007347107,0.20930591225624084
177,0.21690014004707336,0.1450042724609375,0.1296680048108101,-0.05777213,0,9.567745208740234,-0.025881413370370865,5.217105388641357,1.690099835395813,0.5080891251564026
178,0.22377894818782806,0.14164861043294272,0.11235865531489253,-0.030228328,0,9.600433349609375,0.0034096823073923588,5.227939605712891,1.6423572301864624,0.5129003524780273
179,0.03675374016165733,0.13660271962483725,-0.08503488963469863,-0.01481409,0,9.631957054138184,0.020416660234332085,5.236032485961914,1.581106424331665,0.388680636882782
180,0.04794999212026596,0.13504886627197266,-0.07076731882989407,-0.016331553,0,9.663122177124023,0.0345701240003109,5.2415947914123535,1.5626469850540161,0.26519888639450073
181,0.06507895141839981,0.13209819793701172,-0.047446805983781815,-0.019572444,0,9.69360637664795,0.04405948519706726,5.244470596313477,1.5277262926101685,0.13579189777374268
182,0.13388581573963165,0.12313461303710938,0.05105143412947655,-0.04030024,0,9.72202205657959,0.03384919837117195,5.245528221130371,1.4174048900604248,0.060409244149923325
183,0.19462108612060547,0.11553064982096355,0.09963520802557468,-0.02054476,0,9.748682975769043,0.013922156766057014,5.246908664703369,1.3266407251358032,0.08872243762016296
184,0.09588195383548737,0.1093606948852539,0.039921728894114494,-0.05340047,0,9.773920059204102,-0.005937810987234116,5.248109817504883,1.2579718828201294,0.08303523808717728
185,-0.060526393353939056,0.10571575164794922,-0.09800296276807785,-0.06823918,0,9.79831600189209,-0.025538403540849686,5.248553276062012,1.219109296798706,0.04895073175430298
186,0.04837155342102051,0.12002277374267578,-0.021615540608763695,-0.050035678,0,9.826013565063477,-0.029861511662602425,5.253214359283447,1.387465476989746,0.24172845482826233
187,0.08643750846385956,0.119415283203125,0.022115763276815414,-0.055093538,0,9.853570938110352,-0.025438359007239342,5.264906406402588,1.3812960386276245,0.5839674472808838
188,0.0684749111533165,0.12699031829833984,0.014750277623534203,-0.07326568,0,9.8828763961792,-0.0224883034825325,5.284946918487549,1.467465877532959,1.0022348165512085
189,0.16675639152526855,0.13132127126057944,0.10949735704343766,-0.074062236,0,9.91318130493164,-0.0005888320738449693,5.309475421905518,1.523371696472168,1.2095293998718262
190,-0.0818890780210495,0.1483310063680013,-0.17630442220252007,-0.05391566,0,9.94741153717041,0.035849716514348984,5.335249423980713,1.724827766418457,1.258644938468933
191,-0.012439491227269173,0.13104025522867838,-0.11347724124789238,-0.030002505,0,9.977651596069336,0.05854516476392746,5.360777378082275,1.5817104578018188,1.2276843786239624
192,0.006697680801153183,0.13913186391194662,-0.09139280766248703,-0.041041374,0,10.009758949279785,0.07682372629642487,5.389455795288086,1.6147522926330566,1.420201063156128
193,0.04393806308507919,0.12537034352620444,-0.04244081676006317,-0.038991466,0,10.038690567016602,0.0853118896484375,5.414706707000732,1.4527971744537354,1.2598737478256226
194,0.030557379126548767,0.12906487782796225,-0.03587912768125534,-0.06262837,0,10.068474769592285,0.09248771518468857,5.430328369140625,1.4936704635620117,0.7801316380500793
195,0.06640788167715073,0.1184854507446289,0.035523101687431335,-0.08760067,0,10.095817565917969,0.0853830948472023,5.441788673400879,1.3648899793624878,0.591330885887146
196,0.08753488212823868,0.11462148030598958,0.051739588379859924,-0.07882618,0,10.122268676757812,0.07503517717123032,5.450791358947754,1.3190884590148926,0.4670819044113159
197,0.13829833269119263,0.10924498240152995,0.07270865142345428,-0.04365531,0,10.147479057312012,0.06049344688653946,5.456378936767578,1.2545346021652222,0.300008088350296
198,0.14043806493282318,0.11220804850260417,0.07875239476561546,-0.05052237,0,10.173373222351074,0.04474296793341637,5.457515716552734,1.290358066558838,0.08341272920370102
199,0.15735626220703125,0.11122449239095052,0.07207314483821392,-0.025941378,0,10.199040412902832,0.030328338965773582,5.454602241516113,1.2770196199417114,-0.129706010222435
200,0.14369158446788788,0.11918385823567708,0.06176200695335865,-0.037254274,0,10.226544380187988,0.017975937575101852,5.446565628051758,1.3704267740249634,-0.3844776749610901
201,0.15145619213581085,0.12628777821858725,0.06502620177343488,-0.039857794,0,10.255687713623047,0.004970697220414877,5.434261798858643,1.4536617994308472,-0.6007741093635559
202,0.10370698571205139,0.12871774037679037,-0.005825469270348549,-0.019185279,0,10.285391807556152,-0.006135791074484587,5.415336608886719,1.4856160879135132,-0.933682382106781
203,0.10993450880050659,0.13403638203938803,0.023783306241966784,-0.04788518,0,10.316323280334473,0.00137912982609123,5.402434349060059,1.5246819257736206,-0.8146599531173706
204,0.02380671724677086,0.1415246327718099,-0.07948912971187383,-0.038228787,0,10.348982810974121,0.017276955768465996,5.383015155792236,1.6383665800094604,-0.9844779968261719
205,0.06229005381464958,0.13878885904947916,-0.03171059302985668,-0.044788215,0,10.381011009216309,0.023619074374437332,5.363971710205078,1.599586844444275,-0.9542611241340637
206,0.07847762107849121,0.13626797993977866,-0.02232280559837818,-0.035467546,0,10.412457466125488,0.02808363549411297,5.3414740562438965,1.5692367553710938,-1.1256351470947266
207,0.0931728333234787,0.13306522369384766,-0.009603351354598999,-0.030289043,0,10.443164825439453,0.030004305765032768,5.313384532928467,1.5358551740646362,-1.4064446687698364
208,0.13537384569644928,0.1283747355143229,0.04629721865057945,-0.0392981,0,10.472789764404297,0.020744862034916878,5.280738353729248,1.478574275970459,-1.6220860481262207
209,0.1929464489221573,0.15669123331705728,0.09347863378934562,-0.057223424,0,10.508949279785156,-0.0020491352770477533,5.254461288452148,1.8110040426254272,-1.3790613412857056
210,-0.03552906587719917,0.13565635681152344,-0.13859150814823806,-0.032593913,0,10.540254592895508,-0.029767436906695366,5.2505879402160645,1.5946046113967896,-0.2683565020561218
211,-0.01457858458161354,0.12661425272623697,-0.08329673670232296,-0.0578961,0,10.569473266601562,-0.04642678424715996,5.25995397567749,1.4807143211364746,0.42864641547203064
212,0.09401997923851013,0.13290818532307944,0.009231343865394592,-0.048119545,0,10.600144386291504,-0.04458051547408104,5.269028663635254,1.5405371189117432,0.44088196754455566
213,0.13162830471992493,0.13547452290852866,0.045109279453754425,-0.048955504,0,10.631407737731934,-0.035558659583330154,5.281919479370117,1.5655527114868164,0.6360820531845093
214,0.195401132106781,0.1387310028076172,0.08896385319530964,-0.032293715,0,10.663422584533691,-0.017765888944268227,5.295988082885742,1.6053961515426636,0.6869552135467529
215,0.18566124141216278,0.1329495112101237,0.062030917033553123,-0.009319181,0,10.694103240966797,-0.005359705537557602,5.30687141418457,1.5406442880630493,0.5373072028160095
216,0.05564866587519646,0.11970456441243489,-0.026113074272871017,-0.037942823,0,10.72172737121582,-0.010582320392131805,5.311909198760986,1.385133147239685,0.2673862874507904
217,-0.015737291425466537,0.12281640370686848,-0.08531678467988968,-0.05323691,0,10.750069618225098,-0.02764567732810974,5.312472343444824,1.4133737087249756,0.05328567698597908
218,0.03678351640701294,0.12848631540934244,-0.05874849855899811,-0.032954298,0,10.779720306396484,-0.03939537703990936,5.306841850280762,1.4885927438735962,-0.24942345917224884
219,0.06872689723968506,0.1276515324910482,-0.027952585369348526,-0.03097205,0,10.809178352355957,-0.04498589411377907,5.2955403327941895,1.472275733947754,-0.5530332922935486
220,0.21853020787239075,0.13885911305745444,0.10673331096768379,-0.027062224,0,10.841222763061523,-0.02363923192024231,5.284552097320557,1.5707296133041382,-0.6589458584785461
221,0.19766363501548767,0.1414626439412435,0.089126022066921,-0.032925017,0,10.873867988586426,-0.00581402750685811,5.266668796539307,1.637052059173584,-0.9116878509521484
222,0.09139640629291534,0.1383053461710612,-0.02299606567248702,-0.023912873,0,10.905784606933594,0.010413240641355515,5.249274730682373,1.6002964973449707,-0.8852850794792175
223,0.005189146846532822,0.14243793487548828,-0.09804973378777504,-0.039199054,0,10.938654899597168,0.030023187398910522,5.230221271514893,1.647491216659546,-0.9699899554252625
224,0.02794981747865677,0.12017567952473958,-0.03642478957772255,-0.05580107,0,10.966387748718262,0.03730814531445503,5.2348127365112305,1.4186058044433594,0.13058754801750183
225,0.064389668405056,0.11615467071533203,-0.018254276365041733,-0.033510722,0,10.993192672729492,0.04095900058746338,5.2444562911987305,1.3525198698043823,0.43488049507141113
226,0.08687743544578552,0.11680761973063152,-0.0022901035845279694,-0.027640086,0,11.020148277282715,0.04141702130436897,5.251798629760742,1.3533644676208496,0.343509316444397
227,0.09741745889186859,0.11851437886555989,0.00931616872549057,-0.030413087,0,11.047497749328613,0.03955378755927086,5.257401943206787,1.3696058988571167,0.2668258547782898
228,0.10090848803520203,0.1203451156616211,0.0181424617767334,-0.03757909,0,11.07526969909668,0.03592529520392418,5.262523651123047,1.3899734020233154,0.24975787103176117
229,0.1024777889251709,0.12275854746500652,0.021429527550935745,-0.041710284,0,11.103598594665527,0.03163938969373703,5.267947673797607,1.4150276184082031,0.27549734711647034
230,0.09914471209049225,0.12528355916341147,0.017050867900252342,-0.043189723,0,11.1325101852417,0.02822921611368656,5.274488925933838,1.4442697763442993,0.3307328522205353
231,0.09349223971366882,0.12801520029703775,0.006757872179150581,-0.04128084,0,11.162052154541016,0.026877641677856445,5.28214168548584,1.4763755798339844,0.3843187689781189
232,0.09207996726036072,0.13054021199544272,-0.0036469195038080215,-0.03481333,0,11.192176818847656,0.02760702557861805,5.289973258972168,1.5061439275741577,0.3912222683429718
233,0.09559205919504166,0.1320196787516276,-0.007821200415492058,-0.028606422,0,11.22264289855957,0.02917126566171646,5.296976566314697,1.523436188697815,0.34900161623954773
234,0.11294292658567429,0.13129647572835287,0.005767820402979851,-0.024121365,0,11.252942085266113,0.02801770158112049,5.302619457244873,1.5144133567810059,0.28379395604133606
235,0.1426541954278946,0.12950706481933594,0.03375459462404251,-0.020607455,0,11.282828330993652,0.02126678265631199,5.306231498718262,1.492256999015808,0.18789106607437134
236,0.13139212131500244,0.13321812947591147,0.036495872773230076,-0.03832189,0,11.313570976257324,0.013967608101665974,5.3105669021606445,1.5348318815231323,0.22459997236728668
237,0.07434782385826111,0.14253711700439453,-0.0007142685353755951,-0.06747502,0,11.346464157104492,0.014110461808741093,5.319888591766357,1.6459180116653442,0.46815595030784607
238,0.04869568347930908,0.14290491739908853,-0.02187343779951334,-0.072335795,0,11.37944221496582,0.01848514936864376,5.336649417877197,1.6509426832199097,0.8359502553939819
239,0.12745994329452515,0.13414382934570312,0.03695980180054903,-0.043643683,0,11.410398483276367,0.011093189008533955,5.352146625518799,1.5489503145217896,0.788185179233551
240,0.07413791120052338,0.1229238510131836,0.014724759384989738,-0.0635107,0,11.438765525817871,-0.008148237131536007,5.358107089996338,1.4151060581207275,0.3255159556865692
241,-0.05602332577109337,0.11913013458251953,-0.09527463931590319,-0.07987882,0,11.466257095336914,-0.027203164994716644,5.360910415649414,1.3740742206573486,0.14362473785877228
242,0.0036244429647922516,0.12009716033935547,-0.08881889283657074,-0.027653825,0,11.493971824645996,-0.04496694356203079,5.35860538482666,1.3804184198379517,-0.09239428490400314
243,0.06530322134494781,0.13788382212320963,-0.033264774829149246,-0.039315827,0,11.52579116821289,-0.05161989852786064,5.35299825668335,1.5898903608322144,-0.2682402431964874
244,0.14959098398685455,0.1480747858683268,0.04320913925766945,-0.041692942,0,11.559962272644043,-0.04297807067632675,5.344000816345215,1.713804841041565,-0.4526951014995575
245,0.19984804093837738,0.15265369415283203,0.09461665526032448,-0.04742231,0,11.595190048217773,-0.024054739624261856,5.335132122039795,1.7687060832977295,-0.45434239506721497
246,0.20088157057762146,0.15140978495279947,0.11958253424381837,-0.070110746,0,11.630130767822266,-0.00013823277549818158,5.331966400146484,1.758249282836914,-0.16425473988056183
247,0.04517550766468048,0.1508932113647461,-0.08400263119256124,-0.021715077,0,11.664952278137207,0.01693875901401043,5.3213982582092285,1.7510627508163452,-0.5428563952445984
248,0.08710595965385437,0.12946160634358725,0.01578084658831358,-0.058136497,0,11.694828033447266,0.013782589696347713,5.309912204742432,1.5057740211486816,-0.6054961681365967
249,0.12400233745574951,0.1282383600870768,0.052187254186719656,-0.056423277,0,11.724421501159668,-0.0033451388590037823,5.293715953826904,1.475123643875122,-0.7866674065589905
250,0.006550822407007217,0.1299740473429362,-0.09365325095131993,-0.029769976,0,11.754415512084961,-0.02207578904926777,5.273606300354004,1.4919257164001465,-0.9918853044509888
251,0.022794324904680252,0.13189156850179037,-0.08730289526283741,-0.021794349,0,11.784852027893066,-0.03953636810183525,5.249447345733643,1.5150783061981201,-1.1896419525146484
252,0.14039722084999084,0.14516544342041016,0.02178959548473358,-0.02655781,0,11.818351745605469,-0.035178449004888535,5.225641250610352,1.6398967504501343,-1.2710968255996704
253,0.06321395188570023,0.10979874928792317,-0.010336823761463165,-0.036247976,0,11.843689918518066,-0.03724581375718117,5.227734565734863,1.2713358402252197,0.017070816829800606
254,0.07367995381355286,0.09857877095540364,0.0003653578460216522,-0.025264174,0,11.866438865661621,-0.03717274218797684,5.238071918487549,1.149794578552246,0.4802982807159424
255,0.10000992566347122,0.09970283508300781,0.021128393709659576,-0.020821301,0,11.889447212219238,-0.03294706344604492,5.246706008911133,1.1561509370803833,0.4130181074142456
256,0.10502025485038757,0.09978548685709636,0.026664473116397858,-0.021429706,0,11.912474632263184,-0.02761416882276535,5.2532148361206055,1.1554203033447266,0.3107419013977051
257,0.1348428577184677,0.10297171274820964,0.06180805154144764,-0.029936906,0,11.936237335205078,-0.015252558514475822,5.2599992752075195,1.1913371086120605,0.32299116253852844
258,0.14298459887504578,0.10494295756022136,0.06933007331099361,-0.031288426,0,11.960454940795898,0.0013865438522771,5.266358852386475,1.2156530618667603,0.30050402879714966
259,0.0005460511893033981,0.10347175598144531,-0.07323778176214546,-0.029687922,0,11.984333038330078,0.016034100204706192,5.27184534072876,1.1989022493362427,0.261043906211853
260,0.03755155950784683,0.09910774230957031,-0.03498014993965626,-0.026576035,0,12.007204055786133,0.023030130192637444,5.276137351989746,1.1477444171905518,0.2106752097606659
261,0.0781274363398552,0.09214433034261067,0.01574479043483734,-0.029761685,0,12.028468132019043,0.019881172105669975,5.279385566711426,1.0659183263778687,0.17062674462795258
262,0.11566942930221558,0.08781750996907552,0.06417852360755205,-0.036326606,0,12.048733711242676,0.007045467384159565,5.28183650970459,1.0113365650177002,0.137304425239563
263,0.058476369827985764,0.09312788645426433,-0.0015229475684463978,-0.03312857,0,12.07022476196289,-0.0073500568978488445,5.28448486328125,1.070394515991211,0.14711400866508484
264,0.018843229860067368,0.10433546702067058,-0.045366177801042795,-0.04012606,0,12.0943021774292,-0.016423292458057404,5.28780460357666,1.203288197517395,0.17836478352546692
265,0.06909356266260147,0.10887718200683594,0.01039168331772089,-0.0501753,0,12.119427680969238,-0.014344955794513226,5.293876647949219,1.2600358724594116,0.3060525953769684
266,0.09017355740070343,0.10638936360677083,0.0014769285917282104,-0.017692734,0,12.1439790725708,-0.014049570076167583,5.296166896820068,1.2348312139511108,0.12057382613420486
267,0.13558074831962585,0.10893917083740234,0.04958503879606724,-0.02294347,0,12.169118881225586,-0.004132562316954136,5.298434734344482,1.2645214796066284,0.10816916823387146
268,0.09340469539165497,0.09879366556803386,0.015801857225596905,-0.021190826,0,12.191917419433594,0.0009721908718347549,5.301549434661865,1.2033861875534058,0.10974212735891342
269,0.014808803796768188,0.1063852310180664,-0.030948000494390726,-0.06062843,0,12.21646785736084,0.0071617909707129,5.307687282562256,1.2301439046859741,0.30198779702186584
270,0.0998690128326416,0.10123602549235027,0.025009196251630783,-0.026376206,0,12.239830017089844,0.0021599517203867435,5.310810565948486,1.168924331665039,0.16392555832862854
271,0.09514759480953217,0.09987640380859375,0.008595300314482301,-0.013324108,0,12.26287841796875,-0.00044089165749028325,5.311367511749268,1.1563091278076172,0.033976662904024124
272,-0.04707016423344612,0.08876800537109375,-0.08848371071508154,-0.04735446,0,12.283363342285156,-0.018137633800506592,5.310599327087402,1.0224227905273438,-0.016364416107535362
273,-0.06217656284570694,0.08413950602213542,-0.11141085997223854,-0.034905206,0,12.302780151367188,-0.0404198057949543,5.310385227203369,0.9682042002677917,0.017767412588000298
274,-0.012808868661522865,0.08861096700032552,-0.0647522509098053,-0.036667585,0,12.32322883605957,-0.05337025597691536,5.310580253601074,1.021523356437683,0.028186464682221413
275,0.04943322390317917,0.10416603088378906,0.003496408462524414,-0.058229215,0,12.347267150878906,-0.05267097428441048,5.3159308433532715,1.202829360961914,0.2691868841648102
276,0.08083910495042801,0.10606702168782552,0.0431804358959198,-0.06840835,0,12.371744155883789,-0.04403488710522652,5.327725887298584,1.2271114587783813,0.5848102569580078
277,0.09819106012582779,0.10264937082926433,0.038327183574438095,-0.042785488,0,12.395432472229004,-0.0363694503903389,5.338947772979736,1.1888872385025024,0.5618108510971069
278,0.05510769039392471,0.09631411234537761,0.006838440895080566,-0.04804486,0,12.417658805847168,-0.035001762211322784,5.341552257537842,1.1131982803344727,0.14012368023395538
279,-0.011727340519428253,0.08754889170328777,-0.019648894667625427,-0.079627335,0,12.437862396240234,-0.03893154114484787,5.340913772583008,1.0142583847045898,-0.0906447246670723
280,0.07607487589120865,0.10210386912027995,0.015948805958032608,-0.0419778,0,12.461424827575684,-0.03574177995324135,5.336974143981934,1.1778042316436768,-0.19861367344856262
281,0.16324853897094727,0.13244120279947916,0.08440326899290085,-0.053595934,0,12.491988182067871,-0.01886112615466118,5.334554195404053,1.5322903394699097,-0.1363305151462555
282,0.15095052123069763,0.14733505249023438,0.07187082897871733,-0.068255365,0,12.525988578796387,-0.004486960358917713,5.33141565322876,1.7039531469345093,-0.16592179238796234
283,0.11612046509981155,0.1636959711710612,0.00911716721020639,-0.056692667,0,12.563764572143555,0.0026635269168764353,5.328978061676025,1.8885457515716553,-0.11983471363782883
284,0.10516919940710068,0.1806023915608724,-0.03514456911943853,-0.04028862,0,12.60544204711914,0.009692440740764141,5.3259968757629395,2.08273983001709,-0.14078791439533234
285,0.12036945670843124,0.1819744110107422,-0.03025041427463293,-0.03135454,0,12.647436141967773,0.015742523595690727,5.318960189819336,2.1003079414367676,-0.3482505679130554
286,0.024991782382130623,0.1937068303426107,-0.14228186570107937,-0.026433183,0,12.692137718200684,0.0441988967359066,5.3125762939453125,2.218319892883301,-0.41974762082099915
287,0.04587668925523758,0.1927191416422526,-0.11617867276072502,-0.03066378,0,12.736611366271973,0.0674346312880516,5.299679279327393,2.2370734214782715,-0.660054087638855
288,0.11906589567661285,0.1776599884033203,-0.034896060824394226,-0.023698034,0,12.777609825134277,0.07441384345293045,5.287987232208252,2.0833072662353516,-0.6127774119377136
289,0.12186280637979507,0.18189175923665366,-0.026843734085559845,-0.03318522,0,12.819584846496582,0.07978259027004242,5.275086402893066,2.104198694229126,-0.6448443531990051
290,0.16637976467609406,0.18323071797688803,0.02965625375509262,-0.04650721,0,12.861868858337402,0.0738513395190239,5.262879371643066,2.118271589279175,-0.6043166518211365
291,0.21140682697296143,0.17751121520996094,0.10568840429186821,-0.071792774,0,12.902832984924316,0.05271365866065025,5.254215240478516,2.0440242290496826,-0.40282511711120605
292,0.29793593287467957,0.15691026051839194,0.16211303882300854,-0.02108739,0,12.939043045043945,0.020291050896048546,5.2600016593933105,1.800863265991211,0.32198745012283325
293,0.2086591124534607,0.15295950571695963,0.09814690740313381,-0.042447306,0,12.97434139251709,-0.0006616694154217839,5.270164966583252,1.7583701610565186,0.5317851901054382
294,0.06171488016843796,0.15405877431233725,-0.054457564256154,-0.03788633,0,13.009893417358398,-0.011553182266652584,5.280428886413574,1.7747209072113037,0.5253775119781494
295,0.10983840376138687,0.155517578125,0.0027374736964702606,-0.04841665,0,13.045782089233398,-0.011005687527358532,5.2941694259643555,1.7943036556243896,0.6876336932182312
296,0.16875727474689484,0.1581417719523112,0.04735999274998903,-0.03674449,0,13.082276344299316,0.0015336889773607254,5.309017658233643,1.8282305002212524,0.731701672077179
297,0.05281361564993858,0.15821202596028647,-0.0896832812577486,-0.015715126,0,13.118786811828613,0.019470345228910446,5.321724891662598,1.8321704864501953,0.6212940812110901
298,0.10519213229417801,0.14322312672932944,-0.005447575822472572,-0.032583423,0,13.151838302612305,0.02055986039340496,5.328919887542725,1.6595312356948853,0.371137797832489
299,0.1605362892150879,0.14644654591878256,0.07206597598269582,-0.05797624,0,13.185633659362793,0.006146665196865797,5.331197738647461,1.6855682134628296,0.13350559771060944
300,0.11350830644369125,0.14699204762776694,0.000781775452196598,-0.03426551,0,13.219554901123047,-0.005990310106426477,5.327883720397949,1.6916875839233398,-0.14743945002555847
301,0.097664475440979,0.15354633331298828,-0.03257543547078967,-0.023306422,0,13.254988670349121,-0.012505397200584412,5.317376136779785,1.767481803894043,-0.5116381645202637
302,0.1743975579738617,0.15691852569580078,0.03978144843131304,-0.022302419,0,13.291200637817383,0.004549107514321804,5.311534404754639,1.7780952453613281,-0.45917320251464844
303,0.10044623911380768,0.15669949849446616,-0.023850789293646812,-0.03240247,0,13.327362060546875,0.009319265373051167,5.301516532897949,1.8098024129867554,-0.5046871900558472
304,0.0718621164560318,0.15938568115234375,-0.060142637230455875,-0.02738093,0,13.364143371582031,0.02134779281914234,5.290776252746582,1.8406317234039307,-0.5458497405052185
305,0.07455740869045258,0.1575962702433268,-0.05104268901050091,-0.031996172,0,13.400511741638184,0.03155633062124252,5.2784199714660645,1.826212763786316,-0.620396614074707
306,0.13672375679016113,0.1580963134765625,0.018585706129670143,-0.039958276,0,13.436995506286621,0.027839189395308495,5.264609336853027,1.8334578275680542,-0.69136643409729
307,0.16921934485435486,0.14329751332600912,0.05864460952579975,-0.03272278,0,13.470064163208008,0.016110267490148544,5.267480850219727,1.6534096002578735,0.1567327231168747
308,0.16880649328231812,0.1336520512898763,0.07406719087157398,-0.03891275,0,13.500906944274902,0.0012968293158337474,5.276227951049805,1.5456548929214478,0.44879311323165894
309,0.08157917112112045,0.13232135772705078,-0.03450355085078627,-0.016238635,0,13.531442642211914,-0.008197539485991001,5.282378673553467,1.5260740518569946,0.3203895688056946
310,0.10811060667037964,0.13968563079833984,-0.011495975777506828,-0.020079043,0,13.563677787780762,-0.010496734641492367,5.287405490875244,1.6147750616073608,0.257631778717041
311,0.11848588287830353,0.13773504892985025,0.026982310228049755,-0.046231482,0,13.595462799072266,-0.005100272595882416,5.2971510887146,1.6027101278305054,0.4753807783126831
312,0.10112763941287994,0.1403344472249349,-0.01917918212711811,-0.020027626,0,13.627847671508789,0.008936109021306038,5.306061744689941,1.6240205764770508,0.4331628978252411
313,0.08940674364566803,0.13330491383870444,-0.026333960704505444,-0.017564207,0,13.658610343933105,0.014202901162207127,5.310541152954102,1.5425159931182861,0.22277824580669403
314,0.14038532972335815,0.12171300252278645,0.05906783160753548,-0.040395506,0,13.686697959899902,0.0023893348407000303,5.309647560119629,1.4030731916427612,-0.02743104100227356
315,0.027721595019102097,0.12508932749430338,-0.057637180434539914,-0.039730553,0,13.715564727783203,-0.013916770927608013,5.303338050842285,1.439797282218933,-0.28961285948753357
316,0.024033382534980774,0.1435124079386393,-0.08343472611159086,-0.0360443,0,13.748682975769043,-0.030603716149926186,5.294658660888672,1.6580464839935303,-0.40800610184669495
317,0.14372467994689941,0.1553192138671875,0.005452195182442665,-0.017046727,0,13.784525871276855,-0.029513277113437653,5.2845458984375,1.7977479696273804,-0.50100177526474
318,0.09026148915290833,0.14895915985107422,-0.024131741374731064,-0.034565926,0,13.818901062011719,-0.034339625388383865,5.275071620941162,1.7189686298370361,-0.4658479392528534
319,0.12789186835289001,0.15176518758138022,0.01300819218158722,-0.03688151,0,13.853923797607422,-0.03173798695206642,5.264433860778809,1.7525124549865723,-0.5332400798797607
320,0.13771063089370728,0.1513849894205729,0.01476977951824665,-0.028444134,0,13.888858795166016,-0.02878403104841709,5.252277374267578,1.7479143142700195,-0.6102829575538635
321,0.07529661804437637,0.13606961568196616,-0.02681219018995762,-0.033960804,0,13.920259475708008,-0.034146469086408615,5.256021499633789,1.5684505701065063,0.1880173683166504
322,0.10435573756694794,0.13118489583333334,-0.0142708420753479,-0.012558316,0,13.950532913208008,-0.037000637501478195,5.2640204429626465,1.5122885704040527,0.4037066698074341
323,0.11565601825714111,0.12769699096679688,-0.0003976188600063324,-0.011643348,0,13.980001449584961,-0.03708016127347946,5.270417213439941,1.4752769470214844,0.3230675458908081
324,0.13583025336265564,0.13111050923665366,0.012915655970573425,-0.008195899,0,14.010257720947266,-0.03449703007936478,5.275547981262207,1.514615774154663,0.2555226683616638
325,0.15622803568840027,0.13614813486735025,0.06765690632164478,-0.047577,0,14.04167652130127,-0.02096564881503582,5.283469200134277,1.5770310163497925,0.3859513998031616
326,0.18700775504112244,0.13286272684733072,0.0964981340803206,-0.0423531,0,14.07233715057373,-0.0016660219989717007,5.293412685394287,1.5420235395431519,0.4832907021045685
327,0.08703052997589111,0.12015914916992188,0.006794749933760613,-0.039923374,0,14.100066184997559,-0.00030707201221957803,5.294554233551025,1.3936411142349243,0.0704253762960434
328,-0.006317466497421265,0.1079721450805664,-0.055550117685925215,-0.058739495,0,14.124982833862305,-0.011417095549404621,5.294076919555664,1.2684998512268066,-0.07729854434728622
329,0.037713609635829926,0.12835407257080078,-0.036579095758497715,-0.054061368,0,14.154603004455566,-0.018732914701104164,5.287209510803223,1.477277398109436,-0.3318319618701935
330,0.1398700475692749,0.1421982447306315,0.03835014998912811,-0.040678345,0,14.187417984008789,-0.011062884703278542,5.279272556304932,1.6461352109909058,-0.39867115020751953
331,0.15165889263153076,0.14197095235188803,0.04319125670008361,-0.03350333,0,14.22018051147461,-0.002424633363261819,5.267651557922363,1.6465128660202026,-0.5831359028816223
332,-0.0048360880464315414,0.1252587636311849,-0.09801741573028266,-0.032077435,0,14.249086380004883,-0.022028116509318352,5.254195690155029,1.4509044885635376,-0.6540309190750122
333,0.041621726006269455,0.1294368108113607,-0.045083388686180115,-0.0427317,0,14.278956413269043,-0.031044794246554375,5.241640090942383,1.4871844053268433,-0.6158221364021301
334,0.0799974575638771,0.12754408518473306,0.0115286186337471,-0.059075244,0,14.308389663696289,-0.028739070519804955,5.233920097351074,1.4734278917312622,-0.3784412741661072
335,0.10880609601736069,0.12878799438476562,0.026459312066435814,-0.046441205,0,14.338109970092773,-0.023447208106517792,5.228883743286133,1.4870257377624512,-0.25663766264915466
336,0.06663033366203308,0.11710103352864583,-0.02506938762962818,-0.025401307,0,14.365133285522461,-0.028461085632443428,5.232570648193359,1.349692463874817,0.18873223662376404
337,0.06914247572422028,0.11270809173583984,-0.032572848722338676,-0.010992762,0,14.391142845153809,-0.03497565537691116,5.238558769226074,1.298301100730896,0.3070649206638336
338,0.08032409846782684,0.11041450500488281,-0.02190524712204933,-0.008185166,0,14.41662311553955,-0.03935670480132103,5.243636131286621,1.27308189868927,0.25944241881370544
339,0.08635473996400833,0.10892264048258464,-0.017101746052503586,-0.005466153,0,14.44175910949707,-0.04277705401182175,5.247650623321533,1.2563480138778687,0.20520256459712982
340,0.12642571330070496,0.11843172709147136,0.04705911502242088,-0.039065123,0,14.46908950805664,-0.03336523100733757,5.252545356750488,1.3712295293807983,0.2385295182466507
341,0.11880938708782196,0.11308828989664714,0.012775799259543419,-0.007054701,0,14.495186805725098,-0.030810071155428886,5.256101131439209,1.3058149814605713,0.17409870028495789
342,0.05985139682888985,0.10471566518147786,-0.027771396562457085,-0.017092872,0,14.519351959228516,-0.0363643504679203,5.2585225105285645,1.2093623876571655,0.1297856718301773
343,0.04382839798927307,0.10249646504720052,-0.04723839461803436,-0.011429671,0,14.543004989624023,-0.045812029391527176,5.260549545288086,1.1821407079696655,0.11354129016399384
344,0.0727146565914154,0.10749276479085286,-0.009191036224365234,-0.025587076,0,14.567811012268066,-0.04765023663640022,5.26301383972168,1.2408881187438965,0.12707185745239258
345,0.004656709730625153,0.09685961405436198,-0.06870323792099953,-0.023499666,0,14.590163230895996,-0.06139088422060013,5.263085842132568,1.1173334121704102,0.0219128280878067
346,0.02068762481212616,0.09791342417399089,-0.06262898445129395,-0.014596815,0,14.61275863647461,-0.07391668111085892,5.263738632202148,1.1284432411193848,0.048075802624225616
347,0.07264852523803711,0.11687374114990234,0.013526827096939087,-0.05775204,0,14.639729499816895,-0.0712113156914711,5.268226623535156,1.3511555194854736,0.22529089450836182
348,0.14435456693172455,0.11908880869547527,0.05831358954310417,-0.03304782,0,14.667211532592773,-0.059548597782850266,5.271176338195801,1.3791223764419556,0.13951392471790314
349,0.12765514850616455,0.11763827006022136,0.03551281988620758,-0.02549595,0,14.694358825683594,-0.05244603380560875,5.271928310394287,1.3641966581344604,0.0365813709795475
350,0.09712547063827515,0.11774984995524089,0.05633987486362457,-0.07696426,0,14.721531867980957,-0.041178058832883835,5.280313968658447,1.3631832599639893,0.41076621413230896
351,0.1342308223247528,0.1223287582397461,0.07894604466855526,-0.067043975,0,14.749761581420898,-0.025388849899172783,5.294641971588135,1.41637122631073,0.7027378082275391
352,0.0625552162528038,0.10785643259684245,-0.004256460815668106,-0.041044757,0,14.774651527404785,-0.026240142062306404,5.3063645362854,1.2489882707595825,0.5933291912078857
353,-0.014327134937047958,0.09775638580322266,-0.05431623198091984,-0.05776729,0,14.797210693359375,-0.03710338845849037,5.308551788330078,1.1273573637008667,0.13011591136455536
354,-0.025426942855119705,0.0926980972290039,-0.06677748635411263,-0.051347554,0,14.818602561950684,-0.0504588857293129,5.308633804321289,1.0744554996490479,-0.00872194953262806
355,0.015545528382062912,0.1045214335123698,-0.05624648183584213,-0.032729425,0,14.84272289276123,-0.06170818209648132,5.304288864135742,1.2026145458221436,-0.1991787850856781
356,0.029566407203674316,0.12920125325520834,-0.05815930664539337,-0.041475542,0,14.872538566589355,-0.07334004342556,5.299684047698975,1.4990389347076416,-0.20376195013523102
357,0.06910131871700287,0.15311241149902344,-0.050625279545784,-0.03338581,0,14.907872200012207,-0.0834650993347168,5.29536247253418,1.7654480934143066,-0.1986037939786911
358,0.20061984658241272,0.16604328155517578,0.05701117217540741,-0.0224346,0,14.946189880371094,-0.07206286489963531,5.29121208190918,1.8909238576889038,-0.27586090564727783
359,0.1866801679134369,0.16516717274983725,0.05739295855164528,-0.035879962,0,14.984305381774902,-0.06058427318930626,5.283997058868408,1.9118449687957764,-0.36794790625572205
360,0.17895880341529846,0.1597865422566732,0.06614314392209053,-0.04697088,0,15.02117919921875,-0.04735564440488815,5.276491641998291,1.8486380577087402,-0.3797850012779236
361,0.17888355255126953,0.15745162963867188,0.08155613206326962,-0.060124196,0,15.057514190673828,-0.03104441799223423,5.2748026847839355,1.8238282203674316,-0.07887217402458191
362,0.1906517595052719,0.15744336446126303,0.06205950863659382,-0.02885111,0,15.093847274780273,-0.018632516264915466,5.2729597091674805,1.8216053247451782,-0.10175351053476334
363,0.1732766032218933,0.15851783752441406,0.03601691219955683,-0.021258146,0,15.130428314208984,-0.0114291338250041,5.26853609085083,1.8293448686599731,-0.22976823151111603
364,0.11071158945560455,0.15609614054361978,-0.02103589940816164,-0.02434865,0,15.166450500488281,-0.01563631370663643,5.261104583740234,1.7994846105575562,-0.3673214316368103
365,0.0763673335313797,0.1546497344970703,-0.0592920184135437,-0.018990386,0,15.202138900756836,-0.02749471738934517,5.252511024475098,1.7810231447219849,-0.41752156615257263
366,0.06357255578041077,0.15000470479329428,-0.05346568301320076,-0.03296647,0,15.23675537109375,-0.03818785399198532,5.254578113555908,1.7281321287155151,0.11349652707576752
367,0.10420243442058563,0.1540215810139974,0.002879798412322998,-0.05269894,0,15.272298812866211,-0.03761189430952072,5.262025356292725,1.7767337560653687,0.3722713887691498
368,0.17065872251987457,0.15837732950846353,0.05909351631999016,-0.046812113,0,15.308847427368164,-0.02579319104552269,5.273990154266357,1.8298922777175903,0.5870482325553894
369,0.19691883027553558,0.15624078114827475,0.07184977177530527,-0.031171724,0,15.344902992248535,-0.011423236690461636,5.287396430969238,1.808761715888977,0.6600974798202515
370,0.1158396378159523,0.14551671346028647,0.005022427067160606,-0.034699507,0,15.378483772277832,-0.010418751277029514,5.295676231384277,1.6829558610916138,0.4185878336429596
371,0.13432098925113678,0.14478524525960287,0.010419301688671112,-0.020883564,0,15.411895751953125,-0.008334890939295292,5.2998480796813965,1.6743159294128418,0.2119491547346115
372,0.13741829991340637,0.1607824961344401,0.014979031402617693,-0.038343225,0,15.448999404907227,0.005339084658771753,5.30377721786499,1.8617082834243774,0.18802665174007416
373,-0.03952261060476303,0.16589864095052084,-0.1493460568599403,-0.056075197,0,15.487283706665039,0.03520829603075981,5.31215238571167,1.9242312908172607,0.39243221282958984
374,-0.057115182280540466,0.17172559102376303,-0.1863347925245762,-0.04250598,0,15.526912689208984,0.07247525453567505,5.323151588439941,1.9961833953857422,0.518829882144928
375,0.011214494705200195,0.15623251597086588,-0.10403349995613098,-0.040984523,0,15.562966346740723,0.09328195452690125,5.332581520080566,1.8190257549285889,0.451932817697525
376,0.1013660803437233,0.14670276641845703,0.00901792198419571,-0.0543546,0,15.596820831298828,0.0914783701300621,5.339999675750732,1.6973673105239868,0.3782866895198822
377,0.12243978679180145,0.13473892211914062,0.05523640662431717,-0.067535535,0,15.627914428710938,0.08043108880519867,5.339028835296631,1.551971435546875,-0.03735994175076485
378,0.12121054530143738,0.1406691869099935,0.04045877605676651,-0.059917416,0,15.66037654876709,0.07233933359384537,5.334036350250244,1.6195311546325684,-0.23477011919021606
379,0.18121355772018433,0.1361109415690104,0.09438531473279,-0.049282704,0,15.691786766052246,0.05346227064728737,5.326839447021484,1.5644581317901611,-0.3359690308570862
380,0.22383321821689606,0.1397393544514974,0.1329251006245613,-0.04883124,0,15.724034309387207,0.026877250522375107,5.3170318603515625,1.6018829345703125,-0.46989595890045166
381,0.242149218916893,0.14038403828938803,0.12754954164847732,-0.025784362,0,15.756430625915527,-0.0013673421926796436,5.303167819976807,1.6095088720321655,-0.663888692855835
382,0.0007420601323246956,0.1411733627319336,-0.12662612600252032,-0.013805176,0,15.789009094238281,-0.026692567393183708,5.284684658050537,1.6202328205108643,-0.8966143131256104
383,0.05605445057153702,0.1502567927042643,-0.06607052870094776,-0.028131811,0,15.823683738708496,-0.03990667313337326,5.2661261558532715,1.730046033859253,-0.9137704372406006
384,0.10229337960481644,0.15495967864990234,-0.02060122787952423,-0.03206507,0,15.859443664550781,-0.04402691870927811,5.24667501449585,1.784947156906128,-0.9663732647895813
385,0.11709751188755035,0.15325291951497397,0.025066956877708435,-0.06122236,0,15.89480972290039,-0.03901352733373642,5.2321295738220215,1.77169668674469,-0.7228807210922241
386,0.12393183261156082,0.14264869689941406,0.032206978648900986,-0.050923847,0,15.927728652954102,-0.03257213160395622,5.237102031707764,1.6518189907073975,0.21949368715286255
387,0.1686754822731018,0.13692506154378256,0.03576650284230709,-0.0040160883,0,15.95932674407959,-0.025418831035494804,5.245128154754639,1.5816912651062012,0.39529940485954285
388,0.1299302577972412,0.13060220082600912,0.012210262939333916,-0.012882196,0,15.989465713500977,-0.02297677844762802,5.250842571258545,1.5097450017929077,0.28705400228500366
389,0.19112753868103027,0.13872273763020834,0.07871383568271995,-0.02630903,0,16.0214786529541,-0.007234011311084032,5.256135940551758,1.605494737625122,0.2506314516067505
390,0.08575433492660522,0.1435826619466146,-0.022875487338751554,-0.034952838,0,16.05461311340332,0.011809108778834343,5.261545181274414,1.6643797159194946,0.2552313208580017
391,0.01888105645775795,0.13463973999023438,-0.08016366511583328,-0.03559502,0,16.085683822631836,0.027841841802001,5.267900466918945,1.5624874830245972,0.30846869945526123
392,0.08213584125041962,0.11931610107421875,0.019624242559075356,-0.05680451,0,16.113218307495117,0.02391699329018593,5.2675676345825195,1.3809428215026855,3.971834757976467e-06
393,0.1229124665260315,0.11403465270996094,0.05630278494209051,-0.047424972,0,16.13953399658203,0.012656436301767826,5.261653900146484,1.3125253915786743,-0.27625373005867004
394,0.13107192516326904,0.11911773681640625,0.06249778380151838,-0.050543595,0,16.167022705078125,0.00015687954146414995,5.2515339851379395,1.3683592081069946,-0.4879254996776581
395,0.05543678253889084,0.15193875630696616,-0.04734935180749744,-0.04915262,0,16.202085494995117,-0.009626749902963638,5.242513656616211,1.7472176551818848,-0.436423659324646
396,0.2037753164768219,0.18639628092447916,0.04772553416842129,-0.030346502,0,16.245100021362305,8.164306927938014e-05,5.2374587059021,2.1479222774505615,-0.27333155274391174
397,0.08764773607254028,0.18446222941080728,-0.055781586197554134,-0.04103291,0,16.287668228149414,0.011237960308790207,5.230706214904785,2.134561538696289,-0.34387847781181335
398,0.07529988884925842,0.1853631337483724,-0.06394434720277786,-0.046118904,0,16.3304443359375,0.02402682974934578,5.222727298736572,2.145120859146118,-0.4035285711288452
399,0.09811193495988846,0.17052714029947916,-0.0018354132771492004,-0.07057979,0,16.369796752929688,0.02439391240477562,5.2212958335876465,1.96962571144104,-0.04446182772517204
400,0.2064889520406723,0.16914685567220053,0.05368215497583151,-0.016340058,0,16.408830642700195,0.013657481409609318,5.217528820037842,1.9484832286834717,-0.17702019214630127
401,0.19416774809360504,0.1672210693359375,0.0498134212102741,-0.022866739,0,16.447420120239258,-0.0036947971675544977,5.212951183319092,1.9243896007537842,-0.2107035219669342
402,0.05057808756828308,0.16613006591796875,-0.07896858151070774,-0.036583394,0,16.48575782775879,-0.019488513469696045,5.209691524505615,1.9127295017242432,-0.14627206325531006
403,0.09054963290691376,0.15952618916829428,-0.026120319962501526,-0.04285623,0,16.522571563720703,-0.02471257746219635,5.2161478996276855,1.8392404317855835,0.32793113589286804
404,0.1443597376346588,0.15926170349121094,0.021749325096607208,-0.03665129,0,16.559324264526367,-0.02036271244287491,5.225083827972412,1.8384182453155518,0.4440142810344696
405,0.18043622374534607,0.16117095947265625,0.06992033449932933,-0.05065507,0,16.59651756286621,-0.006378645543009043,5.238424777984619,1.862959861755371,0.6539710164070129
406,0.0860552117228508,0.1632537841796875,-0.05231846822425723,-0.024880104,0,16.634191513061523,0.01684233918786049,5.2519145011901855,1.89040207862854,0.6532616019248962
407,0.0868479311466217,0.1513849894205729,-0.035580769181251526,-0.028956288,0,16.669126510620117,0.023958493024110794,5.25927734375,1.7536472082138062,0.368513822555542
408,0.14845579862594604,0.13980547587076822,0.07694235071539879,-0.06829202,0,16.70138931274414,0.008570022881031036,5.262730121612549,1.6186697483062744,0.16984888911247253
409,0.13096299767494202,0.14544232686360678,0.03017282928340137,-0.044652164,0,16.734952926635742,-0.0025354570243507624,5.260358810424805,1.674221396446228,-0.10033949464559555
410,0.05722564831376076,0.15436871846516928,-0.0607192178722471,-0.03642385,0,16.77057647705078,-0.014679300598800182,5.253073692321777,1.78988516330719,-0.34160465002059937
411,0.19248738884925842,0.16661771138509116,0.042637798469513655,-0.01676813,0,16.80902671813965,-0.006151740904897451,5.245622634887695,1.912807822227478,-0.41915902495384216
412,0.10976464301347733,0.15752601623535156,-0.019854011479765177,-0.027907364,0,16.845378875732422,-0.010122543200850487,5.2371625900268555,1.8185522556304932,-0.42118602991104126
413,0.1705554723739624,0.16221237182617188,0.04353645257651806,-0.035193346,0,16.8828125,-0.001415252685546875,5.227797031402588,1.870879888534546,-0.4733624756336212
414,0.051259785890579224,0.15664990743001303,-0.043668681755661964,-0.061721437,0,16.918962478637695,0.010148989036679268,5.223813056945801,1.8151555061340332,-0.2009383738040924
415,0.12573644518852234,0.1584599812825521,-0.004275636747479439,-0.028447904,0,16.955530166625977,0.011004116386175156,5.216615676879883,1.8273897171020508,-0.36457616090774536
416,0.18381302058696747,0.15520350138346353,0.04937902675010264,-0.020769507,0,16.99134635925293,0.0011283110361546278,5.207511901855469,1.7872657775878906,-0.44561851024627686
417,0.03511405363678932,0.14287185668945312,-0.07486353279091418,-0.032894272,0,17.024316787719727,-0.016101017594337463,5.211156845092773,1.642031192779541,0.20359203219413757
418,0.0787210464477539,0.14196268717447916,-0.022516660392284393,-0.04072498,0,17.057077407836914,-0.020604349672794342,5.219255447387695,1.63605535030365,0.4116379916667938
419,0.11517222225666046,0.14345868428548178,0.022931834682822227,-0.051218305,0,17.09018325805664,-0.016017982736229897,5.232124328613281,1.6560702323913574,0.6395512819290161
420,0.183232843875885,0.14713668823242188,0.07141910551581532,-0.03532295,0,17.12413787841797,0.001734161633066833,5.2465667724609375,1.7022464275360107,0.7054504752159119
421,0.03858303278684616,0.14511998494466147,-0.0922556227305904,-0.014281327,0,17.15762710571289,0.020185286179184914,5.2585954666137695,1.6818666458129883,0.5872066020965576
422,0.08371511101722717,0.13573900858561197,-0.01222049817442894,-0.039803404,0,17.18895149230957,0.0226293858140707,5.262302875518799,1.569438099861145,0.18925121426582336
423,0.13644713163375854,0.12739944458007812,0.0736014498397708,-0.06455377,0,17.218351364135742,0.007909095846116543,5.264229774475098,1.4854084253311157,0.0657840147614479
424,0.09187710285186768,0.13500340779622397,-0.0034498097375035286,-0.039676502,0,17.2495059967041,-0.008599057793617249,5.260313034057617,1.5571269989013672,-0.1739463061094284
425,0.026948262006044388,0.13892110188802084,-0.08581581525504589,-0.026157025,0,17.281564712524414,-0.025762220844626427,5.251924514770508,1.600082278251648,-0.39574888348579407
426,0.15127043426036835,0.14946746826171875,0.016279658302664757,-0.014476683,0,17.316057205200195,-0.022506289184093475,5.243107318878174,1.717350721359253,-0.4754699170589447
427,0.06881178915500641,0.13942527770996094,-0.03574565052986145,-0.034867838,0,17.34823226928711,-0.029655419290065765,5.235424041748047,1.634342074394226,-0.4070984721183777
428,0.10794243216514587,0.14586385091145834,0.0017371494323015213,-0.039658558,0,17.381893157958984,-0.02930798940360546,5.225597381591797,1.6778409481048584,-0.4881770610809326
429,0.13770458102226257,0.14019393920898438,0.05682981573045254,-0.05931917,0,17.41424560546875,-0.017942026257514954,5.220945835113525,1.6314103603363037,-0.22241130471229553
430,0.19352436065673828,0.1422602335611979,0.08835337401251309,-0.037089244,0,17.44707489013672,-0.0002713514550123364,5.217902660369873,1.6464613676071167,-0.16892389953136444
431,0.08699478954076767,0.1419048309326172,-0.01913766420329921,-0.035772376,0,17.479822158813477,0.004098884295672178,5.208655834197998,1.6382328271865845,-0.46591126918792725
432,0.05156419426202774,0.13022613525390625,-0.033556942362338305,-0.045104995,0,17.50987434387207,-0.01081027276813984,5.197516441345215,1.5078834295272827,-0.5705475807189941
433,0.005177810788154602,0.13321812947591147,-0.10377311147749424,-0.024267208,0,17.540616989135742,-0.03156489506363869,5.183063507080078,1.5315991640090942,-0.7010515928268433
434,-0.006345486268401146,0.13443311055501303,-0.10690150782465935,-0.03387709,0,17.571640014648438,-0.05294519662857056,5.169342517852783,1.54585599899292,-0.6633541584014893
435,0.04405025392770767,0.13849957784016928,-0.03313085064291954,-0.061318472,0,17.603601455688477,-0.059571366757154465,5.1633687019348145,1.5827723741531372,-0.2886676490306854
436,0.0852825716137886,0.12934176127115884,0.015224665403366089,-0.05928386,0,17.63344955444336,-0.05652643367648125,5.169802665710449,1.493174433708191,0.3178030252456665
437,0.13987037539482117,0.13030878702799478,0.061448290944099426,-0.051886715,0,17.66352081298828,-0.04423677548766136,5.180754661560059,1.5059535503387451,0.5355859994888306
438,0.2092340588569641,0.13288752237955728,0.11317268013954163,-0.036826156,0,17.69418716430664,-0.021602239459753036,5.193924903869629,1.5389797687530518,0.6366704106330872
439,0.17847439646720886,0.13453229268391928,0.07059779250994325,-0.026655696,0,17.72523307800293,0.007482680957764387,5.206808090209961,1.5609620809555054,0.6171813607215881
440,0.017870858311653137,0.12223370869954427,-0.06948733003810048,-0.03487552,0,17.753440856933594,0.021380146965384483,5.21572732925415,1.421067237854004,0.4416615068912506
441,0.08412091434001923,0.11161295572916667,0.02813231199979782,-0.055624347,0,17.779197692871094,0.01575368456542492,5.218661785125732,1.2910979986190796,0.1653842031955719
442,0.1254585236310959,0.1259943644205729,0.04239479312673211,-0.04293063,0,17.808273315429688,0.007274725940078497,5.215759754180908,1.4649298191070557,-0.11739105731248856
443,0.137129008769989,0.15195528666178384,0.02641133265569806,-0.04123761,0,17.843339920043945,0.0019924594089388847,5.210718631744385,1.7521783113479614,-0.23974110186100006
444,0.08785495907068253,0.15163294474283853,-0.03278245683759451,-0.030995525,0,17.878332138061523,0.008548950776457787,5.20891809463501,1.7775158882141113,-0.19891780614852905
445,0.12197552621364594,0.14652506510416666,0.0023257220163941383,-0.026875254,0,17.912145614624023,-0.008083806373178959,5.205255508422852,1.6861382722854614,-0.16585837304592133
446,0.034469060599803925,0.14873186747233072,-0.06374603603035212,-0.05051677,0,17.946468353271484,-0.020833013579249382,5.203371047973633,1.7082265615463257,-0.0781707838177681
447,0.013794496655464172,0.14429346720377603,-0.05219089798629284,-0.078308076,0,17.979766845703125,-0.03127119317650795,5.206801891326904,1.663979172706604,0.1960664689540863
448,0.10729733109474182,0.14539273579915366,-0.003386475145816803,-0.034708936,0,18.01331901550293,-0.03194848820567131,5.211260795593262,1.6768136024475098,0.2243727445602417
449,0.1474406123161316,0.1461944580078125,0.022575892508029938,-0.021329725,0,18.047056198120117,-0.027433309704065323,5.2149834632873535,1.6874476671218872,0.18216632306575775
450,0.1787547767162323,0.14735984802246094,0.07807477843016386,-0.046679847,0,18.08106231689453,-0.01181835401803255,5.222753524780273,1.704047441482544,0.37369975447654724
451,0.11655943095684052,0.1500377655029297,0.0019281916320323944,-0.03540653,0,18.115686416625977,0.011432715691626072,5.231750965118408,1.737423300743103,0.42762044072151184
452,0.06908854097127914,0.14237594604492188,-0.03516949247568846,-0.038117915,0,18.148542404174805,0.018466614186763763,5.232720851898193,1.6447960138320923,0.04387553036212921
453,0.13899096846580505,0.13184611002604166,0.06010499782860279,-0.052960146,0,18.17896842956543,0.006445614621043205,5.2318243980407715,1.54043710231781,-0.1051671952009201
454,0.10740306973457336,0.13936742146809897,-0.002619335427880287,-0.02934502,0,18.211130142211914,-0.006969481706619263,5.2250237464904785,1.603263258934021,-0.3230712115764618
455,0.10570641607046127,0.14624404907226562,-0.025324970483779907,-0.015212664,0,18.2448787689209,-0.012034475803375244,5.219665050506592,1.6820423603057861,-0.27039650082588196
456,0.07870105654001236,0.14779790242513022,-0.03185010515153408,-0.03724674,0,18.27898597717285,-0.01840449683368206,5.215598106384277,1.700918436050415,-0.19522720575332642
457,0.08451401442289352,0.14545059204101562,0.007396135479211807,-0.06833271,0,18.312551498413086,-0.0169252697378397,5.215660572052002,1.6780377626419067,0.011538551189005375
458,0.12859800457954407,0.1460704803466797,0.0021698325872421265,-0.019642316,0,18.34626007080078,-0.016491303220391273,5.214181423187256,1.6852566003799438,-0.07382921874523163
459,0.12145468592643738,0.14645067850748697,-0.0019692163914442062,-0.023026783,0,18.380056381225586,-0.016885146498680115,5.211495876312256,1.6893320083618164,-0.13356511294841766
460,0.12178537249565125,0.13762346903483072,0.008025895804166794,-0.023863986,0,18.411815643310547,-0.015279967337846756,5.217061519622803,1.5881733894348145,0.2761659324169159
461,0.13581043481826782,0.1338628133138021,0.011585075408220291,-0.009637455,0,18.442707061767578,-0.012962952256202698,5.2245564460754395,1.5445655584335327,0.37343284487724304
462,0.14602172374725342,0.13657379150390625,0.05267941043712199,-0.04323147,0,18.474224090576172,-0.0024270701687783003,5.235565662384033,1.5783241987228394,0.5404983758926392
463,0.03574076294898987,0.1398798624674479,-0.07081610732711852,-0.03332299,0,18.50650405883789,0.016590291634202003,5.247752666473389,1.6192405223846436,0.5914049744606018
464,0.038389623165130615,0.13695398966471353,-0.07742979563772678,-0.02113457,0,18.538108825683594,0.03207625076174736,5.257934093475342,1.5863460302352905,0.49689435958862305
465,0.08923281729221344,0.1258703867594401,0.0048341043293476105,-0.041471675,0,18.567155838012695,0.031109429895877838,5.259911060333252,1.4557075500488281,0.10836943984031677
466,0.1345750093460083,0.11659685770670573,0.08934913203120232,-0.07137097,0,18.59406280517578,0.013239603489637375,5.26055383682251,1.3655178546905518,-0.022257709875702858
467,0.13483268022537231,0.12673823038736978,0.052095691207796335,-0.044001233,0,18.623310089111328,-0.002820465248078108,5.255235195159912,1.4568800926208496,-0.24522367119789124
468,0.03608669340610504,0.15547625223795572,-0.08015581639483571,-0.039233744,0,18.659189224243164,-0.01885162852704525,5.250948429107666,1.8010553121566772,-0.18517276644706726
469,0.1767272800207138,0.16827901204427084,0.02561945468187332,-0.017171195,0,18.698022842407227,-0.013727737590670586,5.24683952331543,1.925711750984192,-0.25676989555358887
470,0.17000848054885864,0.16723759969075522,0.040103551000356674,-0.03733266,0,18.736616134643555,-0.005707027390599251,5.240383625030518,1.9350882768630981,-0.32577407360076904
471,0.11952120810747147,0.1535008748372396,0.02631940704304725,-0.060299076,0,18.77203941345215,0.00044314598198980093,5.241901874542236,1.7861788272857666,0.06765998154878616
472,0.03650381788611412,0.15488115946451822,-0.0818749686004594,-0.036502372,0,18.807781219482422,0.01681813970208168,5.245302677154541,1.7918524742126465,0.15431250631809235
473,0.023497547954320908,0.15612920125325522,-0.09817646816372871,-0.034455184,0,18.84381103515625,0.03645343333482742,5.248666286468506,1.8076428174972534,0.14924660325050354
474,0.09095683693885803,0.15494728088378906,-0.02431632950901985,-0.039674122,0,18.879568099975586,0.04131669923663139,5.244980335235596,1.7886689901351929,-0.18860480189323425
475,0.16855263710021973,0.13959884643554688,0.08384806104004383,-0.05489427,0,18.91178321838379,0.024547087028622627,5.239253520965576,1.6274245977401733,-0.3290311396121979
476,0.16653792560100555,0.14760780334472656,0.038709165528416634,-0.019779047,0,18.945846557617188,0.0168052539229393,5.22909688949585,1.699988842010498,-0.4996175169944763
477,0.10259809345006943,0.1509552001953125,-0.020265839993953705,-0.02809126,0,18.980682373046875,0.02085842192173004,5.2183685302734375,1.74309241771698,-0.5396745800971985
478,0.09488892555236816,0.14771525065104166,0.005606859922409058,-0.05843319,0,19.0147705078125,0.01973704993724823,5.21191930770874,1.7052582502365112,-0.3119843900203705
479,0.15734800696372986,0.1306311289469401,0.06232696585357189,-0.035610087,0,19.0449161529541,0.007271656766533852,5.218597888946533,1.5061981678009033,0.3394995331764221
480,0.1030978411436081,0.12467193603515625,-0.005839094519615173,-0.015735004,0,19.073686599731445,-0.008439475670456886,5.228015422821045,1.4334628582000732,0.4875667989253998
481,0.07510799169540405,0.12557284037272134,-0.029812376014888287,-0.02065247,0,19.102664947509766,-0.014401950873434544,5.236845970153809,1.4468681812286377,0.44814103841781616
482,0.10517562925815582,0.12630844116210938,-0.0023964280262589455,-0.018736381,0,19.131813049316406,-0.014881236478686333,5.244936466217041,1.4569098949432373,0.40525346994400024
483,0.13766281306743622,0.12770525614420572,0.05004934035241604,-0.04009178,0,19.161283493041992,-0.004871368408203125,5.255627632141113,1.4759098291397095,0.5249016880989075
484,0.05735020339488983,0.13008562723795572,-0.04395018331706524,-0.028785244,0,19.191303253173828,0.013661405071616173,5.266689777374268,1.506178855895996,0.5354442596435547
485,0.01276678591966629,0.12879625956217447,-0.09262070991098881,-0.023408763,0,19.221025466918945,0.032185547053813934,5.276099681854248,1.492786169052124,0.4547959566116333
486,0.06996715068817139,0.12014261881510417,-0.005803331732749939,-0.044372134,0,19.248750686645508,0.03334621340036392,5.280115127563477,1.388148307800293,0.20001621544361115
487,0.14179785549640656,0.11263783772786458,0.07158912718296051,-0.04242911,0,19.274744033813477,0.01902838796377182,5.279677391052246,1.2961382865905762,-0.0039154840633273125
488,0.14097271859645844,0.11472066243489583,0.06925541907548904,-0.04300336,0,19.301218032836914,-0.005177304148674011,5.274998188018799,1.3153828382492065,-0.20711031556129456
489,0.07493618875741959,0.14740943908691406,-0.03834329079836607,-0.034129962,0,19.335235595703125,-0.012845962308347225,5.270837306976318,1.7015923261642456,-0.19459454715251923
490,0.1426585167646408,0.1512610117594401,0.027331223245710135,-0.035933718,0,19.370141983032227,-0.007379717659205198,5.26577091217041,1.7514865398406982,-0.2515333890914917
491,0.07112160325050354,0.1488475799560547,-0.016149880830198526,-0.0615761,0,19.404491424560547,0.010609693825244904,5.2660088539123535,1.7268978357315063,0.01551982294768095
492,0.008345529437065125,0.13926823933919272,-0.09339583106338978,-0.03752688,0,19.436630249023438,0.02928886003792286,5.2703776359558105,1.6362910270690918,0.185677632689476
493,0.016255192458629608,0.13592084248860678,-0.08072200231254101,-0.03894365,0,19.46799659729004,0.04543326050043106,5.279053211212158,1.5751160383224487,0.4200381636619568
494,0.09324315190315247,0.12266349792480469,0.010004900395870209,-0.039425254,0,19.49630355834961,0.04343228042125702,5.284037113189697,1.4184989929199219,0.2560335099697113
495,0.1315481960773468,0.12453969319661458,0.029073655605316162,-0.022065142,0,19.525043487548828,0.03761754930019379,5.284774303436279,1.4422889947891235,0.04590565711259842
496,0.1475013941526413,0.1369043986002604,0.03611426800489426,-0.025517274,0,19.556636810302734,0.030394695699214935,5.280477523803711,1.5800607204437256,-0.20372074842453003
497,0.15461300313472748,0.13704490661621094,0.04119351506233215,-0.02362542,0,19.5882625579834,0.022155992686748505,5.272022247314453,1.5835434198379517,-0.408566951751709
498,0.1600952446460724,0.11554718017578125,0.06100582890212536,-0.016457759,0,19.614927291870117,0.009954826906323433,5.275827884674072,1.332062005996704,0.20371510088443756
499,0.13232342898845673,0.1101086934407552,0.03935613320209086,-0.017141398,0,19.640336990356445,0.002083600265905261,5.283637523651123,1.2685937881469727,0.4005608856678009
500,0.06903572380542755,0.11252212524414062,-0.01241453574039042,-0.031071866,0,19.666303634643555,0.004566507413983345,5.292687892913818,1.2993630170822144,0.4506266713142395
501,0.03383328765630722,0.1152661641438802,-0.054433271288871765,-0.026999602,0,19.692903518676758,0.015453161671757698,5.301661014556885,1.3330836296081543,0.4383518099784851
502,0.020773300901055336,0.11650594075520833,-0.0694004725664854,-0.026332168,0,19.719789505004883,0.02933325618505478,5.309029579162598,1.3487296104431152,0.3560393154621124
503,0.0626714825630188,0.11031532287597656,-0.02430874854326248,-0.023335094,0,19.74524688720703,0.034195005893707275,5.31376838684082,1.2761976718902588,0.23514847457408905
504,0.11183331906795502,0.10882759094238281,0.04222949035465717,-0.03922376,0,19.770360946655273,0.02574910782277584,5.311243534088135,1.258101463317871,-0.11694588512182236
505,0.1701044738292694,0.09835561116536458,0.11284537380561233,-0.041096516,0,19.793058395385742,0.0031800330616533756,5.3066864013671875,1.1563645601272583,-0.29211074113845825
506,-0.00015649572014808655,0.11983680725097656,-0.08270960068330169,-0.037283704,0,19.82071304321289,-0.019721953198313713,5.299656391143799,1.3757727146148682,-0.3250659108161926
507,0.08726135641336441,0.13328425089518228,-0.02875605598092079,-0.01726684,0,19.851470947265625,-0.02547316439449787,5.291253566741943,1.5401334762573242,-0.40865105390548706
508,0.12176641821861267,0.13622665405273438,0.0296760443598032,-0.044136286,0,19.88290786743164,-0.01953795552253723,5.282536029815674,1.5772240161895752,-0.43332070112228394
509,0.07706256210803986,0.12557284037272134,0.01840018667280674,-0.06691046,0,19.91188621520996,-0.015857918187975883,5.279726505279541,1.4682331085205078,-0.13306817412376404
510,0.15595252811908722,0.12235768636067708,0.07585559855215251,-0.042260747,0,19.940122604370117,-0.0006867984775453806,5.286657810211182,1.4216827154159546,0.3154561519622803
511,-0.005821842700242996,0.12287012736002605,-0.09971652063541114,-0.02897545,0,19.968477249145508,0.02063010260462761,5.295146465301514,1.4240802526474,0.4046729803085327
512,0.031517092138528824,0.11777051289876302,-0.053740739822387695,-0.032512683,0,19.995655059814453,0.03137825056910515,5.300559043884277,1.3633559942245483,0.25788232684135437
513,0.09536884725093842,0.11151377360026042,0.029592067003250122,-0.045737,0,20.02138900756836,0.025459837168455124,5.300891399383545,1.284796118736267,0.022761233150959015
514,0.16752579808235168,0.10305023193359375,0.1024674461223185,-0.037991878,0,20.045169830322266,0.004966347943991423,5.297337532043457,1.1832960844039917,-0.15413214266300201
515,-0.0023614484816789627,0.09932263692220052,-0.07215438643470407,-0.029529698,0,20.068090438842773,-0.019397225230932236,5.288976192474365,1.1397526264190674,-0.3875979781150818
516,0.038847632706165314,0.11437352498372395,-0.04022078588604927,-0.035305105,0,20.094484329223633,-0.02744138240814209,5.279556751251221,1.31801176071167,-0.4604293406009674
517,0.0977933257818222,0.13426780700683594,-0.002469448372721672,-0.03400503,0,20.125469207763672,-0.027935272082686424,5.28566312789917,1.5659117698669434,0.2950020134449005
518,0.13612496852874756,0.13138326009114584,0.05283116362988949,-0.04808946,0,20.15578842163086,-0.017369039356708527,5.296429634094238,1.524344801902771,0.5276637077331543
519,0.1751592606306076,0.13068072001139322,0.07432913058437407,-0.029850591,0,20.185945510864258,-0.0025032132398337126,5.305942058563232,1.5151312351226807,0.4654313921928406
520,-0.000536896288394928,0.12892023722330728,-0.09147982695139945,-0.037977308,0,20.215696334838867,0.0207991786301136,5.317357540130615,1.4956390857696533,0.5499787330627441
521,-0.03596268966794014,0.12968063354492188,-0.1360797882080078,-0.029563535,0,20.245622634887695,0.048015136271715164,5.328086853027344,1.5066816806793213,0.5151582360267639
522,0.04392366111278534,0.12459754943847656,-0.05595443770289421,-0.024719445,0,20.274375915527344,0.059206023812294006,5.335163116455078,1.442875862121582,0.3452540934085846
523,0.1136602908372879,0.1111005147298177,0.05874350666999817,-0.056183726,0,20.30001449584961,0.04745732247829437,5.337604999542236,1.2839196920394897,0.1416153460741043
524,0.1397469937801361,0.11243947347005208,0.05738046020269394,-0.030072937,0,20.32596206665039,0.035981230437755585,5.341004371643066,1.299946904182434,0.17552155256271362
525,0.17588084936141968,0.11219151814778645,0.09310080669820309,-0.02941148,0,20.351852416992188,0.017361069098114967,5.343023777008057,1.2885921001434326,0.11875776946544647
526,0.16884520649909973,0.10763740539550781,0.08025788643863052,-0.01905009,0,20.376691818237305,-0.001309491810388863,5.345617294311523,1.2362964153289795,0.14876092970371246
527,-0.009859337471425533,0.10268656412760417,-0.08777257928159088,-0.024773322,0,20.400388717651367,-0.01886400766670704,5.3477935791015625,1.1816480159759521,0.12953244149684906
528,0.08072749525308609,0.11972935994466145,0.019342796877026558,-0.058344655,0,20.42801856994629,-0.014995448291301727,5.352144718170166,1.3871732950210571,0.21988902986049652
529,0.14151516556739807,0.11670430501302083,0.0746073108894052,-0.04979645,0,20.4549503326416,-7.398611342068762e-05,5.36025333404541,1.3557322025299072,0.39871683716773987
530,-0.05510798469185829,0.12899462381998697,-0.12628275908355135,-0.05781985,0,20.484718322753906,0.02533053793013096,5.371039867401123,1.4992624521255493,0.5190265774726868
531,-0.02447069063782692,0.11933263142903645,-0.1109399925917387,-0.03286333,0,20.512256622314453,0.0475185364484787,5.382117748260498,1.396293044090271,0.5356995463371277
532,0.028183043003082275,0.11967150370279948,-0.04807775840163231,-0.043410704,0,20.539873123168945,0.05713408812880516,5.3965864181518555,1.388397455215454,0.7184773087501526
533,0.0736229419708252,0.10544713338216145,0.006442125886678696,-0.038266316,0,20.564207077026367,0.05584566295146942,5.408212661743164,1.2202166318893433,0.588148295879364
534,0.11106240749359131,0.09913253784179688,0.04001038148999214,-0.028080508,0,20.58708381652832,0.04784358665347099,5.412558555603027,1.1435490846633911,0.23090365529060364
535,0.12566033005714417,0.10340563456217448,0.06654011085629463,-0.04428541,0,20.610946655273438,0.03453556448221207,5.410569667816162,1.1897053718566895,-0.07511557638645172
536,0.09310488402843475,0.09363619486490886,0.05131004378199577,-0.05184135,0,20.63255500793457,0.024273555725812912,5.406321048736572,1.09360933303833,-0.2718360424041748
537,0.1165153831243515,0.10140546162923177,0.0618469063192606,-0.046736985,0,20.655956268310547,0.011904174461960793,5.396835803985596,1.165332317352295,-0.4567413330078125
538,0.12807631492614746,0.12625885009765625,0.05061511357780546,-0.048797645,0,20.68509292602539,-0.0017811517463997006,5.388646125793457,1.452005386352539,-0.39045095443725586
539,0.028926823288202286,0.12967236836751303,-0.07305133563932031,-0.02769421,0,20.715017318725586,-0.016391418874263763,5.376501560211182,1.4937150478363037,-0.5854169130325317
540,0.15741263329982758,0.1390533447265625,0.03135891631245613,-0.012999626,0,20.747106552124023,-0.010119635611772537,5.36409854888916,1.5933595895767212,-0.6585673689842224
541,0.1601659059524536,0.14176432291666666,0.05028701081755571,-0.031885434,0,20.779821395874023,6.22334482613951e-05,5.348129749298096,1.6399787664413452,-0.806609570980072
542,0.019278939813375473,0.11531575520833333,-0.03605091871577315,-0.059985895,0,20.806432723999023,0.007272417191416025,5.353165149688721,1.3362065553665161,0.24022828042507172
543,0.01941520906984806,0.10996818542480469,-0.06325652590021491,-0.027296452,0,20.831809997558594,0.019923722371459007,5.363437175750732,1.272361397743225,0.5025985240936279
544,0.04796591401100159,0.1039263407389323,-0.036221230402588844,-0.019739196,0,20.855792999267578,0.027167968451976776,5.371128082275391,1.2053378820419312,0.38354840874671936
545,0.06843210756778717,0.09771919250488281,0.0010913331061601639,-0.03037842,0,20.87834358215332,0.026949701830744743,5.373520851135254,1.1346696615219116,0.13175830245018005
546,0.12150615453720093,0.09078470865885417,0.08263939525932074,-0.051917955,0,20.899293899536133,0.010421822778880596,5.371014595031738,1.0446544885635376,-0.10247631371021271
547,0.062357787042856216,0.09600830078125,0.0030599068850278854,-0.036710422,0,20.921449661254883,-0.009809841401875019,5.363407135009766,1.1106020212173462,-0.3488406538963318
548,0.107708640396595,0.14216931660970053,0.0016088783740997314,-0.03606955,0,20.95425796508789,-0.009488065727055073,5.362401962280273,1.621958613395691,-0.09231067448854446
549,0.11183001101016998,0.12796147664388022,0.023484823759645224,-0.039616287,0,20.983787536621094,-0.004791100975126028,5.369409561157227,1.481533408164978,0.3493381142616272
550,0.07721580564975739,0.12304369608561198,-0.009173569269478321,-0.036654327,0,21.012182235717773,0.006625814829021692,5.378960132598877,1.4284569025039673,0.47794070839881897
551,0.01733153499662876,0.11567942301432292,-0.07613784400746226,-0.022210045,0,21.038877487182617,0.021853383630514145,5.387881278991699,1.3435598611831665,0.4383392632007599
552,0.06463698297739029,0.11104265848795573,-0.023662559688091278,-0.022743111,0,21.064502716064453,0.0265858955681324,5.395010948181152,1.283396601676941,0.3532058894634247
553,0.07144251465797424,0.10818290710449219,-0.02021889202296734,-0.016521502,0,21.089468002319336,0.030629673972725868,5.40084981918335,1.2497596740722656,0.2885870039463043
554,0.07873000204563141,0.10506693522135417,-0.009310347959399223,-0.017026592,0,21.11371421813965,0.03249174356460571,5.406263828277588,1.2127400636672974,0.26924607157707214
555,0.07753822952508926,0.1023394266764323,-0.011522863060235977,-0.013278333,0,21.137331008911133,0.03479631617665291,5.411203861236572,1.1814324855804443,0.24500343203544617
556,0.07395760715007782,0.0997937520345052,-0.013719610869884491,-0.012116534,0,21.16036033630371,0.037540238350629807,5.415714740753174,1.1522778272628784,0.22306451201438904
557,0.06928369402885437,0.09745470682779948,-0.017257891595363617,-0.010913115,0,21.182849884033203,0.04099181666970253,5.419790744781494,1.1254403591156006,0.2006562352180481
558,0.06654718518257141,0.0951983133951823,-0.018644966185092926,-0.010006162,0,21.204818725585938,0.044720809906721115,5.423449516296387,1.099556565284729,0.17956489324569702
559,0.06853514909744263,0.09277661641438802,-0.014490168541669846,-0.0097513,0,21.226228713989258,0.047618843615055084,5.426660537719727,1.0715949535369873,0.15819388628005981
560,0.06841596961021423,0.0904375712076823,-0.012755729258060455,-0.009265868,0,21.247098922729492,0.050169989466667175,5.429452419281006,1.0446498394012451,0.1377802938222885
561,0.06669195741415024,0.08812332153320312,-0.011676251888275146,-0.009755111,0,21.26743507385254,0.052505239844322205,5.431881904602051,1.017948865890503,0.11999477446079254
562,0.05906584858894348,0.08608182271321614,-0.015584006905555725,-0.01143197,0,21.28730010986328,0.05562204122543335,5.4339919090271,0.994652271270752,0.1031564250588417
563,0.0500149168074131,0.08399899800618489,-0.022193677723407745,-0.011790401,0,21.306684494018555,0.0600607767701149,5.435839653015137,0.970930278301239,0.08849693089723587
564,0.0415240116417408,0.0833295186360677,-0.0264793261885643,-0.01532618,0,21.32591438293457,0.06535664200782776,5.43739128112793,0.963304340839386,0.07256274670362473
565,0.09552836418151855,0.07070032755533855,0.07302822545170784,-0.048200186,0,21.34222984313965,0.05075099691748619,5.438215255737305,0.8111432194709778,0.056018345057964325
566,0.15168482065200806,0.05991427103678385,0.13059760443866253,-0.03882707,0,21.356056213378906,0.024631476029753685,5.43894100189209,0.6854087114334106,0.0663745179772377
567,0.1545468121767044,0.0586249033610026,0.12291605773498304,-0.026994148,0,21.369585037231445,4.826448275707662e-05,5.439657688140869,0.6720895171165466,0.06607949733734131
568,-0.06388501822948456,0.06674957275390625,-0.09321806210209616,-0.037416525,0,21.38498878479004,-0.018691876903176308,5.440728187561035,0.7667801976203918,0.07618308812379837
569,-0.06551402062177658,0.06002171834309896,-0.10712933726608753,-0.018406404,0,21.398839950561523,-0.040117744356393814,5.440439701080322,0.6930003762245178,0.013870038092136383
570,-0.03368585556745529,0.06424522399902344,-0.06271271035075188,-0.03521837,0,21.413665771484375,-0.05266028642654419,5.440540790557861,0.7395668029785156,0.021286236122250557
571,0.020656906068325043,0.08032925923665364,-0.007897485047578812,-0.051774867,0,21.43220329284668,-0.05423978343605995,5.443378925323486,0.9279699325561523,0.14772194623947144
572,0.05562365800142288,0.0819409688313802,0.03292527049779892,-0.059242584,0,21.451112747192383,-0.04765472933650017,5.450206756591797,0.9474897384643555,0.33673095703125
573,0.017051689326763153,0.07092348734537761,-0.020832736045122147,-0.033039063,0,21.467479705810547,-0.0518212765455246,5.452624320983887,0.8187049627304077,0.12946325540542603
574,0.07647506892681122,0.0795605977376302,0.03374788910150528,-0.03683342,0,21.48583984375,-0.04507169872522354,5.455818176269531,0.9204900860786438,0.15650667250156403
575,0.17818745970726013,0.1019757588704427,0.13972949236631393,-0.0635178,0,21.50937271118164,-0.017125800251960754,5.462813854217529,1.1842995882034302,0.3262491524219513
576,0.10376904159784317,0.10105832417805989,0.04164682701230049,-0.038936116,0,21.53269386291504,0.008796434849500656,5.464691638946533,1.1834827661514282,0.08387255668640137
577,-0.02333766594529152,0.11912600199381511,-0.08709087036550045,-0.055372797,0,21.560184478759766,0.026214608922600746,5.468663215637207,1.381992220878601,0.18785572052001953
578,0.037609949707984924,0.1162249247233073,-0.010366914793848991,-0.06824806,0,21.587005615234375,0.028287991881370544,5.469898223876953,1.3419798612594604,0.07040847837924957
579,0.04859035462141037,0.12198575337727864,-0.025885775685310364,-0.047509626,0,21.615156173706055,0.03346514701843262,5.4646687507629395,1.4093477725982666,-0.25046730041503906
580,0.08851652592420578,0.11303456624348958,0.02378382720053196,-0.04830187,0,21.6412410736084,0.028708381578326225,5.459338188171387,1.3322135210037231,-0.3262568414211273
581,0.11930305510759354,0.11205101013183594,0.030588191002607346,-0.023336148,0,21.667098999023438,0.022590743377804756,5.4487433433532715,1.291515588760376,-0.5227323174476624
582,0.08224252611398697,0.11718368530273438,-0.005983402952551842,-0.028957754,0,21.694141387939453,0.023787423968315125,5.433783054351807,1.3515048027038574,-0.7451319694519043
583,0.06371918320655823,0.11987813313802083,-0.022479752078652382,-0.03367919,0,21.721805572509766,0.0282833743840456,5.420746803283691,1.3807575702667236,-0.6965124011039734
584,0.07468946278095245,0.12208493550618489,-0.016812728717923164,-0.030582743,0,21.74997901916504,0.031645920127630234,5.405348777770996,1.4096006155014038,-0.772399365901947
585,0.03174729645252228,0.12768872578938803,-0.06557617336511612,-0.030365255,0,21.77944564819336,0.04476115480065346,5.387941360473633,1.4742763042449951,-0.8811590075492859
586,0.008849609643220901,0.10212453206380208,-0.056930817663669586,-0.036344104,0,21.80301284790039,0.056147318333387375,5.390798568725586,1.1823129653930664,0.13045209646224976
587,0.06737492978572845,0.08800760904947917,0.029941052198410034,-0.050573733,0,21.823322296142578,0.05015910789370537,5.39759635925293,1.011616826057434,0.34985625743865967
588,0.14117081463336945,0.07761001586914062,0.10081622749567032,-0.037255425,0,21.841232299804688,0.029995862394571304,5.400088310241699,0.8904365301132202,0.14768560230731964
589,0.1605847328901291,0.07565116882324219,0.10669903364032507,-0.02176547,0,21.85869026184082,0.00865605566650629,5.398535251617432,0.8693139553070068,-0.05102746561169624
590,0.01487802341580391,0.08129628499348958,-0.0278255483135581,-0.038592715,0,21.877450942993164,-0.01422116532921791,5.391706466674805,0.935241162776947,-0.31065988540649414
591,0.037035539746284485,0.11800193786621094,-0.04820866510272026,-0.03275773,0,21.904682159423828,-0.023862898349761963,5.388286590576172,1.3718974590301514,-0.15671385824680328
592,0.09770649671554565,0.12421735127766927,0.01035025343298912,-0.036861107,0,21.933347702026367,-0.02179284766316414,5.382362365722656,1.4374829530715942,-0.2919877767562866
593,0.15671107172966003,0.11396853129069011,0.10164118080865592,-0.05889865,0,21.95964813232422,0.0014646115014329553,5.3884968757629395,1.338599681854248,0.278795450925827
594,-0.020240170881152153,0.10433133443196614,-0.07599391683470458,-0.048577588,0,21.98372459411621,0.01666339486837387,5.39942741394043,1.256025791168213,0.4957473874092102
595,0.02384708635509014,0.10733985900878906,-0.055201053619384766,-0.028291719,0,22.008495330810547,0.027703605592250824,5.407045841217041,1.242011308670044,0.37063318490982056
596,0.08202238380908966,0.09904162089029948,0.022734040394425392,-0.03975328,0,22.03135108947754,0.023156797513365746,5.410669803619385,1.1426525115966797,0.18734286725521088
597,0.10489363968372345,0.09276008605957031,0.039566876366734505,-0.027433317,0,22.052757263183594,0.015243422240018845,5.410334587097168,1.071531057357788,-0.003586734179407358
598,0.06456632912158966,0.10450490315755208,-0.01017305999994278,-0.029765517,0,22.076873779296875,0.0172780342400074,5.405539035797119,1.2117223739624023,-0.23405645787715912
599,0.06923405826091766,0.10028139750162761,0.003134254366159439,-0.03418159,0,22.10001564025879,0.016651183366775513,5.407769203186035,1.1715114116668701,0.11895440518856049
600,0.046321891248226166,0.09772745768229167,-0.029882872477173805,-0.021522693,0,22.122568130493164,0.022627757862210274,5.4132080078125,1.1333186626434326,0.2708965837955475
601,0.06802156567573547,0.08716456095377605,0.003624754026532173,-0.022767756,0,22.142683029174805,0.02190280705690384,5.418448448181152,1.0441409349441528,0.235864520072937
602,0.03977110981941223,0.09271876017252605,-0.0078602135181427,-0.045087434,0,22.164079666137695,0.02347484976053238,5.423457622528076,1.070798635482788,0.2496713399887085
603,0.06059925630688667,0.09057807922363281,0.0016744155436754227,-0.031653237,0,22.184982299804688,0.023139966651797295,5.427093029022217,1.0456743240356445,0.183350071310997
604,0.09028154611587524,0.08382542928059895,0.030252831056714058,-0.023796717,0,22.204326629638672,0.017089400440454483,5.428896427154541,0.9692246317863464,0.1013474240899086
605,0.11408928036689758,0.07994906107584636,0.054787162225693464,-0.02064694,0,22.222776412963867,0.00613196799531579,5.430128574371338,0.9288701415061951,0.08251190185546875
606,-0.022297967225313187,0.07403945922851562,-0.055150582920759916,-0.041186843,0,22.2398624420166,-0.017162084579467773,5.4297285079956055,0.8498638868331909,0.006641104817390442
607,-0.09532095491886139,0.06793149312337239,-0.13050680980086327,-0.032745633,0,22.255538940429688,-0.04326344653964043,5.430061340332031,0.7791990041732788,0.048173822462558746
608,-0.05818409100174904,0.06885719299316406,-0.09961860254406929,-0.027422681,0,22.27142906188965,-0.06318716704845428,5.431008338928223,0.7912348508834839,0.07242663949728012
609,0.005886446684598923,0.08542887369791667,-0.04121825098991394,-0.038324177,0,22.2911434173584,-0.07143081724643707,5.433403968811035,0.9850600957870483,0.132129967212677
610,0.042916007339954376,0.08710670471191406,0.008021481335163116,-0.05221218,0,22.31124496459961,-0.06982652097940445,5.439130783081055,1.0056555271148682,0.2862529456615448
611,0.09885921329259872,0.08780924479166667,0.014356151223182678,-0.0033061807,0,22.33150863647461,-0.06695529073476791,5.441152572631836,1.0138806104660034,0.09912008047103882
612,0.10485614836215973,0.09358660380045573,0.019420906901359558,-0.00815136,0,22.353105545043945,-0.063071109354496,5.44193172454834,1.0811822414398193,0.036126237362623215
613,0.13227176666259766,0.10005823771158855,0.04815118387341499,-0.01593765,0,22.376195907592773,-0.053440872579813004,5.442784786224365,1.158663034439087,0.03672466054558754
614,0.1208290159702301,0.09750429789225261,0.0513136200606823,-0.0279889,0,22.398696899414062,-0.043178148567676544,5.443013668060303,1.1301833391189575,0.005641051568090916
615,0.10059603303670883,0.09345436096191406,0.027448683977127075,-0.02030701,0,22.420263290405273,-0.03768841177225113,5.442594051361084,1.083632230758667,-0.020932169631123543
616,0.07333938777446747,0.09866968790690105,0.054799728095531464,-0.080130026,0,22.44303321838379,-0.026728466153144836,5.448594093322754,1.1455501317977905,0.29485565423965454
617,0.10029947012662888,0.09945487976074219,0.07448724005371332,-0.07364265,0,22.465984344482422,-0.011831018142402172,5.461202144622803,1.1530964374542236,0.618520975112915
618,0.008610721677541733,0.10714975992838542,-0.04166427534073591,-0.056874763,0,22.490711212158203,0.020163873210549355,5.478193283081055,1.2477915287017822,0.822898805141449
619,-0.1421937346458435,0.12170473734537761,-0.21589997224509716,-0.04799851,0,22.518796920776367,0.06334386765956879,5.496771335601807,1.4208511114120483,0.8926674127578735
620,-0.08048266172409058,0.10595130920410156,-0.14079157263040543,-0.045642395,0,22.54324722290039,0.09150218218564987,5.514291286468506,1.2355642318725586,0.8551828861236572
621,-0.12957267463207245,0.12172953287760417,-0.20435985177755356,-0.046942353,0,22.571338653564453,0.13237415254116058,5.531867027282715,1.4235321283340454,0.8463441133499146
622,-0.009689897298812866,0.09935569763183594,-0.05734264850616455,-0.051702946,0,22.594266891479492,0.1438426822423935,5.549159526824951,1.2092251777648926,0.8250322341918945
623,0.04334024339914322,0.09744644165039062,-0.012559965252876282,-0.041546233,0,22.61675453186035,0.14635467529296875,5.5629682540893555,1.1308000087738037,0.6944054365158081
624,0.09262846410274506,0.08162689208984375,0.05458913743495941,-0.043587565,0,22.635591506958008,0.13543684780597687,5.569105625152588,0.9430034756660461,0.323377400636673
625,0.04617173224687576,0.09309895833333333,0.01574993133544922,-0.06267716,0,22.657075881958008,0.13228686153888702,5.569305419921875,1.0719101428985596,0.019387368112802505
626,0.07675199955701828,0.09195836385091145,0.06885115057229996,-0.08405752,0,22.67829704284668,0.11851663142442703,5.568902492523193,1.0637894868850708,-0.04033641889691353
627,0.13567866384983063,0.08693313598632812,0.09644724428653717,-0.047701716,0,22.6983585357666,0.0992271825671196,5.5646233558654785,0.9935991764068604,-0.19311490654945374
628,0.14824464917182922,0.08659426371256511,0.10575886815786362,-0.044108488,0,22.718341827392578,0.07807540893554688,5.556472301483154,0.9886265397071838,-0.3846004009246826
629,0.1625908464193344,0.08735466003417969,0.10466622188687325,-0.029430032,0,22.738500595092773,0.057142164558172226,5.544209957122803,0.9978159666061401,-0.5904569625854492
630,0.14665859937667847,0.09006563822428386,0.08706660941243172,-0.030473653,0,22.75928497314453,0.03972884267568588,5.527851581573486,1.0313494205474854,-0.7990673780441284
631,0.11533895134925842,0.09455362955729167,0.0529320165514946,-0.03214669,0,22.781105041503906,0.029142439365386963,5.507523059844971,1.0865057706832886,-1.0046541690826416
632,0.10627411305904388,0.09615707397460938,0.046601202338933945,-0.036484163,0,22.803295135498047,0.019822198897600174,5.4846601486206055,1.1063594818115234,-1.133285403251648
633,0.08283817768096924,0.10022354125976562,0.01859532669186592,-0.035980687,0,22.82642364501953,0.01610313355922699,5.459651947021484,1.1552170515060425,-1.2464226484298706
634,0.08255765587091446,0.11450576782226562,0.010943454690277576,-0.04289157,0,22.852848052978516,0.013914442621171474,5.43593168258667,1.318685531616211,-1.1828454732894897
635,0.13987508416175842,0.12286186218261719,0.05281529622152448,-0.03580209,0,22.881200790405273,-0.003351383376866579,5.413734436035156,1.4077566862106323,-1.090885043144226
636,-0.05820727348327637,0.11916732788085938,-0.1064779027365148,-0.0708967,0,22.908700942993164,-0.02464696392416954,5.394857406616211,1.3721280097961426,-0.9153717160224915
637,-0.026771878823637962,0.10945574442545573,-0.10759493336081505,-0.02863269,0,22.9339599609375,-0.04616595059633255,5.394502639770508,1.2580517530441284,0.0033586290664970875
638,0.032449282705783844,0.10877799987792969,-0.03914590924978256,-0.037182808,0,22.959062576293945,-0.05399513244628906,5.399715423583984,1.2552318572998047,0.27322524785995483
639,0.11919352412223816,0.1180267333984375,0.029149819165468216,-0.027983023,0,22.986299514770508,-0.04816516861319542,5.404026031494141,1.364856243133545,0.21244485676288605
640,0.09805099666118622,0.11800193786621094,0.0372643768787384,-0.057215318,0,23.013530731201172,-0.04071229323744774,5.413876533508301,1.3637206554412842,0.4863550662994385
641,0.16307654976844788,0.11815071105957031,0.06648071110248566,-0.021554878,0,23.040796279907227,-0.027416151016950607,5.423028469085693,1.3686844110488892,0.4477710425853729
642,0.11674274504184723,0.11140632629394531,0.027385493740439415,-0.022049073,0,23.066505432128906,-0.021939052268862724,5.427006721496582,1.2901124954223633,0.19821511209011078
643,0.023381639271974564,0.10182698567708333,-0.042382823303341866,-0.036062524,0,23.090003967285156,-0.030415616929531097,5.426129341125488,1.1752406358718872,-0.0296150092035532
644,0.06229664385318756,0.11362139383951823,-0.016812067478895187,-0.034512684,0,23.11622428894043,-0.033778030425310135,5.421863079071045,1.3137952089309692,-0.20225320756435394
645,0.12827499210834503,0.1195971171061198,0.032306574285030365,-0.023628695,0,23.143823623657227,-0.027316715568304062,5.413772106170654,1.3840742111206055,-0.4072830080986023
646,0.12870904803276062,0.1373011271158854,0.030392641201615334,-0.03898471,0,23.175508499145508,-0.021238187327980995,5.403195858001709,1.604523777961731,-0.5232993364334106
647,0.12027240544557571,0.13603655497233072,0.013773627579212189,-0.029537776,0,23.20690155029297,-0.018483461812138557,5.3885273933410645,1.5750598907470703,-0.7311635613441467
648,0.06238222494721413,0.11830774943033855,-0.0328980665653944,-0.023027461,0,23.234203338623047,-0.025063075125217438,5.388819217681885,1.3655195236206055,0.021474123001098633
649,0.07688707113265991,0.1136627197265625,-0.030606165528297424,-0.006169484,0,23.260433197021484,-0.031184308230876923,5.393886089324951,1.310311198234558,0.2616361975669861
650,0.11268411576747894,0.11890284220377605,0.02780904993414879,-0.034027766,0,23.287872314453125,-0.025622498244047165,5.400485038757324,1.3736019134521484,0.3249354958534241
651,0.16764432191848755,0.12196922302246094,0.06912605836987495,-0.023450956,0,23.31601905822754,-0.011797286570072174,5.406687259674072,1.411394715309143,0.2974332869052887
652,0.15570080280303955,0.11776224772135417,0.04760599578730762,-0.009667447,0,23.34319496154785,-0.00227608741261065,5.409213066101074,1.36418879032135,0.12083457410335541
653,0.04255269095301628,0.10752169291178386,-0.029797282768413424,-0.03517172,0,23.36800765991211,-0.008235543966293335,5.406396865844727,1.2412840127944946,-0.13067825138568878
654,-0.04846762493252754,0.1053148905436198,-0.10039716027677059,-0.053385355,0,23.392311096191406,-0.028314976021647453,5.398952484130859,1.2095637321472168,-0.348768949508667
655,-0.03722579404711723,0.10966237386067708,-0.10909308679401875,-0.03779508,0,23.417617797851562,-0.0501335933804512,5.386857986450195,1.2598834037780762,-0.577181875705719
656,0.01795824244618416,0.14059893290201822,-0.09184204041957855,-0.030798651,0,23.450063705444336,-0.06850200146436691,5.375699043273926,1.6267366409301758,-0.5328983664512634
657,0.10682651400566101,0.1481781005859375,-0.017162039875984192,-0.024189543,0,23.4842586517334,-0.07193440943956375,5.363151550292969,1.7147023677825928,-0.618360161781311
658,0.08025223761796951,0.14355786641438803,-0.022956691682338715,-0.04034894,0,23.51738739013672,-0.0765257477760315,5.353612422943115,1.657751441001892,-0.4700882136821747
659,0.12229874730110168,0.14357439676920572,0.031520575284957886,-0.052796226,0,23.550519943237305,-0.07022163271903992,5.348244667053223,1.6586946249008179,-0.2737646996974945
660,0.17371919751167297,0.14462407430013022,0.07314369082450867,-0.044048563,0,23.583894729614258,-0.055592894554138184,5.3464155197143555,1.6723988056182861,-0.10574150830507278
661,0.15663066506385803,0.13405291239420572,0.039073675870895386,-0.01649593,0,23.614830017089844,-0.047778159379959106,5.3524861335754395,1.548701524734497,0.2951003909111023
662,0.14604322612285614,0.12796147664388022,0.028953179717063904,-0.010871431,0,23.644359588623047,-0.041987523436546326,5.359818458557129,1.4774718284606934,0.361689954996109
663,0.19378218054771423,0.1309534708658854,0.08291337639093399,-0.020084672,0,23.674579620361328,-0.025404848158359528,5.367316722869873,1.5150068998336792,0.3593861162662506
664,0.2144240140914917,0.13300323486328125,0.09609538596123457,-0.014674608,0,23.705272674560547,-0.006185770966112614,5.371695518493652,1.539884328842163,0.2014678418636322
665,0.1182282418012619,0.1219940185546875,0.02357125806156546,-0.027337031,0,23.73342514038086,-0.001471519353799522,5.37436580657959,1.4108949899673462,0.1315540373325348
666,0.001934777945280075,0.1090838114420573,-0.06527822522912174,-0.04187081,0,23.75859832763672,-0.01452716439962387,5.3716349601745605,1.2576969861984253,-0.11783960461616516
667,-0.03931586071848869,0.1077283223470052,-0.10765425860881805,-0.039389923,0,23.783458709716797,-0.03605801612138748,5.363117694854736,1.2392772436141968,-0.3972291350364685
668,0.010645892471075058,0.1431446075439453,-0.08618617430329323,-0.04631254,0,23.816492080688477,-0.05329525098204613,5.355454921722412,1.6465903520584106,-0.3616577684879303
669,0.13953310251235962,0.1651299794514974,0.0016201101243495941,-0.02721699,0,23.854598999023438,-0.05297122895717621,5.347985744476318,1.9092999696731567,-0.36751753091812134
670,0.1573844999074936,0.16571680704752603,0.034299008548259735,-0.042631317,0,23.892841339111328,-0.04611142724752426,5.339335918426514,1.9188072681427002,-0.4317786395549774
671,0.1712760180234909,0.16394805908203125,0.07667882367968559,-0.06935087,0,23.930675506591797,-0.030775662511587143,5.334893226623535,1.9020531177520752,-0.2157626450061798
672,0.14387661218643188,0.15340169270833334,0.02759873867034912,-0.03712381,0,23.966075897216797,-0.02525591477751732,5.333872318267822,1.8151483535766602,-0.10004311054944992
673,0.1482313722372055,0.15093040466308594,0.0348698440939188,-0.03756888,0,24.000905990600586,-0.01828194595873356,5.3399834632873535,1.7486878633499146,0.30369359254837036
674,0.1211739033460617,0.14710362752278647,-0.00959521159529686,-0.016334517,0,24.034852981567383,-0.02020098827779293,5.346714019775391,1.7048014402389526,0.3333413004875183
675,0.10102558135986328,0.14225196838378906,-0.029045213013887405,-0.012181178,0,24.06768035888672,-0.02601003088057041,5.351795673370361,1.6397143602371216,0.2603267431259155
676,0.0836842954158783,0.13820203145345053,-0.04443240351974964,-0.010085329,0,24.099573135375977,-0.03489651158452034,5.355788707733154,1.59227454662323,0.2090541124343872
677,0.14268827438354492,0.14870707194010416,0.03558947704732418,-0.041608278,0,24.13389015197754,-0.027778616175055504,5.361548900604248,1.719927191734314,0.28398439288139343
678,0.18111994862556458,0.14831860860188803,0.08083781227469444,-0.048036464,0,24.16811752319336,-0.011611053720116615,5.371561050415039,1.7163236141204834,0.4862584173679352
679,0.06698895245790482,0.13196182250976562,-0.014976924285292625,-0.049995944,0,24.198570251464844,-0.01460643857717514,5.375551223754883,1.5242232084274292,0.20711897313594818
680,0.06313423812389374,0.13013521830240884,-0.04557258449494839,-0.021428397,0,24.228601455688477,-0.023720955476164818,5.372724533081055,1.500113844871521,-0.12450550496578217
681,0.04445039853453636,0.1255645751953125,-0.047079967334866524,-0.03403421,0,24.257577896118164,-0.03313694894313812,5.367888927459717,1.4726768732070923,-0.3096039295196533
682,0.07860645651817322,0.1377722422281901,-0.01799464225769043,-0.04117114,0,24.289371490478516,-0.03673587739467621,5.356422424316406,1.5873379707336426,-0.5635708570480347
683,0.18719804286956787,0.1529057820638021,0.06755709648132324,-0.03326483,0,24.324657440185547,-0.02322445809841156,5.343626499176025,1.7684848308563232,-0.6678529381752014
684,0.1955018937587738,0.1532611846923828,0.07316040806472301,-0.030919699,0,24.36002540588379,-0.008592376485466957,5.326761245727539,1.776990532875061,-0.8533331155776978
685,0.02674747444689274,0.13986333211263022,-0.08280130103230476,-0.030314555,0,24.392301559448242,-0.02515263669192791,5.31118631362915,1.6590917110443115,-0.8057635426521301
686,0.029169447720050812,0.14521916707356772,-0.06657362915575504,-0.049476087,0,24.425813674926758,-0.03846736252307892,5.297281265258789,1.6717449426651,-0.673823356628418
687,-0.010305449366569519,0.14279747009277344,-0.06730517372488976,-0.08579774,0,24.45876693725586,-0.05192839726805687,5.288653373718262,1.653290033340454,-0.3933308720588684
688,0.02548898383975029,0.13030052185058594,-0.07787423208355904,-0.026937306,0,24.48883628845215,-0.06750324368476868,5.2950897216796875,1.5322562456130981,0.23032337427139282
689,0.04412459954619408,0.130523681640625,-0.04492226988077164,-0.041476812,0,24.518957138061523,-0.076487697660923,5.304314613342285,1.519748568534851,0.41834571957588196
690,0.10789337754249573,0.1336644490559896,0.008569881319999695,-0.03434095,0,24.549802780151367,-0.07477372139692307,5.312648296356201,1.5489425659179688,0.3878970146179199
691,0.1505739986896515,0.13446617126464844,0.03680337220430374,-0.020695532,0,24.580833435058594,-0.06741304695606232,5.32000207901001,1.5588301420211792,0.34404587745666504
692,0.18210887908935547,0.13794581095377603,0.08199440315365791,-0.03783133,0,24.612667083740234,-0.051014166325330734,5.328967094421387,1.5953224897384644,0.43190714716911316
693,0.23472732305526733,0.1401360829671224,0.10933257639408112,-0.014741329,0,24.64500617980957,-0.02914765104651451,5.336334228515625,1.6222375631332397,0.34724920988082886
694,0.17298215627670288,0.1349951426188151,0.05969379097223282,-0.021706767,0,24.676158905029297,-0.017208892852067947,5.339803695678711,1.5615390539169312,0.16273964941501617
695,0.07863017916679382,0.12514305114746094,-0.012762024998664856,-0.033750847,0,24.70503807067871,-0.01976129785180092,5.338832855224609,1.4452481269836426,-0.04282980412244797
696,0.04126672074198723,0.12894503275553384,-0.05219344049692154,-0.03548487,0,24.73479461669922,-0.030199985951185226,5.333310604095459,1.4887446165084839,-0.2645275294780731
697,0.05862502008676529,0.14221890767415366,-0.05542529746890068,-0.028168587,0,24.767614364624023,-0.04128504544496536,5.323881149291992,1.6413543224334717,-0.45496562123298645
698,0.08277076482772827,0.14337603251139322,-0.03773745149374008,-0.02286781,0,24.800701141357422,-0.04883253574371338,5.310405731201172,1.6581817865371704,-0.6593979001045227
699,0.051658790558576584,0.13799540201822916,-0.05876254290342331,-0.027574066,0,24.83254623413086,-0.06058504432439804,5.297637939453125,1.6058510541915894,-0.6353285908699036
700,0.022140726447105408,0.12620925903320312,-0.044168829917907715,-0.059899703,0,24.861671447753906,-0.06941881030797958,5.3019256591796875,1.455824613571167,0.23086263239383698
701,0.11473012715578079,0.12501907348632812,0.026914626359939575,-0.037203573,0,24.890522003173828,-0.06403588503599167,5.311656475067139,1.4427186250686646,0.4752606451511383
702,0.16017389297485352,0.12333297729492188,0.06101856008172035,-0.024177646,0,24.918983459472656,-0.0518321730196476,5.319962501525879,1.4274741411209106,0.40575864911079407
703,0.18061073124408722,0.123382568359375,0.07350489497184753,-0.016276738,0,24.94745635986328,-0.03713119402527809,5.327029228210449,1.428006649017334,0.34024447202682495
704,0.18082261085510254,0.12342389424641927,0.0763303879648447,-0.01893168,0,24.97593879699707,-0.02186511643230915,5.333643913269043,1.4282317161560059,0.3166097104549408
705,0.12869486212730408,0.11775398254394531,0.03408003132790327,-0.023139141,0,25.00311279296875,-0.015049110166728497,5.338479995727539,1.3610742092132568,0.23619142174720764
706,0.05050612986087799,0.10642242431640625,-0.026798988692462444,-0.029117309,0,25.027671813964844,-0.020408907905220985,5.33875036239624,1.2302221059799194,0.024403894320130348
707,-0.00838172435760498,0.10536448160807292,-0.07275641895830631,-0.040989786,0,25.051986694335938,-0.03496019169688225,5.334186553955078,1.2140860557556152,-0.20822344720363617
708,-0.022704776376485825,0.11005083719889323,-0.09701430797576904,-0.035741307,0,25.077383041381836,-0.054363053292036057,5.324862480163574,1.272648811340332,-0.4398268461227417
709,0.10238482058048248,0.14912033081054688,-0.017319582402706146,-0.029415917,0,25.11179542541504,-0.057826969772577286,5.3184380531311035,1.7239325046539307,-0.31270918250083923
710,0.13367246091365814,0.15136019388834634,0.024136751890182495,-0.041824494,0,25.146724700927734,-0.05299961939454079,5.310463905334473,1.7524532079696655,-0.3960404694080353
711,0.15695039927959442,0.14995511372884116,0.07455708459019661,-0.067561805,0,25.18132972717285,-0.038088202476501465,5.3066840171813965,1.742558479309082,-0.18168000876903534
712,0.1373828500509262,0.13728459676106772,0.05432099103927612,-0.054222733,0,25.213010787963867,-0.02722400426864624,5.314245223999023,1.6233644485473633,0.3316691517829895
713,0.20686380565166473,0.13735071818033853,0.08353451732546091,-0.014021422,0,25.244707107543945,-0.010517100803554058,5.321498394012451,1.5911383628845215,0.34914684295654297
714,0.126838818192482,0.1284656524658203,0.027747952844947577,-0.029374791,0,25.27435302734375,-0.004967510234564543,5.323388576507568,1.4874457120895386,0.09393157809972763
715,0.031681451946496964,0.11839040120442708,-0.0458413758315146,-0.04086757,0,25.301673889160156,-0.014135785400867462,5.32004976272583,1.3661895990371704,-0.1503228098154068
716,0.03657901659607887,0.12602742513020834,-0.04353635013103485,-0.04591206,0,25.33075714111328,-0.022843055427074432,5.311075210571289,1.4524173736572266,-0.429872989654541
717,0.16003471612930298,0.15816243489583334,0.04025471396744251,-0.038382433,0,25.36725616455078,-0.01479211263358593,5.30290412902832,1.8478363752365112,-0.40109196305274963
718,0.18414416909217834,0.1606006622314453,0.056902040960267186,-0.033358537,0,25.40431785583496,-0.0034117044415324926,5.291434288024902,1.8611078262329102,-0.5795824527740479
719,0.04084409028291702,0.15120315551757812,-0.07797571015544236,-0.032383353,0,25.439210891723633,-0.019006846472620964,5.280141830444336,1.7424309253692627,-0.5464526414871216
720,0.027988962829113007,0.15426127115885416,-0.07342427037656307,-0.05284804,0,25.474809646606445,-0.03369170054793358,5.2709126472473145,1.7727431058883667,-0.4423486292362213
721,0.011285550892353058,0.1482855478922526,-0.062426868826150894,-0.07457313,0,25.509029388427734,-0.04617707431316376,5.265192031860352,1.7118523120880127,-0.24229569733142853
722,0.04860330745577812,0.1396153767903646,-0.05740150809288025,-0.033610564,0,25.541248321533203,-0.05765737593173981,5.271119594573975,1.6198269128799438,0.2658964693546295
723,0.10940062999725342,0.1412022908528646,0.009221285581588745,-0.04102294,0,25.573833465576172,-0.05581311881542206,5.279637813568115,1.6338809728622437,0.39553436636924744
724,0.16679491102695465,0.14137585957845053,0.0436369888484478,-0.018217934,0,25.60645866394043,-0.0470857210457325,5.286736011505127,1.6364717483520508,0.3333669900894165
725,0.20868228375911713,0.1451695760091146,0.09899070486426353,-0.035478,0,25.63995933532715,-0.02728758007287979,5.294757843017578,1.6808161735534668,0.38278430700302124
726,0.2363438457250595,0.14586385091145834,0.10570135898888111,-0.015221367,0,25.673620223999023,-0.006147308275103569,5.300940990447998,1.6894633769989014,0.2899538278579712
727,0.1375742405653,0.1382268269856771,0.029325069626793265,-0.02997765,0,25.70551872253418,0.00028229434974491596,5.302870750427246,1.597550392150879,0.09135481715202332
728,0.050240516662597656,0.13292884826660156,-0.04156764014624059,-0.041120693,0,25.736194610595703,-0.008595822378993034,5.3000688552856445,1.5329999923706055,-0.12683655321598053
729,0.059840962290763855,0.13332557678222656,-0.0475273746997118,-0.025957244,0,25.7669620513916,-0.018101297318935394,5.294338226318359,1.541427731513977,-0.268269807100296
730,0.0916670709848404,0.1447149912516276,-0.029479553923010826,-0.02356837,0,25.800357818603516,-0.02399720810353756,5.283572196960449,1.6856809854507446,-0.5262194275856018
731,-0.014796915464103222,0.12914339701334634,-0.1197820995002985,-0.024158213,0,25.83016014099121,-0.04795362800359726,5.285433292388916,1.485258936882019,0.11699704080820084
732,0.05357428640127182,0.13027572631835938,-0.027068238705396652,-0.049633197,0,25.8602237701416,-0.05336727574467659,5.291991710662842,1.5027743577957153,0.3358769416809082
733,0.09314008802175522,0.13118489583333334,-0.010093338787555695,-0.027951473,0,25.8904972076416,-0.05538594350218773,5.298028469085693,1.513949990272522,0.30514809489250183
734,0.1437283456325531,0.1350860595703125,0.05066782236099243,-0.04202553,0,25.92167091369629,-0.04525237902998924,5.306764125823975,1.561782956123352,0.4280644953250885
735,0.21740642189979553,0.1380284627278646,0.10237694717943668,-0.022998985,0,25.953523635864258,-0.024776989594101906,5.313628196716309,1.5996612310409546,0.32608872652053833
736,0.1890542358160019,0.13741683959960938,0.06730297580361366,-0.015665578,0,25.9852352142334,-0.011316394433379173,5.318382740020752,1.5897881984710693,0.22593891620635986
737,0.12533769011497498,0.13376363118489584,0.016260594129562378,-0.02468653,0,26.016103744506836,-0.008064275607466698,5.319878578186035,1.545002818107605,0.07277099788188934
738,0.09250003844499588,0.13264783223470053,-0.01789693720638752,-0.022250853,0,26.046714782714844,-0.011643663048744202,5.321369647979736,1.5325063467025757,0.08211802691221237
739,0.0935104638338089,0.13216018676757812,-0.0005165627226233482,-0.038133163,0,26.077213287353516,-0.011746975593268871,5.324705123901367,1.5305525064468384,0.17465761303901672
740,0.09887443482875824,0.12802759806315103,-0.0005104672163724899,-0.028642701,0,26.10675811767578,-0.01184906903654337,5.325658798217773,1.482987880706787,0.051970474421978
741,0.0019433461129665375,0.11696879069010417,-0.07614826317876577,-0.03887718,0,26.133750915527344,-0.027078721672296524,5.324938774108887,1.3484306335449219,-0.01648033782839775
742,0.07309029251337051,0.12249819437662761,-0.025506075471639633,-0.023901828,0,26.162019729614258,-0.03217993676662445,5.325097560882568,1.4146474599838257,0.018611889332532883
743,0.17063750326633453,0.14307022094726562,0.07549063302576542,-0.047923356,0,26.195035934448242,-0.017081810161471367,5.3260040283203125,1.6565322875976562,0.03434497490525246
744,0.09990756213665009,0.15579859415690103,0.004009846597909927,-0.05990088,0,26.230989456176758,0.01627984084188938,5.33222770690918,1.8094828128814697,0.28355658054351807
745,0.0007481798529624939,0.14258257548014322,-0.09111731313169003,-0.050717082,0,26.263893127441406,0.034503303468227386,5.331420421600342,1.6580811738967896,-0.049620550125837326
746,0.06547176837921143,0.13201141357421875,-0.0026012398302555084,-0.06393841,0,26.294357299804688,0.03502355143427849,5.3253302574157715,1.5246349573135376,-0.2964950203895569
747,0.17475545406341553,0.12630017598470053,0.09010802023112774,-0.041652735,0,26.323503494262695,0.01700194738805294,5.316528797149658,1.4803622961044312,-0.4418312907218933
748,0.13470062613487244,0.12564722696940103,0.05714812548831105,-0.048094727,0,26.35249900817871,-0.00557232229039073,5.307682991027832,1.4628676176071167,-0.4746381342411041
749,-0.05192439258098602,0.12720108032226562,-0.15601776773110032,-0.023107708,0,26.381853103637695,-0.036775875836610794,5.294057846069336,1.4651978015899658,-0.6490498185157776
750,-0.001300133764743805,0.13272221883138022,-0.10415716096758842,-0.029865192,0,26.4124813079834,-0.05760730803012848,5.278710842132568,1.5269923210144043,-0.7454948425292969
751,0.03476821631193161,0.13744163513183594,-0.06276421248912811,-0.039909206,0,26.444198608398438,-0.0701601505279541,5.26315450668335,1.582289218902588,-0.7640011310577393
752,0.06775270402431488,0.13549931844075522,-0.004591196775436401,-0.06315541,0,26.475467681884766,-0.07107838988304138,5.253279685974121,1.5634758472442627,-0.48943454027175903
753,0.14068536460399628,0.13606135050455728,0.04903111606836319,-0.044407096,0,26.506866455078125,-0.061272166669368744,5.247119426727295,1.5721890926361084,-0.31726422905921936
754,0.1893714964389801,0.13799540201822916,0.0893494300544262,-0.037973333,0,26.538711547851562,-0.043402280658483505,5.243119239807129,1.5963091850280762,-0.21779711544513702
755,0.13978548347949982,0.1373755137125651,0.03204895183444023,-0.029638976,0,26.57041358947754,-0.03699249029159546,5.232834339141846,1.586293339729309,-0.5205297470092773
756,0.006456330418586731,0.12616793314615884,-0.07515275850892067,-0.044558845,0,26.599529266357422,-0.05202304199337959,5.221159934997559,1.4695554971694946,-0.6263717412948608
757,0.03902115672826767,0.13547452290852866,-0.07104547694325447,-0.02540789,0,26.63079261779785,-0.06623213738203049,5.208343505859375,1.5600310564041138,-0.626056969165802
758,0.015617907047271729,0.1394500732421875,-0.06638266146183014,-0.057449505,0,26.662973403930664,-0.07950866967439651,5.1977009773254395,1.6020599603652954,-0.5149335861206055
759,0.010309785604476929,0.1386235555013021,-0.051770806312561035,-0.076542966,0,26.694963455200195,-0.08986283093690872,5.191723346710205,1.6012648344039917,-0.2615813612937927
760,0.07415845990180969,0.13491249084472656,-0.017229802906513214,-0.043524228,0,26.726097106933594,-0.09330879151821136,5.197179794311523,1.5700137615203857,0.21506661176681519
761,0.14843356609344482,0.13733418782552084,0.052641965448856354,-0.04154259,0,26.757789611816406,-0.0827803984284401,5.20457124710083,1.593527913093567,0.33314990997314453
762,0.17238779366016388,0.13825162251790366,0.05455639213323593,-0.020420222,0,26.78969383239746,-0.07186912000179291,5.210606575012207,1.5974587202072144,0.2802966237068176
763,0.2037903517484665,0.14207839965820312,0.10051459074020386,-0.038802635,0,26.822481155395508,-0.051766201853752136,5.2191925048828125,1.6437921524047852,0.40947723388671875
764,0.21701180934906006,0.13812764485677084,0.09100418537855148,-0.012120031,0,26.85435676574707,-0.03356536477804184,5.225637435913086,1.6006730794906616,0.30780112743377686
765,0.10240793228149414,0.12573814392089844,0.009442586451768875,-0.032772794,0,26.883373260498047,-0.031676847487688065,5.226522922515869,1.4550788402557373,0.04836997762322426
766,0.02212013304233551,0.1254405975341797,-0.055100880563259125,-0.048219584,0,26.912321090698242,-0.04269702360033989,5.2226033210754395,1.4479190111160278,-0.17409032583236694
767,0.04179131239652634,0.14612833658854166,-0.06547437980771065,-0.038862646,0,26.946043014526367,-0.05579189956188202,5.215672969818115,1.6938605308532715,-0.3201466500759125
768,0.05765058100223541,0.14793841044108072,-0.06671641021966934,-0.023571417,0,26.980182647705078,-0.06913518160581589,5.204405784606934,1.7059317827224731,-0.5433042645454407
769,0.18774111568927765,0.15900548299153647,0.04923032596707344,-0.020494694,0,27.016876220703125,-0.0592891164124012,5.194058895111084,1.8063101768493652,-0.6088781356811523
770,0.06621565669775009,0.14599609375,-0.04831058904528618,-0.031469844,0,27.050567626953125,-0.06895123422145844,5.183238506317139,1.7277263402938843,-0.5854794979095459
771,0.09535986185073853,0.15071551005045572,-0.010603740811347961,-0.044751912,0,27.08534812927246,-0.07107198238372803,5.17245626449585,1.741053581237793,-0.5330793261528015
772,0.09682110697031021,0.1514593760172526,-0.013748109340667725,-0.040890165,0,27.12030029296875,-0.07382160425186157,5.163731098175049,1.746475338935852,-0.43793579936027527
773,0.09761132299900055,0.15133539835611978,-0.022144578397274017,-0.0315795,0,27.155223846435547,-0.07825051993131638,5.15584659576416,1.744907259941101,-0.39021649956703186
774,0.09438084810972214,0.15130233764648438,-0.020272545516490936,-0.036648937,0,27.190139770507812,-0.08230502903461456,5.149557590484619,1.7445323467254639,-0.31066808104515076
775,0.10207908600568771,0.15150896708170572,-0.010190345346927643,-0.039239533,0,27.2251033782959,-0.08434309810400009,5.145210266113281,1.747467041015625,-0.21554432809352875
776,0.11556244641542435,0.1519800821940104,0.002924390137195587,-0.039342023,0,27.260175704956055,-0.08375822007656097,5.142789363861084,1.7532932758331299,-0.12180771678686142
777,0.12969645857810974,0.15255864461263022,0.01469191163778305,-0.0375541,0,27.295381546020508,-0.08081983774900436,5.142037868499756,1.760607123374939,-0.040656838566064835
778,0.1428065001964569,0.1490790049235026,0.02585388720035553,-0.0321264,0,27.329784393310547,-0.07564906030893326,5.147751331329346,1.7208144664764404,0.27995407581329346
779,0.18767334520816803,0.1483434041341146,0.06418801844120026,-0.02485807,0,27.364017486572266,-0.0628114566206932,5.154669761657715,1.7143561840057373,0.3339707851409912
780,0.17437593638896942,0.14595476786295572,0.03849411383271217,-0.010072941,0,27.3976993560791,-0.05511263385415077,5.160099029541016,1.6856260299682617,0.2643907964229584
781,0.18044553697109222,0.14899635314941406,0.0737096555531025,-0.042260468,0,27.432083129882812,-0.04037070274353027,5.169549465179443,1.7228946685791016,0.4589083790779114
782,0.1498623788356781,0.13978068033854166,0.028404630720615387,-0.018322932,0,27.464340209960938,-0.034689776599407196,5.172595024108887,1.6190272569656372,0.14936445653438568
783,0.021047081798315048,0.13067245483398438,-0.06678450852632523,-0.042840865,0,27.494495391845703,-0.04804667830467224,5.171419620513916,1.506805419921875,-0.05020447447896004
784,0.030108191072940826,0.1373589833577474,-0.0773388147354126,-0.029911976,0,27.526193618774414,-0.06351444125175476,5.16428279876709,1.5917394161224365,-0.33220455050468445
785,0.05156245082616806,0.1400782267252604,-0.0717940554022789,-0.016721718,0,27.55851936340332,-0.07787325233221054,5.152705669403076,1.6155098676681519,-0.5584341883659363
786,0.06710677593946457,0.14238421122233072,-0.05278807133436203,-0.022489361,0,27.59137725830078,-0.08843086659908295,5.1464619636535645,1.6062055826187134,-0.38708314299583435
787,0.07742908596992493,0.14694658915201822,-0.02475753426551819,-0.044759966,0,27.625288009643555,-0.09338237345218658,5.137760162353516,1.6901134252548218,-0.4269854724407196
788,0.07624176144599915,0.14252471923828125,0.005129165947437286,-0.07141212,0,27.658178329467773,-0.09235654026269913,5.1341423988342285,1.6525198221206665,-0.1567399799823761
789,0.14451828598976135,0.14388020833333334,0.03532286733388901,-0.0346848,0,27.691381454467773,-0.08529196679592133,5.132424831390381,1.6613883972167969,-0.09294408559799194
790,0.1734950989484787,0.14455795288085938,0.05024883896112442,-0.02131169,0,27.724740982055664,-0.07524219900369644,5.130209445953369,1.6700085401535034,-0.12076042592525482
791,0.16488291323184967,0.14435132344563803,0.03782980144023895,-0.01729821,0,27.758052825927734,-0.06767623871564865,5.126232147216797,1.6670730113983154,-0.20639091730117798
792,0.13274061679840088,0.1435413360595703,0.010677352547645569,-0.021478076,0,27.79117774963379,-0.06554076820611954,5.120875358581543,1.6565302610397339,-0.269939124584198
793,0.1067488044500351,0.1429131825764974,-0.011699274182319641,-0.024465099,0,27.82415771484375,-0.06788062304258347,5.115181922912598,1.6483386754989624,-0.2822462320327759
794,0.08465100079774857,0.13787968953450522,-0.025046169757843018,-0.028182521,0,27.855976104736328,-0.07288985699415207,5.118137359619141,1.589799165725708,0.15225838124752045
795,0.10535956919193268,0.13848304748535156,0.0005964189767837524,-0.0337199,0,27.8879337310791,-0.07277057319879532,5.123504638671875,1.5974962711334229,0.26919668912887573
796,0.1479743868112564,0.13978894551595053,0.03428157418966293,-0.02609613,0,27.92019271850586,-0.06591425836086273,5.127914905548096,1.6145004034042358,0.2141302227973938
797,0.1551123708486557,0.13911946614583334,0.02969510853290558,-0.013702193,0,27.95229721069336,-0.059975236654281616,5.131042003631592,1.6062397956848145,0.15062855184078217
798,0.14033368229866028,0.14310328165690103,0.05244545638561249,-0.05521506,0,27.985321044921875,-0.04948614537715912,5.140005111694336,1.6553794145584106,0.439840704202652
799,0.14851976931095123,0.13678868611653647,0.03795754164457321,-0.026226465,0,28.016887664794922,-0.041894637048244476,5.144515037536621,1.5837750434875488,0.21866585314273834
800,0.06618906557559967,0.12617619832356772,-0.03526169806718826,-0.024725433,0,28.046005249023438,-0.04894697666168213,5.142951965332031,1.4563517570495605,-0.06667017191648483
801,0.0046670809388160706,0.1268291473388672,-0.08414134383201599,-0.038020723,0,28.075273513793945,-0.06577524542808533,5.137287139892578,1.4615590572357178,-0.2574438452720642
802,0.05523354560136795,0.14719454447428384,-0.07167678326368332,-0.020284213,0,28.109241485595703,-0.08011060208082199,5.128615856170654,1.7088367938995361,-0.40710508823394775
803,0.0878891795873642,0.1500873565673828,-0.03720145672559738,-0.02499672,0,28.143877029418945,-0.08755089342594147,5.1170878410339355,1.7354702949523926,-0.5631570816040039
804,0.06419920921325684,0.14963277180989584,-0.05170881748199463,-0.033724748,0,28.178407669067383,-0.0978926569223404,5.112195014953613,1.735678791999817,-0.2330390214920044
805,0.08894699811935425,0.15227762858072916,-0.0023881718516349792,-0.06094246,0,28.21354866027832,-0.09837029129266739,5.111806392669678,1.7593767642974854,-0.02350805513560772
806,0.1506674736738205,0.15398852030436197,0.04387982189655304,-0.04720087,0,28.24908447265625,-0.08959432691335678,5.114439010620117,1.777964472770691,0.12245030701160431
807,0.21733126044273376,0.15590604146321616,0.09463142603635788,-0.033206187,0,28.285062789916992,-0.0706680417060852,5.117227554321289,1.8029365539550781,0.12097005546092987
808,0.20650045573711395,0.1545257568359375,0.06593117490410805,-0.013956478,0,28.320722579956055,-0.057481806725263596,5.118383407592773,1.7861424684524536,0.04529073089361191
809,0.18189574778079987,0.1522363026936849,0.057276804000139236,-0.02761736,0,28.355854034423828,-0.04602644592523575,5.122920036315918,1.7613428831100464,0.21535582840442657
810,0.18767738342285156,0.15584818522135416,0.07995614781975746,-0.048126943,0,28.39181900024414,-0.030035216361284256,5.1317901611328125,1.8020168542861938,0.42814329266548157
811,0.22046881914138794,0.1572697957356771,0.09172152727842331,-0.028522503,0,28.428112030029297,-0.011690910905599594,5.141195774078369,1.81926429271698,0.45290157198905945
812,0.16707396507263184,0.15252558390299478,0.042657076846808195,-0.028108694,0,28.46331024169922,-0.003159495536237955,5.148229122161865,1.7625024318695068,0.3444654643535614
813,0.1323012113571167,0.1508808135986328,0.009743936243467033,-0.028323527,0,28.49812889099121,-0.0012107082875445485,5.153703212738037,1.741468906402588,0.27274271845817566
814,0.07714353501796722,0.15883191426595053,-0.0336558319395408,-0.04803255,0,28.53478240966797,0.00794187467545271,5.163058757781982,1.835094690322876,0.45967206358909607
815,0.05452845245599747,0.15954271952311197,-0.05037784110754728,-0.054636426,0,28.57159996032715,0.018017442896962166,5.177273750305176,1.8435403108596802,0.7020721435546875
816,0.13558807969093323,0.14620272318522134,0.029140976257622242,-0.039755616,0,28.60533905029297,0.012189247645437717,5.189142227172852,1.6884326934814453,0.6045805215835571
817,0.0921400636434555,0.13414382934570312,0.02359754405915737,-0.065601304,0,28.636295318603516,-0.007469738833606243,5.192166328430176,1.5441863536834717,0.17987562716007233
818,-0.029312312602996826,0.13262303670247397,-0.08081675041466951,-0.0811186,0,28.666900634765625,-0.023633088916540146,5.191247940063477,1.5261268615722656,-0.0249261986464262
819,0.02554701268672943,0.14434305826822916,-0.06978819146752357,-0.049007855,0,28.700210571289062,-0.03759072721004486,5.1863322257995605,1.6607825756072998,-0.2267274409532547
820,0.11806586384773254,0.1640141805013021,-0.0233365036547184,-0.02261181,0,28.738059997558594,-0.04225802794098854,5.179279804229736,1.891215443611145,-0.34154218435287476
821,0.12523357570171356,0.17022132873535156,-0.025265589356422424,-0.01972216,0,28.777341842651367,-0.047311145812273026,5.168755531311035,1.9646975994110107,-0.5121984481811523
822,0.13641223311424255,0.17096519470214844,-0.013619475066661835,-0.020933473,0,28.816795349121094,-0.05003504082560539,5.153791427612305,1.9777017831802368,-0.7326933145523071
823,0.18957725167274475,0.17442003885904947,0.041688475757837296,-0.026531272,0,28.857046127319336,-0.04169734567403793,5.138892650604248,2.010650157928467,-0.7774785757064819
824,0.17199167609214783,0.16978327433268228,0.04896940663456917,-0.04676101,0,28.89622688293457,-0.0319034643471241,5.125306129455566,2.0038392543792725,-0.7231090068817139
825,0.14886333048343658,0.1667499542236328,0.049023451283574104,-0.06691007,0,28.934707641601562,-0.02209877409040928,5.117709636688232,1.927406668663025,-0.3755832016468048
826,0.1873064786195755,0.1647497812906901,0.05777211394160986,-0.03521542,0,28.972726821899414,-0.010544351302087307,5.111047267913818,1.9094722270965576,-0.3394041359424591
827,0.15274767577648163,0.16814676920572916,0.020950105972588062,-0.036349192,0,29.01152992248535,-0.0063543301075696945,5.104129791259766,1.9405384063720703,-0.3611404299736023
828,0.10961310565471649,0.16716321309407553,-0.0338106881827116,-0.023739416,0,29.050106048583984,-0.013116467744112015,5.095977306365967,1.9262163639068604,-0.4016646444797516
829,0.06441929936408997,0.16570027669270834,-0.07315167225897312,-0.028129302,0,29.08834457397461,-0.02774680219590664,5.088116645812988,1.9076757431030273,-0.37877583503723145
830,0.0575166717171669,0.16537793477376303,-0.06593395955860615,-0.0419273,0,29.126508712768555,-0.04093359410762787,5.0823869705200195,1.9046186208724976,-0.2734280228614807
831,0.07049639523029327,0.15946006774902344,-0.042872894555330276,-0.04609078,0,29.163307189941406,-0.049508173018693924,5.087478160858154,1.8375192880630493,0.26235711574554443
832,0.12518896162509918,0.16112963358561197,0.01266511157155037,-0.048605785,0,29.200490951538086,-0.04697515070438385,5.095596790313721,1.8591296672821045,0.4044462740421295
833,0.20111514627933502,0.16376622517903647,0.07671371102333069,-0.03936479,0,29.238283157348633,-0.03163240849971771,5.104024887084961,1.8938953876495361,0.40747636556625366
834,0.23332324624061584,0.1663945515950521,0.11229248251765966,-0.045363788,0,29.276681900024414,-0.00917391199618578,5.116720676422119,1.9258495569229126,0.6139399409294128
835,0.12801213562488556,0.16481590270996094,-0.0075491052120924,-0.029254656,0,29.314716339111328,0.01068373303860426,5.129543304443359,1.9075706005096436,0.6232855319976807
836,0.11389157921075821,0.15296363830566406,-0.004542437382042408,-0.03452962,0,29.35001564025879,0.011592220515012741,5.136779308319092,1.7668200731277466,0.3637658953666687
837,0.11804112792015076,0.14009475708007812,0.0315477536059916,-0.053601388,0,29.38234519958496,-0.005282669793814421,5.139002799987793,1.6127166748046875,0.13508866727352142
838,0.03090999647974968,0.1509882609049479,-0.06867184536531568,-0.051406417,0,29.41718864440918,-0.019017038866877556,5.135957717895508,1.736423373222351,-0.1337823122739792
839,0.06942432373762131,0.1580053965250651,-0.06968437694013119,-0.0188967,0,29.453651428222656,-0.03295391425490379,5.128396987915039,1.8202286958694458,-0.35635021328926086
840,0.16536393761634827,0.16708056131998697,0.015387330204248428,-0.017103953,0,29.49220848083496,-0.029876448214054108,5.11960506439209,1.9344213008880615,-0.4354168772697449
841,0.1024816632270813,0.1593195597330729,-0.022070277482271194,-0.034767617,0,29.528974533081055,-0.03429050371050835,5.112044334411621,1.8492392301559448,-0.3748394250869751
842,0.12359566986560822,0.16193135579427084,0.018292758613824844,-0.05662845,0,29.566343307495117,-0.030631951987743378,5.105911731719971,1.8644847869873047,-0.30709972977638245
843,0.17507049441337585,0.16080729166666666,0.07462531328201294,-0.060362116,0,29.603452682495117,-0.01570688933134079,5.104603290557861,1.8580538034439087,-0.05017998442053795
844,0.17276819050312042,0.15603001912434897,0.05727615440264344,-0.04053798,0,29.63945960998535,0.004251658450812101,5.113109111785889,1.8059169054031372,0.4056183993816376
845,0.0711202621459961,0.1484839121500651,-0.05993530387058854,-0.01742835,0,29.673725128173828,0.01623871922492981,5.121238708496094,1.717089056968689,0.39631226658821106
846,0.11827388405799866,0.1415576934814453,0.004674531519412994,-0.027958337,0,29.706392288208008,0.01530381292104721,5.126762866973877,1.6336696147918701,0.2786908447742462
847,0.1708662062883377,0.1358795166015625,0.055386507883667946,-0.020399828,0,29.737749099731445,0.0042265113443136215,5.131133079528809,1.565346121788025,0.23087581992149353
848,0.1196524053812027,0.13516871134440103,-0.004769116640090942,-0.010747197,0,29.76894187927246,-0.00518033467233181,5.1353631019592285,1.560187816619873,0.21909087896347046
849,0.06247151643037796,0.13057327270507812,-0.057767536491155624,-0.010334217,0,29.799074172973633,-0.016733841970562935,5.138689994812012,1.5042225122451782,0.17945672571659088
850,0.06682220101356506,0.1280193328857422,-0.047028642147779465,-0.014168486,0,29.828617095947266,-0.026139570400118828,5.1414475440979,1.4763401746749878,0.15101078152656555
851,0.12396455556154251,0.1431115468343099,0.030761556699872017,-0.04990854,0,29.861642837524414,-0.019987259060144424,5.148216724395752,1.6551998853683472,0.3367963433265686
852,0.17114853858947754,0.14717801411946616,0.08774867164902389,-0.06377815,0,29.895606994628906,-0.0024375247303396463,5.161077976226807,1.7054914236068726,0.6307373642921448
853,0.09208949655294418,0.1321436564127604,-0.0075224891770631075,-0.03253167,0,29.926101684570312,0.003942022565752268,5.166419506072998,1.5348652601242065,0.26668548583984375
854,0.059641603380441666,0.12701924641927084,-0.014289382379502058,-0.05308826,0,29.955413818359375,-0.0067998990416526794,5.167564392089844,1.4619253873825073,0.0745358094573021
855,0.07182420045137405,0.12963104248046875,-0.037985690869390965,-0.019821152,0,29.985328674316406,-0.014397037215530872,5.162408828735352,1.4932438135147095,-0.24470055103302002
856,0.0517081618309021,0.13068072001139322,-0.048273843713104725,-0.030698715,0,30.015485763549805,-0.024051805958151817,5.152973175048828,1.5063084363937378,-0.4530213475227356
857,0.15938235819339752,0.1374664306640625,0.04686994478106499,-0.024954023,0,30.047208786010742,-0.01467781700193882,5.142367362976074,1.594340443611145,-0.5351843237876892
858,0.1319497972726822,0.13126754760742188,0.053706453181803226,-0.053024206,0,30.07750129699707,-0.003936526365578175,5.138186931610107,1.5275949239730835,-0.22313368320465088
859,0.07657420635223389,0.12028312683105469,0.009181472705677152,-0.052890386,0,30.10525894165039,0.0021002318244427443,5.145678520202637,1.3942747116088867,0.37297871708869934
860,0.019760198891162872,0.11475372314453125,-0.0654953543562442,-0.029498171,0,30.13174057006836,0.015199302695691586,5.1551337242126465,1.332247257232666,0.46654340624809265
861,0.04949065297842026,0.10797627766927083,-0.025699143297970295,-0.03278648,0,30.156658172607422,0.020339131355285645,5.1588544845581055,1.255596399307251,0.19361995160579681
862,0.0960385873913765,0.11015001932779948,0.027705421671271324,-0.041816853,0,30.182077407836914,0.01479804702103138,5.157805919647217,1.2720122337341309,-0.043992362916469574
863,0.09471479058265686,0.10552978515625,0.038625800516456366,-0.0494408,0,30.206430435180664,-0.007072886917740107,5.151941299438477,1.209566593170166,-0.2693411111831665
864,0.11956849694252014,0.14768218994140625,0.00536598265171051,-0.033479676,0,30.240510940551758,-0.0059996903873980045,5.1506028175354,1.6893631219863892,-0.10282108187675476
865,0.1383676528930664,0.14812850952148438,0.0289125824929215,-0.03867344,0,30.274694442749023,0.00021717388881370425,5.146492958068848,1.7147889137268066,-0.20670680701732635
866,0.01765674352645874,0.13110224405924478,-0.07173166755819693,-0.041713834,0,30.304948806762695,0.01456350740045309,5.154796123504639,1.5224809646606445,0.40564873814582825
867,-0.002423834055662155,0.12229156494140625,-0.09283170569688082,-0.031883694,0,30.33316993713379,0.033129848539829254,5.166813850402832,1.430242657661438,0.5842512249946594
868,-0.001942487433552742,0.12424214680989583,-0.0939403846859932,-0.03224425,0,30.361841201782227,0.05191792547702789,5.177491664886475,1.439492106437683,0.5163187980651855
869,0.05932815000414848,0.11786969502766927,-0.01971038058400154,-0.038831163,0,30.389041900634766,0.0558600015938282,5.1844563484191895,1.3625264167785645,0.3459627032279968
870,0.10920655727386475,0.10733985900878906,0.039296410977840424,-0.037429716,0,30.4138126373291,0.04800071939826012,5.1871337890625,1.2393181324005127,0.1468828022480011
871,0.12681631743907928,0.11901028951009114,0.03685051575303078,-0.029044498,0,30.44127655029297,0.04063061624765396,5.18487548828125,1.37345290184021,-0.10510822385549545
872,0.09092347323894501,0.12713495890299478,-0.015563089400529861,-0.020648394,0,30.47061538696289,0.043743234127759933,5.179045677185059,1.4702879190444946,-0.29174768924713135
873,0.06597570329904556,0.12578773498535156,-0.03515362739562988,-0.024658406,0,30.499643325805664,0.05077395960688591,5.17299222946167,1.4533687829971313,-0.3066898286342621
874,0.05813024938106537,0.12298583984375,-0.023683253675699234,-0.04117234,0,30.528024673461914,0.05551061034202576,5.169501304626465,1.4271776676177979,-0.16677233576774597
875,0.12416229397058487,0.11448923746744792,0.05025958642363548,-0.040586524,0,30.554445266723633,0.04545869305729866,5.173264026641846,1.318585991859436,0.19152997434139252
876,0.18189001083374023,0.10695966084798177,0.10230001993477345,-0.027369667,0,30.57912826538086,0.02499868907034397,5.178085803985596,1.2268717288970947,0.26164838671684265
877,0.19236913323402405,0.10113271077473958,0.10284422663971782,-0.011607815,0,30.602466583251953,0.004429843742400408,5.182281017303467,1.162522792816162,0.23382987082004547
878,0.06871477514505386,0.1031659444173177,-0.013512105215340853,-0.020939067,0,30.62627410888672,-0.007132264785468578,5.185880184173584,1.1893832683563232,0.19584041833877563
879,0.07502945512533188,0.11497688293457031,0.002056772354990244,-0.042004198,0,30.652807235717773,-0.0067209103144705296,5.190600395202637,1.329615831375122,0.240314319729805
880,0.0843043178319931,0.11751429239908855,0.015695425681769848,-0.048905406,0,30.6799259185791,0.00358182517811656,5.198159217834473,1.3620951175689697,0.3726438581943512
881,-0.010217346251010895,0.11381149291992188,-0.08213430875912309,-0.04189453,0,30.70619010925293,0.020008686929941177,5.207557678222656,1.3217458724975586,0.46001577377319336
882,0.07726255804300308,0.09935569763183594,0.02969648689031601,-0.051789634,0,30.72911834716797,0.014069389551877975,5.211001396179199,1.1504820585250854,0.18952986598014832
883,0.1064487025141716,0.09357007344563802,0.06551608617883176,-0.05263745,0,30.75071144104004,0.0009661723161116242,5.208469390869141,1.0757999420166016,-0.10560106486082077
884,0.03466444090008736,0.120208740234375,-0.03946279815863818,-0.046081502,0,30.778451919555664,-0.00885873194783926,5.204532623291016,1.3819609880447388,-0.18100795149803162
885,0.019046802073717117,0.12153116861979167,-0.0611224165186286,-0.04136195,0,30.80649757385254,-0.02108321525156498,5.196778774261475,1.3975307941436768,-0.3684922158718109
886,0.1790654957294464,0.14201227823893228,0.0642302306368947,-0.027177002,0,30.839269638061523,-0.008237169124186039,5.190975666046143,1.604530930519104,-0.39812779426574707
887,0.1460113376379013,0.14041709899902344,0.034396315459162,-0.028802088,0,30.871673583984375,0.0013579060323536396,5.179481029510498,1.6269642114639282,-0.5793455839157104
888,0.03576177731156349,0.13804499308268228,-0.07220600498840213,-0.030077208,0,30.90353012084961,0.015799107030034065,5.16567325592041,1.5999938249588013,-0.7014577388763428
889,0.001645117998123169,0.1110674540201823,-0.05702282302081585,-0.052399512,0,30.929161071777344,0.027203671634197235,5.171568393707275,1.2866992950439453,0.2834598124027252
890,0.011273778975009918,0.10359573364257812,-0.060584116727113724,-0.031737838,0,30.953067779541016,0.03932049497961998,5.181765079498291,1.1997612714767456,0.500901997089386
891,0.04719533026218414,0.09609095255533855,-0.0226513110101223,-0.026244313,0,30.975242614746094,0.04385075718164444,5.18894624710083,1.1157160997390747,0.3634730577468872
892,0.09058606624603271,0.09557851155598958,0.03402628004550934,-0.03901872,0,30.997299194335938,0.03704550117254257,5.190979480743408,1.103485107421875,0.1130078062415123
893,0.16077570617198944,0.0874621073404948,0.12248334009200335,-0.049169734,0,31.01748275756836,0.012548833154141903,5.188338756561279,1.0025889873504639,-0.10329640656709671
894,0.03480543568730354,0.08368492126464844,-0.017195590771734715,-0.031683896,0,31.036794662475586,-0.015987951308488846,5.180757999420166,0.957584023475647,-0.3445298969745636
895,0.06285500526428223,0.10864575703938802,-0.0015194714069366455,-0.044271283,0,31.061866760253906,-0.016291845589876175,5.174311637878418,1.2099720239639282,-0.41526004672050476
896,0.11950980871915817,0.14450836181640625,0.008238060399889946,-0.033236615,0,31.09521484375,-0.014644233509898186,5.172221660614014,1.6654051542282104,-0.11197541654109955
897,0.12744152545928955,0.1315155029296875,0.04404980922117829,-0.0481238,0,31.125564575195312,-0.005834271665662527,5.179897785186768,1.523618221282959,0.37872961163520813
898,0.0812588706612587,0.12582079569498697,-0.012920608278363943,-0.03164132,0,31.154600143432617,0.008418393321335316,5.190579891204834,1.4602563381195068,0.5269209742546082
899,-0.009563460946083069,0.12007649739583333,-0.09713292587548494,-0.032507032,0,31.182310104370117,0.027844978496432304,5.202731609344482,1.396242380142212,0.5954843759536743
900,-0.0066988542675971985,0.1223742167154948,-0.09502087719738483,-0.034052193,0,31.21055030822754,0.04684915393590927,5.213873863220215,1.417924165725708,0.5402013063430786
901,0.059720683842897415,0.11507606506347656,-0.018324479460716248,-0.0370309,0,31.237106323242188,0.05051404982805252,5.221379280090332,1.329923152923584,0.3739683926105499
902,0.1355794072151184,0.10291798909505208,0.08172763511538506,-0.04906621,0,31.26085662841797,0.03416852280497551,5.22449254989624,1.1855800151824951,0.17766602337360382
903,0.15535829961299896,0.1007855733235677,0.07882120087742805,-0.024248475,0,31.284114837646484,0.0184042826294899,5.227593898773193,1.1727964878082275,0.18068696558475494
904,0.14142321050167084,0.09414863586425781,0.07235087221488357,-0.025076302,0,31.30584144592285,-0.0039341081865131855,5.230140209197998,1.0819374322891235,0.15376262366771698
905,-0.020616307854652405,0.10148811340332031,-0.10013258783146739,-0.021971833,0,31.329261779785156,-0.023960625752806664,5.233519554138184,1.1662691831588745,0.19107094407081604
906,0.024218164384365082,0.10962931315104167,-0.05170159973204136,-0.03370955,0,31.35456085205078,-0.034300945699214935,5.2377495765686035,1.2637145519256592,0.22467482089996338
907,0.09788001328706741,0.11677042643229167,0.020579947158694267,-0.039470367,0,31.381507873535156,-0.030184956267476082,5.2444586753845215,1.3512842655181885,0.33626800775527954
908,0.14407116174697876,0.12077077229817708,0.07700027897953987,-0.053699892,0,31.409378051757812,-0.014784900471568108,5.254970550537109,1.4011523723602295,0.516063392162323
909,0.11538714170455933,0.11500994364420573,0.049308252055197954,-0.048931047,0,31.4359188079834,0.004923250060528517,5.268520832061768,1.3351632356643677,0.6633940935134888
910,0.01805923692882061,0.11340649922688802,-0.08240470895543694,-0.012942553,0,31.46208953857422,0.021404191851615906,5.277251243591309,1.31602144241333,0.42563626170158386
911,0.08166834712028503,0.09532229105631511,0.03571777604520321,-0.04937172,0,31.484086990356445,0.014260636642575264,5.2814531326293945,1.1002882719039917,0.22437024116516113
912,0.1229444220662117,0.10109138488769531,0.06060796091333032,-0.038754918,0,31.507415771484375,0.0021390444599092007,5.282418251037598,1.1658015251159668,0.07101056724786758
913,-0.0071783363819122314,0.10993512471516927,-0.07442711153998971,-0.04268635,0,31.532785415649414,-0.017024466767907143,5.279818534851074,1.26626718044281,-0.1030607745051384
914,0.0013907179236412048,0.1331024169921875,-0.0955557357519865,-0.03615596,0,31.563501358032227,-0.03613561391830444,5.278595924377441,1.53213632106781,-0.03459090366959572
915,0.12389066815376282,0.1444835662841797,-0.008437633514404297,-0.012155268,0,31.596843719482422,-0.0378231406211853,5.275808334350586,1.6716400384902954,-0.13005800545215607
916,0.1413092017173767,0.14685567220052084,0.030747968703508377,-0.03629444,0,31.630733489990234,-0.03167354688048363,5.271424293518066,1.7041462659835815,-0.21350693702697754
917,0.15612611174583435,0.13724327087402344,0.07931985892355442,-0.06043702,0,31.662405014038086,-0.015809575095772743,5.278364658355713,1.6053305864334106,0.3284130394458771
918,0.11580410599708557,0.14185523986816406,0.012111132964491844,-0.038162258,0,31.695140838623047,0.013387348502874374,5.288133144378662,1.6445705890655518,0.46093592047691345
919,-0.03981196507811546,0.1408055623372396,-0.15192070975899696,-0.028696816,0,31.72763442993164,0.04377149045467377,5.296823978424072,1.6352936029434204,0.40848901867866516
920,0.028743110597133636,0.13015174865722656,-0.053969696164131165,-0.047438942,0,31.75766944885254,0.0545654296875,5.300764083862305,1.5065274238586426,0.18886694312095642
921,0.11733773350715637,0.11686960856119792,0.07512526586651802,-0.07465714,0,31.784639358520508,0.039540376514196396,5.302627086639404,1.3493237495422363,0.11666907370090485
922,0.14530432224273682,0.11486117045084636,0.061077019199728966,-0.03063386,0,31.811145782470703,0.027324972674250603,5.3062424659729,1.324852705001831,0.19833853840827942
923,0.1691901534795761,0.10857137044270833,0.08550312370061874,-0.024884338,0,31.836200714111328,0.010224347934126854,5.309003829956055,1.2510827779769897,0.16181209683418274
924,0.1099482923746109,0.11121622721354167,0.017976227682083845,-0.019244166,0,31.861865997314453,-0.006629102397710085,5.311724662780762,1.280308723449707,0.15696536004543304
925,0.016612928360700607,0.10659599304199219,-0.0836292072199285,-0.006353857,0,31.886465072631836,-0.023354943841695786,5.313902378082275,1.2341368198394775,0.13341224193572998
926,0.02029988542199135,0.10545539855957031,-0.06434589624404907,-0.020809617,0,31.91080093383789,-0.0362241230905056,5.315793991088867,1.2149686813354492,0.11152803152799606
927,0.053582873195409775,0.1075299580891927,-0.029319562017917633,-0.024627525,0,31.93561553955078,-0.04208803549408913,5.317614555358887,1.2402074337005615,0.1008472666144371
928,0.09431366622447968,0.12378756205240886,0.03606332466006279,-0.065537214,0,31.964181900024414,-0.03487537056207657,5.325252532958984,1.4312372207641602,0.3790089786052704
929,0.14448508620262146,0.1272258758544922,0.08317247964441776,-0.06591328,0,31.993541717529297,-0.018240874633193016,5.3387885093688965,1.4735677242279053,0.6651491522789001
930,0.14879709482192993,0.11891937255859375,0.08353105222340673,-0.053653322,0,32.0209846496582,0.0015346641885116696,5.35526704788208,1.3796567916870117,0.8117490410804749
931,0.038309380412101746,0.10486857096354167,-0.008370675495825708,-0.058188513,0,32.04518508911133,0.0032087992876768112,5.362565517425537,1.2111842632293701,0.37336987257003784
932,0.04806610941886902,0.0986035664876302,0.010383240878582,-0.0609207,0,32.06793975830078,-0.001132151111960411,5.3672099113464355,1.1418484449386597,0.19942674040794373
933,0.04497458040714264,0.1029345194498698,-0.02508332720026374,-0.03287661,0,32.09169387817383,-0.006148816552013159,5.366914749145508,1.1830474138259888,-0.006106749642640352
934,0.0714869499206543,0.12706883748372397,0.002597023267298937,-0.058178913,0,32.12101745605469,-0.005629411898553371,5.366471767425537,1.461142659187317,-0.018380677327513695
935,0.12180176377296448,0.1573028564453125,0.022520319907926023,-0.058021408,0,32.157318115234375,-0.0011253479169681668,5.370430946350098,1.81089186668396,0.19902992248535156
936,0.027612827718257904,0.19100824991861978,-0.11566635628696531,-0.047729068,0,32.20139694213867,0.02425861917436123,5.38068151473999,2.1854424476623535,0.4367979168891907
937,0.03820893540978432,0.19386800130208334,-0.1158988568931818,-0.039760206,0,32.24613571166992,0.04743839055299759,5.384303569793701,2.2471108436584473,0.16489028930664062
938,0.06638741493225098,0.18072636922200522,-0.09090952575206757,-0.023429427,0,32.287841796875,0.0656202957034111,5.386600017547607,2.1386449337005615,0.019100209698081017
939,0.048993129283189774,0.18561935424804688,-0.10242685675621033,-0.03419937,0,32.3306770324707,0.08610566705465317,5.383469104766846,2.1539268493652344,-0.1688602864742279
940,0.0746881514787674,0.18323898315429688,-0.08910361677408218,-0.019447213,0,32.372962951660156,0.1039263904094696,5.376216411590576,2.1257553100585938,-0.3735385537147522
941,0.12139829993247986,0.17332077026367188,-0.030581727623939514,-0.021340743,0,32.412960052490234,0.11004273593425751,5.367278575897217,2.0124895572662354,-0.4574395418167114
942,0.1336689442396164,0.1753870646158854,-0.01896493136882782,-0.022753198,0,32.453433990478516,0.11383572220802307,5.355160713195801,2.0252792835235596,-0.6096164584159851
943,0.18950238823890686,0.17563501993815103,0.04906319081783295,-0.03519583,0,32.49396514892578,0.10402308404445648,5.341420650482178,2.0226283073425293,-0.6775103807449341
944,0.19360050559043884,0.1778996785481771,0.050494447350502014,-0.034793615,0,32.53501892089844,0.09392419457435608,5.327437400817871,2.046685218811035,-0.6884044408798218
945,0.17869561910629272,0.17786661783854166,0.05208220332860947,-0.051253196,0,32.57606506347656,0.08350775390863419,5.312732696533203,2.0426669120788574,-0.7214726805686951
946,0.138213649392128,0.17171732584635416,0.03987304866313934,-0.07337673,0,32.615692138671875,0.07553314417600632,5.300991058349609,1.9814220666885376,-0.5591415762901306
947,0.18666821718215942,0.1719487508138021,0.04232730716466904,-0.02760784,0,32.655372619628906,0.06706768274307251,5.288693428039551,1.9809774160385132,-0.6061031222343445
948,0.12902876734733582,0.14994684855143228,0.009021535515785217,-0.029939618,0,32.68997573852539,0.06526337563991547,5.294688701629639,1.7391780614852905,0.2778705656528473
949,0.1496780514717102,0.13958231608072916,0.023318547755479813,-0.013222814,0,32.72218704223633,0.060599666088819504,5.304643154144287,1.6086132526397705,0.5031810402870178
950,0.10734808444976807,0.13594563802083334,0.00010309740900993347,-0.028700646,0,32.75355911254883,0.06057904660701752,5.313029766082764,1.5703493356704712,0.4229084253311157
951,0.09253706783056259,0.13702011108398438,-0.025265924632549286,-0.019217117,0,32.785179138183594,0.06563223153352737,5.319835186004639,1.5836502313613892,0.3373894989490509
952,0.11663293093442917,0.13224283854166666,-0.0007236376404762268,-0.014886268,0,32.815696716308594,0.06577695906162262,5.325899124145508,1.5263185501098633,0.3044764995574951
953,0.1164727509021759,0.1297632853190104,-0.0021203607320785522,-0.01117018,0,32.84564208984375,0.06620103120803833,5.3309125900268555,1.4976191520690918,0.25117409229278564
954,0.12175272405147552,0.12768046061197916,0.00772424042224884,-0.013651984,0,32.87510681152344,0.06465618312358856,5.335424423217773,1.4725006818771362,0.22770072519779205
955,0.10871462523937225,0.12688700358072916,0.002600140869617462,-0.020772515,0,32.904388427734375,0.06413615494966507,5.339427471160889,1.463665246963501,0.2010383903980255
956,0.09730905294418335,0.1265894571940104,-0.005511566996574402,-0.023768838,0,32.93360137939453,0.06523846834897995,5.343281269073486,1.4610607624053955,0.19200986623764038
957,0.09351177513599396,0.12611007690429688,-0.008961372077465057,-0.023636928,0,32.962703704833984,0.06703074276447296,5.3472137451171875,1.4559212923049927,0.19557401537895203
958,0.10348112881183624,0.1245562235514323,-0.0031106173992156982,-0.017964471,0,32.99144744873047,0.0676528662443161,5.350205421447754,1.4378631114959717,0.15020127594470978
959,0.11356154084205627,0.1215807596842448,0.013275891542434692,-0.02129512,0,33.01950454711914,0.06499768793582916,5.351822376251221,1.4027873277664185,0.08512531220912933
960,0.1205732524394989,0.1136792500813802,0.03538832068443298,-0.02849431,0,33.045738220214844,0.057920023798942566,5.352797031402588,1.3105244636535645,0.057852648198604584
961,0.11118973046541214,0.11913426717122395,0.019248444586992264,-0.027192986,0,33.0732307434082,0.05407033488154411,5.353480339050293,1.3759517669677734,0.041745468974113464
962,0.16837197542190552,0.10913340250651042,0.0845438800752163,-0.025305295,0,33.09841537475586,0.037161558866500854,5.353704929351807,1.2543361186981201,0.027217231690883636
963,0.15850815176963806,0.1009674072265625,0.11056612711399794,-0.053025372,0,33.1217155456543,0.015048333443701267,5.353897571563721,1.160290002822876,0.03476705402135849
964,0.05384460836648941,0.09772745768229167,0.03752089338377118,-0.08140374,0,33.14426803588867,-0.007544154766947031,5.353341579437256,1.1270297765731812,0.0027993745170533657
965,-0.00765482522547245,0.1041247049967448,-0.07994785672053695,-0.031831674,0,33.168296813964844,-0.02353372611105442,5.3543701171875,1.1993088722229004,0.07076843827962875
966,0.06642184406518936,0.11875406901041667,0.0010047387331724167,-0.053336963,0,33.195701599121094,-0.023332778364419937,5.359787940979004,1.3758888244628906,0.27689430117607117
967,0.09086771309375763,0.11637369791666667,0.033484408631920815,-0.058990385,0,33.222557067871094,-0.016635896638035774,5.372042655944824,1.3813529014587402,0.5939326286315918
968,0.10086843371391296,0.12858963012695312,0.044842411298304796,-0.0725636,0,33.25223159790039,-0.007667414378374815,5.391952991485596,1.4859023094177246,0.9879211187362671
969,0.000805296003818512,0.13682174682617188,-0.06778729381039739,-0.068229154,0,33.28380584716797,0.021224873140454292,5.415894985198975,1.588409185409546,1.172187089920044
970,-0.043731629848480225,0.1410700480143229,-0.14608982019126415,-0.038711857,0,33.31636047363281,0.05044283717870712,5.440710067749023,1.6373534202575684,1.2153565883636475
971,0.017681721597909927,0.14138412475585938,-0.08617449551820755,-0.037527908,0,33.3489875793457,0.06767773628234863,5.4659295082092285,1.6384280920028687,1.2487703561782837
972,0.03208315372467041,0.12667210896809897,-0.04874143749475479,-0.04584752,0,33.37821960449219,0.07742602378129959,5.486283302307129,1.4682886600494385,1.014045000076294
973,0.028568923473358154,0.12981287638346353,-0.035483017563819885,-0.06576093,0,33.40817642211914,0.08452262729406357,5.497530460357666,1.5015692710876465,0.5622762441635132
974,0.059066176414489746,0.12139892578125,0.027802102267742157,-0.09013486,0,33.43619155883789,0.07896220684051514,5.505140781402588,1.3991321325302124,0.39780953526496887
975,0.07862048596143723,0.11753082275390625,0.043143145740032196,-0.08205349,0,33.463314056396484,0.0703335776925087,5.510692596435547,1.3548966646194458,0.27568238973617554
976,0.1330912709236145,0.11567942301432292,0.06354296579957008,-0.04613112,0,33.49000930786133,0.05762498453259468,5.512143135070801,1.3312374353408813,0.09346819669008255
977,0.13418273627758026,0.1132494608561198,0.05977286025881767,-0.03883958,0,33.516143798828125,0.045670412480831146,5.509288787841797,1.3024307489395142,-0.12473040819168091
978,0.11867651343345642,0.11601003011067708,0.03168852999806404,-0.029022053,0,33.54291534423828,0.03933270648121834,5.501657962799072,1.3348193168640137,-0.3725622892379761
979,0.12058867514133453,0.1219774881998698,0.035668667405843735,-0.037057474,0,33.57106399536133,0.03219897300004959,5.48876428604126,1.4038031101226807,-0.6322826147079468
980,0.12711991369724274,0.1321436564127604,0.039735306054353714,-0.04475905,0,33.601558685302734,0.02425191178917885,5.472481727600098,1.5240947008132935,-0.8024390935897827
981,0.14314378798007965,0.1294987996419271,0.03817422315478325,-0.024529228,0,33.63144302368164,0.0166170671582222,5.451993465423584,1.4978320598602295,-1.0167258977890015
982,0.0025297775864601135,0.14495468139648438,-0.10280057787895203,-0.039624326,0,33.664894104003906,0.037177182734012604,5.431217193603516,1.6533502340316772,-1.1390644311904907
983,0.11507517099380493,0.13358179728190103,0.02244299277663231,-0.04094961,0,33.69572067260742,0.03268858417868614,5.409472465515137,1.5825095176696777,-1.1240664720535278
984,0.10252782702445984,0.13918558756510416,0.0006185099482536316,-0.03727627,0,33.727840423583984,0.032564882189035416,5.386637210845947,1.605536699295044,-1.1385655403137207
985,0.06047894060611725,0.14373143513997397,-0.049060024321079254,-0.034192473,0,33.761009216308594,0.042376887053251266,5.360250949859619,1.6576147079467773,-1.3264873027801514
986,0.17063745856285095,0.14429346720377603,0.059748291969299316,-0.033404313,0,33.794307708740234,0.030427228659391403,5.3322978019714355,1.6567128896713257,-1.3876690864562988
987,0.1772332638502121,0.13930130004882812,0.1071036048233509,-0.06917164,0,33.826454162597656,0.009006507694721222,5.307374477386475,1.6064910888671875,-1.217452049255371
988,0.04930339753627777,0.11852264404296875,-0.04513591527938843,-0.024083331,0,33.85380554199219,-0.018033690750598907,5.308905601501465,1.3864225149154663,-0.014028794132173061
989,0.01583118736743927,0.11660512288411458,-0.06158938631415367,-0.039184548,0,33.880714416503906,-0.03035156801342964,5.317190170288086,1.355342984199524,0.37396788597106934
990,0.08592214435338974,0.12126668294270833,-0.005452726036310196,-0.029891811,0,33.90869903564453,-0.03144211322069168,5.323829174041748,1.4061131477355957,0.3080390691757202
991,0.10664021968841553,0.12467193603515625,0.024282000958919525,-0.04231372,0,33.937469482421875,-0.026585713028907776,5.333466053009033,1.4396177530288696,0.47686946392059326
992,0.16689133644104004,0.12748209635416666,0.05933883134275675,-0.01992959,0,33.966888427734375,-0.014717946760356426,5.3423871994018555,1.4737563133239746,0.4347732663154602
993,0.14354035258293152,0.12194442749023438,0.03235191572457552,-0.010755986,0,33.99502944946289,-0.008247563615441322,5.3476362228393555,1.4111294746398926,0.2594250440597534
994,0.04622292518615723,0.11032358805338542,-0.03670237958431244,-0.027398283,0,34.02048873901367,-0.01558803953230381,5.347596168518066,1.2747023105621338,0.01203348021954298
995,-0.00992201641201973,0.11539840698242188,-0.07845808751881123,-0.046862338,0,34.047119140625,-0.031279657036066055,5.343602180480957,1.3310421705245972,-0.17500677704811096
996,0.07211469858884811,0.1227874755859375,-0.021003279834985733,-0.029669499,0,34.07545471191406,-0.0354803130030632,5.334897994995117,1.4204158782958984,-0.4230462610721588
997,0.14538714289665222,0.12966410319010416,0.04471002146601677,-0.028986981,0,34.105377197265625,-0.026538308709859848,5.322980880737305,1.5012089014053345,-0.6011693477630615
998,0.14622411131858826,0.12151463826497395,0.05479613784700632,-0.03008667,0,34.133419036865234,-0.015579081140458584,5.32460355758667,1.4181077480316162,0.07554761320352554
999,0.12544192373752594,0.11161295572916667,0.029054181650280952,-0.015225218,0,34.159175872802734,-0.009768244810402393,5.330779075622559,1.289529800415039,0.3050190210342407
1000,0.04782382398843765,0.10199228922526042,-0.029043108224868774,-0.025125356,0,34.18271255493164,-0.015576866455376148,5.332319259643555,1.1775137186050415,0.08567320555448532
1001,0.06187369301915169,0.11005910237630208,-0.012919860891997814,-0.035265546,0,34.20811080932617,-0.01816083863377571,5.331244945526123,1.2708141803741455,-0.04901682585477829
1002,0.1179174929857254,0.10995992024739583,0.038794525898993015,-0.030836957,0,34.23348617553711,-0.010401933453977108,5.328256607055664,1.2718970775604248,-0.1523275226354599
1003,0.07112385332584381,0.1217791239420573,-0.007137455977499485,-0.043517813,0,34.26158905029297,0.011829424649477005,5.3300323486328125,1.4160352945327759,0.08984250575304031
1004,-0.02558477781713009,0.1134808858235677,-0.09761659428477287,-0.04144907,0,34.287776947021484,0.03135274350643158,5.333630084991455,1.3181194067001343,0.16549436748027802
1005,0.06508439779281616,0.10164515177408855,0.02608506940305233,-0.06264582,0,34.31123352050781,0.026135729625821114,5.3311896324157715,1.1716668605804443,-0.11257460713386536
1006,0.13640138506889343,0.10366185506184895,0.0915473559871316,-0.058807824,0,34.33515548706055,0.007826258428394794,5.324477672576904,1.1888982057571411,-0.3137971758842468
1007,0.042390868067741394,0.10622406005859375,-0.027701277285814285,-0.03613192,0,34.35966873168945,-0.013366513885557652,5.314615726470947,1.2195203304290771,-0.46676918864250183
1008,-0.0008027367293834686,0.136474609375,-0.10126519482582808,-0.03601215,0,34.39116287231445,-0.03361955285072327,5.30612325668335,1.5759854316711426,-0.3996691107749939
1009,0.10381560027599335,0.1452356974283854,-0.02313859760761261,-0.018281495,0,34.424678802490234,-0.03824727237224579,5.296133041381836,1.6801033020019531,-0.48944318294525146
1010,0.051831167191267014,0.1386566162109375,-0.047203972935676575,-0.039621476,0,34.4566764831543,-0.047688066959381104,5.287575721740723,1.6110996007919312,-0.4256246089935303
1011,0.09142304211854935,0.13748296101888022,0.014468207955360413,-0.060528122,0,34.4884033203125,-0.04479442536830902,5.2841033935546875,1.5882385969161987,-0.1705833077430725
1012,0.16641803085803986,0.13817723592122397,0.06500024348497391,-0.036759447,0,34.52029037475586,-0.03179437667131424,5.283397674560547,1.597612738609314,-0.046609532088041306
1013,0.21708619594573975,0.14039230346679688,0.10244435630738735,-0.025750466,0,34.55268859863281,-0.011305505409836769,5.282323837280273,1.625515103340149,-0.07377959042787552
1014,0.12728244066238403,0.1384913126627604,0.02963317558169365,-0.04084205,0,34.58464813232422,-0.005378870293498039,5.274116039276123,1.5990742444992065,-0.41580137610435486
1015,-0.011700376868247986,0.12589518229166666,-0.0818733312189579,-0.05572223,0,34.61370086669922,-0.02175353653728962,5.263824939727783,1.4623266458511353,-0.5449982285499573
1016,0.06775587797164917,0.13688786824544272,-0.04780842922627926,-0.021323558,0,34.64529037475586,-0.03131522238254547,5.253113269805908,1.576991319656372,-0.5257729291915894
1017,0.03177271783351898,0.13870620727539062,-0.06302531808614731,-0.04390817,0,34.67729949951172,-0.04392028599977493,5.24437141418457,1.5942323207855225,-0.4218399226665497
1018,0.015512563288211823,0.13637542724609375,-0.04710657522082329,-0.073756285,0,34.708770751953125,-0.05334160104393959,5.2405524253845215,1.572082757949829,-0.16912437975406647
1019,0.09980172663927078,0.13773091634114584,-0.011247247457504272,-0.026681937,0,34.74055480957031,-0.055591050535440445,5.236766815185547,1.5881645679473877,-0.18631857633590698
1020,0.10234364867210388,0.13827641805013022,-0.011374112218618393,-0.02455866,0,34.772464752197266,-0.057865872979164124,5.232687473297119,1.5948307514190674,-0.2012026160955429
1021,0.11585376411676407,0.132904052734375,0.008513443171977997,-0.025563737,0,34.80313491821289,-0.056163184344768524,5.236804485321045,1.5337191820144653,0.2036038190126419
1022,0.1451619416475296,0.13093694051106772,0.025773849338293076,-0.011548848,0,34.833351135253906,-0.05100841447710991,5.243062973022461,1.5113587379455566,0.30874747037887573
1023,0.14527428150177002,0.12637456258138022,0.023508872836828232,-0.004609158,0,34.86251449584961,-0.04630663990974426,5.248013019561768,1.4614319801330566,0.246174156665802
1024,0.20191404223442078,0.13675562540690103,0.09773662313818932,-0.032578193,0,34.894073486328125,-0.0267593152821064,5.253115177154541,1.5836809873580933,0.2375754415988922
1025,0.19005431234836578,0.1359125773111979,0.10073990561068058,-0.04659817,0,34.925437927246094,-0.0066113341599702835,5.260733604431152,1.5743522644042969,0.3626374304294586
1026,0.06398403644561768,0.12072118123372395,-0.006843223236501217,-0.04989392,0,34.95329666137695,-0.007979978807270527,5.262637615203857,1.3939099311828613,0.09864193946123123
1027,-0.0037423036992549896,0.11187744140625,-0.07783353794366121,-0.037786208,0,34.9791145324707,-0.02354668639600277,5.260058403015137,1.2875990867614746,-0.10718798637390137
1028,0.021096203476190567,0.1315485636393229,-0.06502379663288593,-0.045428563,0,35.00947189331055,-0.036551445722579956,5.252801418304443,1.514553189277649,-0.34299394488334656
1029,0.0334789976477623,0.1358464558919271,-0.0713423453271389,-0.031025112,0,35.04082107543945,-0.050819914788007736,5.241776943206787,1.5659443140029907,-0.5284876823425293
1030,0.07735215872526169,0.13989639282226562,-0.04393037408590317,-0.01861386,0,35.07310485839844,-0.05960598960518837,5.235648155212402,1.5780198574066162,-0.37490588426589966
1031,0.04007650539278984,0.14161554972330728,-0.05625525489449501,-0.04528379,0,35.10578536987305,-0.07085704058408737,5.228632926940918,1.628051996231079,-0.33665958046913147
1032,0.03499245643615723,0.13594563802083334,-0.0310661643743515,-0.06988702,0,35.13715744018555,-0.07707027345895767,5.226513862609863,1.5757025480270386,-0.08063817024230957
1033,0.09614760428667068,0.1373011271158854,-0.010275505483150482,-0.030878015,0,35.16884231567383,-0.07912537455558777,5.225225925445557,1.5839020013809204,-0.06180455535650253
1034,0.11678040772676468,0.13807805379231772,0.005462393164634705,-0.026760034,0,35.200706481933594,-0.07803289592266083,5.224009037017822,1.5932724475860596,-0.06153058633208275
1035,0.13190858066082,0.13883845011393228,0.014889314770698547,-0.021819195,0,35.23274612426758,-0.07505503296852112,5.222278594970703,1.6022698879241943,-0.08916403353214264
1036,0.13498100638389587,0.13930130004882812,0.015318654477596283,-0.019638952,0,35.264892578125,-0.07199130207300186,5.219583511352539,1.6078578233718872,-0.13753217458724976
1037,0.12769928574562073,0.13951619466145834,0.009139254689216614,-0.020956166,0,35.297088623046875,-0.07016345113515854,5.215954780578613,1.6100434064865112,-0.18300814926624298
1038,0.11618185043334961,0.1396814982096354,0.0004536285996437073,-0.02395327,0,35.329322814941406,-0.0700727254152298,5.2119364738464355,1.6115235090255737,-0.2007606029510498
1039,0.10335779190063477,0.1351191202799479,-0.007225647568702698,-0.024535688,0,35.360504150390625,-0.07151785492897034,5.215407848358154,1.5585691928863525,0.1745830625295639
1040,0.12447553128004074,0.13447443644205728,0.010595954954624176,-0.020594858,0,35.391536712646484,-0.0693986639380455,5.220746040344238,1.5516691207885742,0.2656468451023102
1041,0.1424071043729782,0.13839213053385416,0.05331464111804962,-0.049299676,0,35.4234733581543,-0.05873573571443558,5.231029510498047,1.5988531112670898,0.5038768649101257
1042,0.21941348910331726,0.14273961385091147,0.1115892082452774,-0.034915324,0,35.45641326904297,-0.036417894065380096,5.243646621704102,1.6520253419876099,0.6095179915428162
1043,0.18344810605049133,0.13533401489257812,0.06560257636010647,-0.017488481,0,35.48764419555664,-0.023297378793358803,5.253330707550049,1.5680104494094849,0.4757482409477234
1044,0.05227029696106911,0.12273788452148438,-0.02665775828063488,-0.043809827,0,35.515968322753906,-0.02862893044948578,5.25441837310791,1.4175115823745728,0.06817973405122757
1045,-0.012261524796485901,0.12017567952473958,-0.07592542096972466,-0.056511782,0,35.543701171875,-0.04381401464343071,5.253950595855713,1.4005029201507568,-0.051669180393218994
1046,0.02292095497250557,0.13837560017903647,-0.07516773417592049,-0.04028691,0,35.57563400268555,-0.05884756147861481,5.249035835266113,1.621871829032898,-0.20335666835308075
1047,0.048057764768600464,0.1537322998046875,-0.07603351026773453,-0.029641027,0,35.61111068725586,-0.07405426353216171,5.242530822753906,1.7717101573944092,-0.30358508229255676
1048,0.17155760526657104,0.163848876953125,0.027103833854198456,-0.019395117,0,35.648921966552734,-0.06863349676132202,5.236292839050293,1.872626781463623,-0.3670578598976135
1049,0.034626130014657974,0.15298843383789062,-0.08295822888612747,-0.035404075,0,35.684226989746094,-0.08522514253854752,5.230664253234863,1.7639148235321045,-0.26129865646362305
1050,0.04365990310907364,0.15229415893554688,-0.03947935998439789,-0.069154896,0,35.7193717956543,-0.0931210145354271,5.230177402496338,1.7561906576156616,-0.013129441998898983
1051,0.1716122031211853,0.15665817260742188,0.0603242963552475,-0.045370266,0,35.755523681640625,-0.0810561552643776,5.230866432189941,1.8099443912506104,0.0229027159512043
1052,0.16519738733768463,0.15358352661132812,0.04786510020494461,-0.03625123,0,35.79096603393555,-0.07148313522338867,5.233235836029053,1.773911714553833,0.10934950411319733
1053,0.21471333503723145,0.1549555460611979,0.10021599009633064,-0.040458206,0,35.826725006103516,-0.05143993720412254,5.238790035247803,1.792349100112915,0.25835713744163513
1054,0.26283422112464905,0.15631103515625,0.13015163131058216,-0.023628438,0,35.862796783447266,-0.02540961094200611,5.243795394897461,1.8108664751052856,0.22583045065402985
1055,0.1400325447320938,0.14878972371419272,0.03728191368281841,-0.046039093,0,35.897132873535156,-0.01795322820544243,5.240708827972412,1.7181015014648438,-0.16086804866790771
1056,0.05225580930709839,0.14426040649414062,-0.04493743181228638,-0.047067165,0,35.930423736572266,-0.026940714567899704,5.234691619873047,1.6691237688064575,-0.31651681661605835
1057,0.006644979119300842,0.14366531372070312,-0.10877048596739769,-0.028249849,0,35.96357727050781,-0.04869481176137924,5.225869655609131,1.650363564491272,-0.41728198528289795
1058,0.10123153030872345,0.15538533528645834,-0.034832265228033066,-0.019321539,0,35.99943542480469,-0.055661264806985855,5.219615459442139,1.7540744543075562,-0.3815789818763733
1059,0.054367974400520325,0.1565093994140625,-0.049088653177022934,-0.053052768,0,36.035552978515625,-0.06547899544239044,5.213286876678467,1.7998180389404297,-0.3035699427127838
1060,0.04427878558635712,0.15307108561197916,-0.03340132534503937,-0.07539097,0,36.07087707519531,-0.07215926051139832,5.212199687957764,1.7680799961090088,-0.02806863933801651
1061,0.10713319480419159,0.15383148193359375,-0.0054357945919036865,-0.041262496,0,36.10637664794922,-0.07324641942977905,5.2135138511657715,1.774310827255249,0.06739263236522675
1062,0.1431007981300354,0.15464146931966147,0.021121427416801453,-0.0326621,0,36.14206314086914,-0.06902213394641876,5.215732097625732,1.7847118377685547,0.1071687713265419
1063,0.1763661652803421,0.1553522745768229,0.04295704886317253,-0.021943156,0,36.177913665771484,-0.060430724173784256,5.21737813949585,1.7938960790634155,0.07411260157823563
1064,0.18828099966049194,0.15520350138346353,0.04399409517645836,-0.010916585,0,36.21372985839844,-0.051631905138492584,5.217008113861084,1.7924593687057495,-0.026866231113672256
1065,0.1509406864643097,0.1501286824544271,0.01625102013349533,-0.015439012,0,36.248374938964844,-0.04838170111179352,5.221034049987793,1.7326856851577759,0.19785308837890625
1066,0.15481162071228027,0.14743423461914062,0.019014477729797363,-0.011637093,0,36.28239822387695,-0.044578805565834045,5.226014137268066,1.7015413045883179,0.24597792327404022
1067,0.15277637541294098,0.15026092529296875,0.04664778709411621,-0.044132337,0,36.317073822021484,-0.0352492481470108,5.235217571258545,1.7363539934158325,0.4521619975566864
1068,0.1315874308347702,0.14252471923828125,0.013084262609481812,-0.024021557,0,36.3499641418457,-0.03263239562511444,5.238483428955078,1.6467915773391724,0.1596963256597519
1069,0.01119038462638855,0.12822596232096353,-0.08040264248847961,-0.036632936,0,36.379554748535156,-0.048712924122810364,5.237215518951416,1.4778910875320435,-0.04002918303012848
1070,0.015648700296878815,0.13556543986002603,-0.07604632526636124,-0.043870416,0,36.41083908081055,-0.06392218917608261,5.2304487228393555,1.5606926679611206,-0.3174094259738922
1071,0.04737791419029236,0.14773178100585938,-0.07422935217618942,-0.026124517,0,36.44493103027344,-0.0787680596113205,5.219706058502197,1.7078074216842651,-0.5147031545639038
1072,0.155772402882576,0.15675735473632812,0.020527467131614685,-0.02151242,0,36.48110580444336,-0.07466256618499756,5.209036827087402,1.7982158660888672,-0.5732345581054688
1073,0.07990119606256485,0.13936742146809897,-0.00047091394662857056,-0.058995314,0,36.513267517089844,-0.07475674897432327,5.214431285858154,1.597683310508728,0.2845650613307953
1074,0.1707688421010971,0.1352513631184896,0.07610749453306198,-0.040590018,0,36.54447937011719,-0.059535250067710876,5.224813461303711,1.5658303499221802,0.5072141885757446
1075,0.17476949095726013,0.13409423828125,0.07042590528726578,-0.029750649,0,36.57542419433594,-0.04545006901025772,5.233861446380615,1.5516501665115356,0.44077378511428833
1076,0.1773279309272766,0.13404464721679688,0.06841065362095833,-0.025127359,0,36.60635757446289,-0.031767938286066055,5.241135597229004,1.5505304336547852,0.351200133562088
1077,0.18694256246089935,0.13354873657226562,0.07087443955242634,-0.017480614,0,36.637176513671875,-0.017593050375580788,5.247317790985107,1.5447356700897217,0.2955935299396515
1078,0.18663188815116882,0.13257344563802084,0.06897670333273709,-0.014918266,0,36.66777038574219,-0.00379770970903337,5.252724647521973,1.5336984395980835,0.25737881660461426
1079,0.08551573008298874,0.13116836547851562,-0.03296421025879681,-0.012688429,0,36.69804000854492,0.010390551760792732,5.2573161125183105,1.5177823305130005,0.21643154323101044
1080,0.050096545368433,0.1291020711263021,-0.06671898066997528,-0.012286543,0,36.72783279418945,0.02373434789478779,5.261075019836426,1.494069218635559,0.17595431208610535
1081,0.05117189139127731,0.1263580322265625,-0.058826589956879616,-0.016359553,0,36.75699234008789,0.03549966588616371,5.263985633850098,1.462143898010254,0.1352623552083969
1082,0.06999245285987854,0.121795654296875,-0.03077106550335884,-0.021032143,0,36.785099029541016,0.04165387898683548,5.266025066375732,1.4083234071731567,0.09773311764001846
1083,0.140994593501091,0.113861083984375,0.06985418498516083,-0.04272067,0,36.81137466430664,0.027683041989803314,5.2668585777282715,1.3081164360046387,0.05117794871330261
1084,0.20315644145011902,0.10438919067382812,0.12028927798382938,-0.021522023,0,36.83546447753906,0.0036251863930374384,5.267880916595459,1.197310447692871,0.07543221861124039
1085,-0.04663636535406113,0.09985987345377605,-0.08152182097546756,-0.06497442,0,36.8585090637207,-0.01992955058813095,5.26845121383667,1.1481223106384277,0.05556418001651764
1086,0.022814657539129257,0.11224110921223958,-0.04412452690303326,-0.045301925,0,36.8844108581543,-0.028754455968737602,5.271796703338623,1.2953826189041138,0.1794973611831665
1087,0.1134246364235878,0.12315114339192708,0.045750485733151436,-0.055476986,0,36.9128303527832,-0.019604358822107315,5.27994441986084,1.4287166595458984,0.4039047062397003
1088,0.13637077808380127,0.11853917439778645,0.0689302384853363,-0.051098626,0,36.940185546875,-0.005818311125040054,5.293938159942627,1.4180084466934204,0.6633443832397461
1089,0.047374702990055084,0.12696965535481772,-0.01183600164949894,-0.06775895,0,36.969486236572266,0.008185511454939842,5.314544200897217,1.4695854187011719,1.0183838605880737
1090,-0.05893510580062866,0.1298955281575521,-0.13508095405995846,-0.05374968,0,36.99946212768555,0.035201702266931534,5.3385186195373535,1.5088839530944824,1.1762608289718628
1091,-0.05950331315398216,0.13563156127929688,-0.15263156965374947,-0.042503305,0,37.03076171875,0.06572801619768143,5.364276885986328,1.5756620168685913,1.2616338729858398
1092,0.006043996661901474,0.13430913289388022,-0.09147912263870239,-0.036786012,0,37.0617561340332,0.0840238407254219,5.391351222991943,1.560059905052185,1.345237374305725
1093,0.039372771978378296,0.11635716756184895,-0.03079887479543686,-0.046185523,0,37.08860778808594,0.09018361568450928,5.413458347320557,1.3495770692825317,1.1068596839904785
1094,0.03918968141078949,0.11729939778645833,-0.007488317787647247,-0.0706214,0,37.11567687988281,0.09168127924203873,5.426166534423828,1.3558437824249268,0.646967887878418
1095,0.006816573441028595,0.11915079752604167,-0.031452476978302,-0.080881745,0,37.14317321777344,0.09797177463769913,5.432954788208008,1.3762099742889404,0.3415563702583313
1096,0.03504740074276924,0.11558024088541667,-0.01828812062740326,-0.062244717,0,37.16984558105469,0.10162939876317978,5.436934947967529,1.333322525024414,0.2064882069826126
1097,0.05897121876478195,0.11153030395507812,-0.006014592945575714,-0.046544492,0,37.19558334350586,0.10283231735229492,5.4374003410339355,1.2946707010269165,0.020105896517634392
1098,0.06002261862158775,0.11371231079101562,-0.007092617452144623,-0.046597075,0,37.221824645996094,0.10425084084272385,5.433325290679932,1.3071701526641846,-0.20155109465122223
1099,0.0515233539044857,0.11556371053059895,-0.014094337821006775,-0.04994602,0,37.24849319458008,0.1070697084069252,5.424585819244385,1.3301036357879639,-0.4370931088924408
1100,0.05101918429136276,0.11987813313802083,-0.023182407021522522,-0.045676544,0,37.27615737915039,0.1117061898112297,5.411107540130615,1.3760029077529907,-0.677229106426239
1101,0.059065498411655426,0.12172953287760417,-0.016184523701667786,-0.04647951,0,37.30424880981445,0.11494309455156326,5.393616676330566,1.3962180614471436,-0.8811784386634827
1102,0.03990548104047775,0.12852350870768228,-0.04507914185523987,-0.043538883,0,37.33390808105469,0.12395892292261124,5.379909515380859,1.4689443111419678,-0.7545720338821411
1103,0.12317396700382233,0.13500340779622397,0.03017313778400421,-0.042002577,0,37.36506271362305,0.1179242953658104,5.362846374511719,1.5552318096160889,-0.8483492732048035
1104,0.22589203715324402,0.12683741251627603,0.14305740594863892,-0.044002764,0,37.39433288574219,0.08931281417608261,5.34821081161499,1.4889134168624878,-0.7710591554641724
1105,0.17958427965641022,0.13344955444335938,0.08760370314121246,-0.041468978,0,37.42512893676758,0.07179207354784012,5.331585884094238,1.529504656791687,-0.811515212059021
1106,0.15898306667804718,0.13288752237955728,0.08252859115600586,-0.056433056,0,37.45579528808594,0.05528635531663895,5.312267780303955,1.519041895866394,-0.9430060982704163
1107,0.10295142233371735,0.12584559122721353,0.03451479598879814,-0.057408962,0,37.48483657836914,0.04838339611887932,5.2966084480285645,1.4505109786987305,-0.7728563547134399
1108,0.12876203656196594,0.1255315144856771,0.03629930317401886,-0.033068776,0,37.5138053894043,0.041123535484075546,5.2787394523620605,1.4463807344436646,-0.8856929540634155
1109,0.1669314205646515,0.13487116495768228,0.06516006775200367,-0.033099808,0,37.54492950439453,0.028091521933674812,5.256942272186279,1.553694486618042,-1.077738881111145
1110,0.16042688488960266,0.128936767578125,0.06503169424831867,-0.033541568,0,37.574684143066406,0.015085183084011078,5.237654209136963,1.4873112440109253,-0.9544336199760437
1111,0.08123709261417389,0.12933349609375,0.01900095958262682,-0.067097366,0,37.604530334472656,0.011284991167485714,5.22085428237915,1.4898632764816284,-0.8073300719261169
1112,0.06510084867477417,0.11528269449869792,0.0025044800713658333,-0.052686326,0,37.631134033203125,0.010784095153212547,5.225726127624512,1.3577353954315186,0.10842006653547287
1113,0.12567012012004852,0.10622406005859375,0.0385614950209856,-0.019115428,0,37.65564727783203,0.0030717961490154266,5.233666896820068,1.2411013841629028,0.3244243860244751
1114,0.05755819380283356,0.10045496622721355,-0.03036520443856716,-0.012531573,0,37.678829193115234,-0.009144837036728859,5.239577293395996,1.1711441278457642,0.24635490775108337
1115,0.03218945488333702,0.0985705057779948,-0.055762771517038345,-0.010618281,0,37.701576232910156,-0.020297391340136528,5.243812561035156,1.149861454963684,0.17974980175495148
1116,0.07503657042980194,0.1067365010579427,-0.007210802286863327,-0.024489129,0,37.7262077331543,-0.021739551797509193,5.248309135437012,1.241870403289795,0.1879316121339798
1117,0.025951579213142395,0.1025543212890625,-0.050899749621748924,-0.02570299,0,37.749874114990234,-0.03191950172185898,5.251672744750977,1.1812074184417725,0.14187799394130707
1118,0.02571818232536316,0.0954132080078125,-0.061358194798231125,-0.00833683,0,37.77189254760742,-0.0441911406815052,5.254626750946045,1.0995370149612427,0.1367020308971405
1119,0.03842949494719505,0.10179392496744792,-0.050593893975019455,-0.012770538,0,37.79538345336914,-0.054309919476509094,5.257448196411133,1.1748859882354736,0.1340920478105545
1120,0.08970776200294495,0.10913340250651042,0.02182627096772194,-0.04125191,0,37.8205680847168,-0.049944665282964706,5.262154579162598,1.2608689069747925,0.23176786303520203
1121,0.10904334485530853,0.10480244954427083,0.02452487125992775,-0.020283982,0,37.84475326538086,-0.045039691030979156,5.264566421508789,1.2115483283996582,0.11142737418413162
1122,0.08001775294542313,0.1035626729329427,-0.006513167172670364,-0.017031753,0,37.86865234375,-0.04634232446551323,5.266168594360352,1.1986327171325684,0.07897006720304489
1123,0.08957090973854065,0.10827382405598958,0.04119986668229103,-0.059902783,0,37.893638610839844,-0.03810235112905502,5.2720417976379395,1.2536166906356812,0.28816407918930054
1124,0.1299346536397934,0.1075299580891927,0.07437498308718204,-0.051970292,0,37.918453216552734,-0.023227354511618614,5.282210826873779,1.2470555305480957,0.49721482396125793
1125,0.1786337047815323,0.10757954915364583,0.0868734740652144,-0.015819311,0,37.94327926635742,-0.005852659698575735,5.289715766906738,1.2491607666015625,0.36345839500427246
1126,0.07301009446382523,0.09514872233072917,0.009359840769320726,-0.03149847,0,37.96523666381836,-0.00398069154471159,5.291765213012695,1.1022624969482422,0.10779212415218353
1127,-0.04840799793601036,0.08673477172851562,-0.07949238177388906,-0.055650387,0,37.985252380371094,-0.019879167899489403,5.29031229019165,0.998071014881134,-0.04948187619447708
1128,-0.05657251551747322,0.08005650838216145,-0.10212124325335026,-0.03450778,0,38.003726959228516,-0.040303416550159454,5.284049034118652,0.9322651624679565,-0.26778388023376465
1129,-0.058242712169885635,0.0815442403157552,-0.09593216702342033,-0.043854784,0,38.022544860839844,-0.05948984995484352,5.273346900939941,0.9360669255256653,-0.5090364217758179
1130,-0.04678177088499069,0.0972150166829427,-0.08707141503691673,-0.05692537,0,38.044979095458984,-0.07690413296222687,5.259652137756348,1.1150559186935425,-0.6634035706520081
1131,0.14495182037353516,0.14930216471354166,0.04847582429647446,-0.052826174,0,38.07943344116211,-0.06720896810293198,5.250499248504639,1.7053546905517578,-0.4940570592880249
1132,0.10633520781993866,0.15110397338867188,-0.0017665699124336243,-0.043002207,0,38.11430358886719,-0.0675622820854187,5.243142604827881,1.7735413312911987,-0.42739617824554443
1133,0.11941001564264297,0.15857569376627603,0.021716617047786713,-0.060882293,0,38.15089797973633,-0.06321895867586136,5.236118316650391,1.8321306705474854,-0.3487824499607086
1134,0.149095818400383,0.15341822306315103,0.07297640666365623,-0.077298805,0,38.186302185058594,-0.04862367734313011,5.241298675537109,1.774924635887146,0.27669480443000793
1135,0.2104761004447937,0.14902114868164062,0.09227851405739784,-0.030823555,0,38.2206916809082,-0.030167974531650543,5.250097751617432,1.726747751235962,0.4266344904899597
1136,0.1991473287343979,0.14116923014322916,0.07430911529809237,-0.01633102,0,38.25326919555664,-0.01530615147203207,5.2571024894714355,1.6350816488265991,0.3400946259498596
1137,0.14013832807540894,0.1444091796875,0.02612427342683077,-0.030395117,0,38.28659439086914,0.010081296786665916,5.264892578125,1.6760090589523315,0.36921969056129456
1138,0.03990142047405243,0.14214452107747397,-0.08541361428797245,-0.016829487,0,38.31939697265625,0.027164019644260406,5.2692341804504395,1.6462150812149048,0.20283271372318268
1139,0.10084737837314606,0.1342595418294271,0.010654684156179428,-0.04406685,0,38.350379943847656,0.02503308281302452,5.269007682800293,1.5504875183105469,-0.005218117963522673
1140,0.1384383738040924,0.12920125325520834,0.03657878376543522,-0.027341662,0,38.38019561767578,0.017717326059937477,5.266303539276123,1.4915668964385986,-0.12380260229110718
1141,0.17899620532989502,0.12885411580403647,0.08147700864356011,-0.03133493,0,38.40993118286133,0.0014219243312254548,5.258889675140381,1.4877454042434692,-0.3517763912677765
1142,-0.005815797485411167,0.12430826822916667,-0.10888785298448056,-0.021236213,0,38.43861770629883,-0.023199494928121567,5.247273921966553,1.4278016090393066,-0.5541737675666809
1143,0.027177389711141586,0.16026178995768228,-0.0978669710457325,-0.03521743,0,38.47560119628906,-0.042772889137268066,5.2362961769104,1.8474317789077759,-0.5226836800575256
1144,0.09363827109336853,0.16578292846679688,-0.02720274031162262,-0.044941913,0,38.513858795166016,-0.04821343719959259,5.225512504577637,1.9216958284378052,-0.5213245153427124
1145,0.08444270491600037,0.15493901570638022,-0.009278729557991028,-0.061217576,0,38.54961395263672,-0.050069183111190796,5.230013370513916,1.77760648727417,0.24964678287506104
1146,0.14436399936676025,0.15530268351236978,0.04237771034240723,-0.053316403,0,38.585453033447266,-0.04159364104270935,5.239808559417725,1.7935806512832642,0.48215314745903015
1147,0.24376973509788513,0.15953445434570312,0.12503265403211117,-0.040797383,0,38.62226867675781,-0.016587110236287117,5.2508931159973145,1.8475587368011475,0.5314314961433411
1148,0.17994706332683563,0.1576995849609375,0.03860261291265488,-0.016355146,0,38.658660888671875,0.008866587653756142,5.260187149047852,1.8285366296768188,0.44384801387786865
1149,0.07656250894069672,0.14335123697916666,-0.025523314252495766,-0.041265417,0,38.691741943359375,0.013971250504255295,5.261229038238525,1.6616253852844238,0.061457909643650055
1150,0.11732257902622223,0.14030965169270834,0.04026616225019097,-0.06325324,0,38.72412109375,0.0059180180542171,5.260299205780029,1.637182593345642,-0.09297293424606323
1151,0.1327212154865265,0.1434504191080729,0.02605131099699065,-0.03678053,0,38.757225036621094,0.00070775585481897,5.253025054931641,1.6523054838180542,-0.3533548414707184
1152,0.08273012191057205,0.15193049112955728,-0.02713752881390974,-0.04206284,0,38.79228591918945,-0.006135261617600918,5.241004467010498,1.760861873626709,-0.5814954042434692
1153,0.11778368055820465,0.16533660888671875,-0.027522966265678406,-0.020029958,0,38.830440521240234,0.011639854870736599,5.2301225662231445,1.881502628326416,-0.6558178663253784
1154,0.15184563398361206,0.15121968587239584,0.02469221130013466,-0.024066266,0,38.86533737182617,0.006701412610709667,5.217247009277344,1.785556435585022,-0.6962156891822815
1155,0.08052249252796173,0.15898895263671875,-0.04881602246314287,-0.029650437,0,38.90202713012695,0.01646461710333824,5.202730178833008,1.8353053331375122,-0.7336957454681396
1156,0.10652472078800201,0.16014607747395834,-0.013786796480417252,-0.039834555,0,38.93898391723633,0.019221976399421692,5.186915874481201,1.8473700284957886,-0.7868185043334961
1157,0.10078954696655273,0.1531702677408854,0.025218692608177662,-0.077599406,0,38.97433090209961,0.01417823787778616,5.175675392150879,1.785922884941101,-0.5499066710472107
1158,0.13745497167110443,0.1461613972981771,0.018643024377524853,-0.027349463,0,39.008060455322266,-0.010449633002281189,5.160451889038086,1.6798346042633057,-0.7354047298431396
1159,-0.03189610317349434,0.14191309611002603,-0.1394878886640072,-0.03432131,0,39.040809631347656,-0.038347210735082626,5.145989894866943,1.6309350728988647,-0.6935113072395325
1160,-0.030922524631023407,0.12921778361002603,-0.11448616161942482,-0.045654148,0,39.07062911987305,-0.06124444305896759,5.148431777954102,1.4863468408584595,0.1454399824142456
1161,0.01121823862195015,0.1304906209309896,-0.06253302097320557,-0.056739364,0,39.10074234008789,-0.0737510472536087,5.156200885772705,1.5029022693634033,0.40371716022491455
1162,0.0895589143037796,0.13356526692708334,0.01071784645318985,-0.054724205,0,39.13156509399414,-0.07160747796297073,5.168359756469727,1.5414069890975952,0.6065078973770142
1163,0.15440431237220764,0.1367060343424479,0.0677047111093998,-0.050006438,0,39.16311264038086,-0.058066535741090775,5.184810161590576,1.5800799131393433,0.8097587823867798
1164,0.2455238699913025,0.14019393920898438,0.1421897206455469,-0.036859788,0,39.195465087890625,-0.029628591611981392,5.202054500579834,1.626279354095459,0.8374214768409729
1165,0.16818958520889282,0.1323089599609375,0.07444988936185837,-0.038569264,0,39.22599792480469,-0.014738613739609718,5.210438251495361,1.5325430631637573,0.409537136554718
1166,0.013540253043174744,0.12024180094401042,-0.03665219061076641,-0.07004936,0,39.253746032714844,-0.022069051861763,5.217269420623779,1.4121531248092651,0.2804986238479614
1167,0.06691795587539673,0.12047322591145833,-0.02284330315887928,-0.03071196,0,39.28154754638672,-0.026637712493538857,5.217648506164551,1.3846715688705444,0.026327133178710938
1168,0.1580883264541626,0.14207839965820312,0.05643962882459164,-0.040429696,0,39.314334869384766,-0.01534978672862053,5.216343879699707,1.6451354026794434,-0.07401958853006363
1169,0.057487376034259796,0.13513565063476562,-0.04698186181485653,-0.03066641,0,39.34552001953125,-0.024746159091591835,5.215250492095947,1.5580575466156006,-0.043879881501197815
1170,0.04931667074561119,0.1370366414388021,-0.05521564744412899,-0.032504324,0,39.37714385986328,-0.03578928858041763,5.214269638061523,1.577039122581482,-0.035970404744148254
1171,0.04303247481584549,0.1400121053059896,-0.0475793331861496,-0.0494003,0,39.409454345703125,-0.04530515521764755,5.211997032165527,1.6083568334579468,-0.09953072667121887
1172,0.049321070313453674,0.13535054524739584,-0.02460068091750145,-0.061428793,0,39.44068908691406,-0.05022529140114784,5.213233470916748,1.5681939125061035,0.08106611669063568
1173,0.12855850160121918,0.13592910766601562,0.011416617780923843,-0.018787216,0,39.4720573425293,-0.047941967844963074,5.213301658630371,1.5698750019073486,0.0028517902828752995
1174,0.14362913370132446,0.14108657836914062,0.021277572959661484,-0.01873502,0,39.504615783691406,-0.04368645325303078,5.210392475128174,1.6315058469772339,-0.14622309803962708
1175,0.15445813536643982,0.14006169637044272,0.0631324015557766,-0.048735965,0,39.53693771362305,-0.031059972941875458,5.212395191192627,1.6198874711990356,0.08893528580665588
1176,0.1365441232919693,0.13368097941080728,0.019944841042160988,-0.017081697,0,39.567787170410156,-0.02707100473344326,5.209391117095947,1.5462478399276733,-0.15021947026252747
1177,-0.008563157171010971,0.12424214680989583,-0.08377791382372379,-0.04902739,0,39.596458435058594,-0.04382658749818802,5.201752662658691,1.4295481443405151,-0.3621545732021332
1178,0.012167755514383316,0.12769699096679688,-0.09279631078243256,-0.022732925,0,39.62592697143555,-0.06238584965467453,5.189362049102783,1.4699249267578125,-0.5957674384117126
1179,0.043474484235048294,0.13482157389322916,-0.06577670574188232,-0.025570381,0,39.657039642333984,-0.075541190803051,5.172616004943848,1.5657609701156616,-0.8166603446006775
1180,0.042337507009506226,0.13217671712239584,-0.05848690867424011,-0.031352304,0,39.68754196166992,-0.08723857253789902,5.157792091369629,1.5099314451217651,-0.7570925951004028
1181,0.09328639507293701,0.13680521647135416,0.008698292076587677,-0.05221711,0,39.719112396240234,-0.08549891412258148,5.146902561187744,1.5362720489501953,-0.5825693607330322
1182,0.09357677400112152,0.1331354777018229,0.015433914959430695,-0.05499262,0,39.74983596801758,-0.08241213113069534,5.140246391296387,1.5369923114776611,-0.33588510751724243
1183,0.10590474307537079,0.123779296875,0.013614781200885773,-0.031489328,0,39.77840042114258,-0.07968917489051819,5.145477771759033,1.4285637140274048,0.2580755949020386
1184,0.1446578949689865,0.12283706665039062,0.044085197150707245,-0.022264374,0,39.80674743652344,-0.07087213546037674,5.153686046600342,1.4187003374099731,0.4025252163410187
1185,0.17699788510799408,0.12227503458658855,0.06665490567684174,-0.011932055,0,39.834964752197266,-0.05754115432500839,5.160538673400879,1.4143081903457642,0.3305700719356537
1186,0.12491782754659653,0.11992772420247395,0.025628376752138138,-0.020638281,0,39.862640380859375,-0.052415478974580765,5.16547155380249,1.385837435722351,0.24284014105796814
1187,0.11364321410655975,0.11857223510742188,0.008762869983911514,-0.013691889,0,39.8900032043457,-0.05066290497779846,5.169744968414307,1.3704265356063843,0.21015655994415283
1188,0.09621243178844452,0.11594390869140625,-0.01054929569363594,-0.009182183,0,39.9167594909668,-0.05277276411652565,5.173180103302002,1.3372688293457031,0.17379912734031677
1189,0.0887986496090889,0.1146710713704427,-0.01766560599207878,-0.008206815,0,39.94322204589844,-0.056305885314941406,5.176229476928711,1.322256088256836,0.15610960125923157
1190,0.08145827054977417,0.11252212524414062,-0.019630789756774902,-0.011433064,0,39.96918869018555,-0.06023204326629639,5.178886890411377,1.2971382141113281,0.13704700767993927
1191,0.09184379875659943,0.1128692626953125,-0.008266028016805649,-0.012759432,0,39.995235443115234,-0.061885248869657516,5.181270599365234,1.3018105030059814,0.12109731882810593
1192,0.07474800199270248,0.11696879069010417,0.015249773859977722,-0.057470568,0,40.0222282409668,-0.05883529409766197,5.189032554626465,1.3516324758529663,0.3868180215358734
1193,0.1200934574007988,0.1136627197265625,0.019321199506521225,-0.012890466,0,40.048458099365234,-0.05497105419635773,5.193809986114502,1.3173011541366577,0.23417353630065918
1194,0.058790020644664764,0.10637283325195312,-0.027007348835468292,-0.020575464,0,40.07300567626953,-0.060372523963451385,5.193536281585693,1.2287929058074951,-0.004681372549384832
1195,0.07777564227581024,0.11696879069010417,-0.00800304114818573,-0.031190109,0,40.099998474121094,-0.06197313219308853,5.194241046905518,1.3535696268081665,0.043140824884176254
1196,0.06549908965826035,0.11172866821289062,-0.003740638494491577,-0.04248894,0,40.12578201293945,-0.06272125989198685,5.1943817138671875,1.295053243637085,0.009320425800979137
1197,0.04389270767569542,0.10665384928385417,-0.015286915004253387,-0.047474224,0,40.150394439697266,-0.06577864289283752,5.194489002227783,1.2319365739822388,0.011814450845122337
1198,0.12880343198776245,0.12480417887369792,0.06379742175340652,-0.059798174,0,40.179195404052734,-0.05301915854215622,5.198853015899658,1.4470182657241821,0.21088089048862457
1199,0.18289491534233093,0.12371317545572917,0.12366136536002159,-0.06447961,0,40.20774459838867,-0.0282868854701519,5.209425926208496,1.4372460842132568,0.5108341574668884
1200,0.16477863490581512,0.14168167114257812,0.09871365502476692,-0.07561669,0,40.240440368652344,0.008544154465198517,5.226132392883301,1.6467915773391724,0.8031127452850342
1201,-0.08304697275161743,0.13268915812174478,-0.18044071272015572,-0.03529542,0,40.271060943603516,0.04463229700922966,5.245789051055908,1.5699628591537476,0.9421798586845398
1202,-0.008699260652065277,0.13501993815104166,-0.09079353883862495,-0.05292566,0,40.30221939086914,0.06279100477695465,5.269108772277832,1.5720750093460083,1.1549792289733887
1203,0.0364198237657547,0.11629104614257812,-0.030605606734752655,-0.049265616,0,40.32905578613281,0.06891212612390518,5.287920951843262,1.3485180139541626,0.9408854842185974
1204,0.05376623570919037,0.11809285481770833,-0.00918518751859665,-0.055141434,0,40.35630798339844,0.07074916362762451,5.297176837921143,1.3647962808609009,0.4724196791648865
1205,0.020604491233825684,0.11847305297851562,-0.023412033915519714,-0.07445653,0,40.38364791870117,0.07543157041072845,5.300671577453613,1.367297649383545,0.17785635590553284
1206,0.03365810960531235,0.1146710713704427,-0.020496249198913574,-0.060516715,0,40.41011047363281,0.07953082025051117,5.302299499511719,1.3346643447875977,0.026124069467186928
1207,0.12097382545471191,0.11496861775716145,0.04809282720088959,-0.042087615,0,40.436641693115234,0.06991225481033325,5.301157474517822,1.3202112913131714,-0.04545670375227928
1208,0.13459643721580505,0.1152331034342448,0.06700772792100906,-0.04764439,0,40.463233947753906,0.05651070922613144,5.296546459197998,1.3212053775787354,-0.21522225439548492
1209,0.15640529990196228,0.11658859252929688,0.08188940584659576,-0.0420727,0,40.49013900756836,0.040132828056812286,5.288275241851807,1.3358802795410156,-0.39552927017211914
1210,0.17338436841964722,0.117828369140625,0.09215004742145538,-0.03659405,0,40.517330169677734,0.02170281857252121,5.276182651519775,1.3500704765319824,-0.5847115516662598
1211,0.13177774846553802,0.12862269083658853,0.03204997628927231,-0.028894918,0,40.54701232910156,0.015292823314666748,5.264228343963623,1.481030821800232,-0.5911222100257874
1212,0.1368657499551773,0.13237508138020834,0.037619792856276035,-0.033129126,0,40.57756042480469,0.007768864743411541,5.250733375549316,1.524114727973938,-0.6667924523353577
1213,0.10130331665277481,0.13541666666666666,0.0060175638645887375,-0.04013092,0,40.60881042480469,-0.0065653519704937935,5.238396644592285,1.5541573762893677,-0.5993063449859619
1214,0.012033939361572266,0.13616053263346353,-0.0627652695402503,-0.06136132,0,40.64023208618164,-0.019118405878543854,5.222548961639404,1.559950590133667,-0.7727068662643433
1215,0.029863014817237854,0.13121795654296875,-0.03130089491605759,-0.07005405,0,40.67051315307617,-0.02537858486175537,5.210220813751221,1.5265815258026123,-0.5915080308914185
1216,0.0734446719288826,0.13283793131510416,-0.037312936037778854,-0.022080323,0,40.701168060302734,-0.03284117206931114,5.19630241394043,1.5305694341659546,-0.6878603100776672
1217,0.06891041994094849,0.1334660847981771,-0.04129581153392792,-0.023259852,0,40.73196792602539,-0.041100334376096725,5.181166648864746,1.5377603769302368,-0.7479609251022339
1218,0.07825280725955963,0.12368011474609375,-0.02147762104868889,-0.02394968,0,40.7605094909668,-0.0453958585858345,5.182027816772461,1.425994634628296,0.04615071415901184
1219,0.11123267561197281,0.1223742167154948,0.007442347705364227,-0.018583886,0,40.78874969482422,-0.04390738904476166,5.1879143714904785,1.4117186069488525,0.294537216424942
1220,0.11685924977064133,0.11850611368815105,0.005641821771860123,-0.007288687,0,40.816097259521484,-0.04277902469038963,5.192143440246582,1.3698298931121826,0.21427834033966064
1221,0.09661997109651566,0.11475372314453125,-0.011316165328025818,-0.0068175867,0,40.84257888793945,-0.0450422577559948,5.194478988647461,1.3266805410385132,0.12432710081338882
1222,0.12865249812602997,0.12615966796875,0.03275768831372261,-0.030264858,0,40.8716926574707,-0.038490720093250275,5.1969733238220215,1.4617611169815063,0.12544897198677063
1223,0.15114042162895203,0.12928390502929688,0.07641352713108063,-0.054557018,0,40.901527404785156,-0.02320801466703415,5.2036824226379395,1.4960826635360718,0.3212294280529022
1224,0.051033660769462585,0.11230723063151042,-0.016473866999149323,-0.0447997,0,40.92744445800781,-0.026502788066864014,5.205381393432617,1.297037124633789,0.09287046641111374
1225,-0.019909195601940155,0.102752685546875,-0.07946919649839401,-0.043192685,0,40.95115661621094,-0.042396627366542816,5.204395294189453,1.1838316917419434,-0.026684321463108063
1226,-0.0556342788040638,0.10624059041341145,-0.11963620781898499,-0.04223866,0,40.97567367553711,-0.06632386893033981,5.20404577255249,1.2240419387817383,0.01642928458750248
1227,-0.056275490671396255,0.10746383666992188,-0.12408357113599777,-0.039655756,0,41.00047302246094,-0.09114058315753937,5.204514980316162,1.2541537284851074,0.06421277672052383
1228,-0.02010575868189335,0.1035626729329427,-0.08127577602863312,-0.042392656,0,41.02437210083008,-0.10739573836326599,5.206364631652832,1.1945346593856812,0.11566173285245895
1229,0.02426031231880188,0.108306884765625,-0.04527386277914047,-0.03877271,0,41.04936599731445,-0.11645051091909409,5.208223342895508,1.2520174980163574,0.10843926668167114
1230,0.06351349502801895,0.11738204956054688,0.013759620487689972,-0.06762817,0,41.076454162597656,-0.11369858682155609,5.216149806976318,1.365269660949707,0.406471312046051
1231,0.1658353954553604,0.12354787190755208,0.09292241185903549,-0.050634887,0,41.10496520996094,-0.09511410444974899,5.22910213470459,1.4360623359680176,0.6364707946777344
1232,0.1237819492816925,0.11596043904622395,0.06892472505569458,-0.061103214,0,41.1317253112793,-0.08132915943861008,5.248507499694824,1.3434678316116333,0.9606606960296631
1233,0.13764315843582153,0.12229156494140625,0.08513424545526505,-0.069782645,0,41.15994644165039,-0.06430231034755707,5.275184154510498,1.4156177043914795,1.3197256326675415
1234,0.24224397540092468,0.12730026245117188,0.17659254372119904,-0.061648812,0,41.18932342529297,-0.02898380160331726,5.306105613708496,1.4788200855255127,1.5154335498809814
1235,0.19864092767238617,0.13526789347330728,0.10956416139379144,-0.046191126,0,41.22053909301758,0.007070969324558973,5.337078094482422,1.5726920366287231,1.5184645652770996
1236,-0.04135669022798538,0.12206013997395833,-0.1306702964939177,-0.032746535,0,41.24870681762695,0.033205028623342514,5.367478847503662,1.4244579076766968,1.500648021697998
1237,-0.023871563374996185,0.1263249715169271,-0.11963110417127609,-0.030565431,0,41.27785873413086,0.05713124945759773,5.398731231689453,1.4660630226135254,1.542389988899231
1238,-0.0008338615298271179,0.1255315144856771,-0.10735539719462395,-0.01900998,0,41.306827545166016,0.07860232889652252,5.429102897644043,1.4560332298278809,1.5001879930496216
1239,0.022173849865794182,0.11693572998046875,-0.07114700973033905,-0.02361487,0,41.33381271362305,0.09283173084259033,5.4569091796875,1.356654167175293,1.3822435140609741
1240,-0.0028584152460098267,0.12156422932942708,-0.0763016939163208,-0.04812095,0,41.36186599731445,0.10809206962585449,5.476542949676514,1.4109976291656494,0.9719806909561157
1241,0.07886099815368652,0.1045214335123698,0.028556697070598602,-0.05421713,0,41.385986328125,0.10238073021173477,5.490859031677246,1.2053427696228027,0.733237624168396
1242,0.04508822411298752,0.1041577657063802,0.030126124620437622,-0.08919566,0,41.4100227355957,0.09635550528764725,5.500699996948242,1.200039267539978,0.5056021213531494
1243,0.027620650827884674,0.10458755493164062,-0.0019085407257080078,-0.07505836,0,41.43415832519531,0.09673721343278885,5.505116939544678,1.2042622566223145,0.226935014128685
1244,0.044668048620224,0.10167821248372395,0.008371062576770782,-0.06538123,0,41.45762252807617,0.09506300091743469,5.507623195648193,1.1713788509368896,0.10238002985715866
1245,0.08208037167787552,0.1007525126139323,0.027258768677711487,-0.045930915,0,41.480873107910156,0.0896112471818924,5.5058979988098145,1.1576365232467651,-0.07792636007070541
1246,0.09127818048000336,0.1017443339029948,0.02638489007949829,-0.03685105,0,41.50435256958008,0.08433426916599274,5.499765872955322,1.1677868366241455,-0.2980402410030365
1247,0.08111639320850372,0.10331471761067708,0.020383037626743317,-0.042581365,0,41.528194427490234,0.08025766164064407,5.489047050476074,1.1858757734298706,-0.5288398861885071
1248,0.06740665435791016,0.10579427083333333,0.007764287292957306,-0.046151906,0,41.552608489990234,0.07870480418205261,5.473491191864014,1.2146471738815308,-0.7734987735748291
1249,0.0613686703145504,0.10857137044270833,-0.005565956234931946,-0.041636746,0,41.57766342163086,0.079817995429039,5.453071594238281,1.2470206022262573,-1.019619107246399
1250,-0.029113393276929855,0.1208038330078125,-0.10553702712059021,-0.0443802,0,41.60554122924805,0.10092540085315704,5.431211948394775,1.4000167846679688,-1.1125667095184326
1251,-0.05841042473912239,0.12414296468098958,-0.1379503309726715,-0.044603057,0,41.63418960571289,0.12851546704769135,5.405423641204834,1.4439064264297485,-1.314605712890625
1252,0.002071905881166458,0.11607615152994792,-0.06877407431602478,-0.045230173,0,41.66097640991211,0.1422702819108963,5.378548622131348,1.3563686609268188,-1.3634239435195923
1253,-0.02309654839336872,0.1192334493001302,-0.09509295225143433,-0.047237046,0,41.68849182128906,0.16128887236118317,5.3491010665893555,1.3836708068847656,-1.4894474744796753
1254,0.10921625792980194,0.14095433553059897,0.02397112548351288,-0.055709198,0,41.72101974487305,0.1564946472644806,5.324442386627197,1.6215788125991821,-1.2391393184661865
1255,0.22962303459644318,0.15589777628580728,0.11221110820770264,-0.03848584,0,41.756996154785156,0.13405242562294006,5.303065299987793,1.7888648509979248,-1.0483497381210327
1256,0.28682637214660645,0.16315460205078125,0.1638268679380417,-0.040155113,0,41.794647216796875,0.10128705203533173,5.282867908477783,1.8687950372695923,-0.9772122502326965
1257,0.253034383058548,0.16455968221028647,0.15087369829416275,-0.062398996,0,41.83262252807617,0.07111231237649918,5.264740467071533,1.878258228302002,-0.8697014451026917
1258,0.18484511971473694,0.15700531005859375,0.09757468476891518,-0.06973487,0,41.86885452270508,0.05159737542271614,5.2488694190979,1.8133152723312378,-0.7590765357017517
1259,0.241828054189682,0.15566635131835938,0.10657180100679398,-0.020410098,0,41.90477752685547,0.030283015221357346,5.230666160583496,1.7891606092453003,-0.8883679509162903
1260,0.17217481136322021,0.12847391764322916,0.08006965275853872,-0.03636875,0,41.934425354003906,0.014269084669649601,5.234357833862305,1.4778000116348267,0.19916991889476776
1261,0.09829474985599518,0.12491989135742188,0.0045761046931147575,-0.031201242,0,41.963253021240234,0.01335386373102665,5.245081424713135,1.4399874210357666,0.539204478263855
1262,0.12434156239032745,0.11896896362304688,0.023120963014662266,-0.01774837,0,41.99070739746094,0.008729671128094196,5.252995491027832,1.3726435899734497,0.4039102792739868
1263,0.07076212763786316,0.1223907470703125,-0.029553291387856007,-0.022075322,0,42.018951416015625,0.014640329405665398,5.260190963745117,1.4148906469345093,0.35634148120880127
1264,0.06593003123998642,0.1230023701985677,-0.03781480714678764,-0.019257529,0,42.04733657836914,0.022203290835022926,5.266766548156738,1.4217435121536255,0.3224581778049469
1265,0.0804034098982811,0.11953099568684895,-0.018120985478162766,-0.021006597,0,42.074920654296875,0.02582748793065548,5.272502899169922,1.3805440664291382,0.28445351123809814
1266,0.11035645753145218,0.11065419514973958,0.01991000957787037,-0.020207739,0,42.10045623779297,0.021845486015081406,5.276926517486572,1.2769161462783813,0.22843429446220398
1267,0.13932467997074127,0.1019426981608073,0.06952786352485418,-0.032145884,0,42.12398147583008,0.007939913310110569,5.2795939445495605,1.1746989488601685,0.15234053134918213
1268,0.05562053620815277,0.0995953877766927,-0.013589947484433651,-0.030384906,0,42.14696502685547,-0.0106579028069973,5.281940460205078,1.1496020555496216,0.14243724942207336
1269,-0.009664956480264664,0.09498341878255208,-0.08804132230579853,-0.016607054,0,42.16888427734375,-0.028266167268157005,5.284499645233154,1.0925179719924927,0.14969514310359955
1270,-0.0039254724979400635,0.09964497884114583,-0.07458589039742947,-0.028984562,0,42.19187927246094,-0.0431833453476429,5.286904335021973,1.1464183330535889,0.1369793713092804
1271,0.05984678864479065,0.10885238647460938,-0.013419203460216522,-0.035586394,0,42.21699905395508,-0.0458671860396862,5.291255474090576,1.2564045190811157,0.2239333987236023
1272,0.12917755544185638,0.11594390869140625,0.03151679411530495,-0.018283142,0,42.24375534057617,-0.039563827216625214,5.294262886047363,1.347799301147461,0.15392136573791504
1273,0.13908769190311432,0.1144561767578125,0.053161485120654106,-0.028529977,0,42.27016830444336,-0.028931530192494392,5.296289443969727,1.3256093263626099,0.09442447870969772
1274,0.11498504877090454,0.1110674540201823,0.021658428013324738,-0.017740827,0,42.295799255371094,-0.024599844589829445,5.298072814941406,1.2872803211212158,0.09162276983261108
1275,0.09856017678976059,0.11237335205078125,0.05487203598022461,-0.06868521,0,42.32173156738281,-0.013625437393784523,5.305593490600586,1.3028937578201294,0.3699692189693451
1276,0.10856205224990845,0.11263783772786458,0.053301978623494506,-0.057377767,0,42.34772491455078,0.002965041669085622,5.317564487457275,1.3053407669067383,0.5845952033996582
1277,0.06308108568191528,0.10063680013020833,-0.012157246237620711,-0.025398467,0,42.370948791503906,0.005396490916609764,5.325486183166504,1.1654808521270752,0.3989485800266266
1278,0.039211489260196686,0.0882886250813802,-0.00531468540430069,-0.043762453,0,42.39132308959961,-0.006459427997469902,5.327517509460449,1.017696499824524,0.12162641435861588
1279,0.026579920202493668,0.09847132364908855,-0.044494010508060455,-0.027397394,0,42.41404724121094,-0.015358230099081993,5.32548189163208,1.1361732482910156,-0.08269720524549484
1280,0.04299711436033249,0.11758041381835938,-0.04199373535811901,-0.032589562,0,42.44118118286133,-0.023756977170705795,5.318864822387695,1.3541312217712402,-0.31608492136001587
1281,0.014582937583327293,0.11019134521484375,-0.06979420781135559,-0.0258142,0,42.466609954833984,-0.03771581873297691,5.311407089233398,1.3001662492752075,-0.43208929896354675
1282,0.02861473523080349,0.11014175415039062,-0.06648682057857513,-0.015040198,0,42.492027282714844,-0.05101318284869194,5.298102378845215,1.266156792640686,-0.6487072110176086
1283,0.14184416830539703,0.12407684326171875,0.04450902342796326,-0.026741702,0,42.520660400390625,-0.04211137816309929,5.284811496734619,1.407553791999817,-0.7292557954788208
1284,0.20165200531482697,0.13143285115559897,0.10664103552699089,-0.036421876,0,42.55099105834961,-0.02078317105770111,5.267520904541016,1.5239229202270508,-0.8824196457862854
1285,0.11885745078325272,0.10329818725585938,0.04901418928056955,-0.033454932,0,42.5748291015625,-0.0109803332015872,5.2709455490112305,1.2266011238098145,0.1330023556947708
1286,0.1186421737074852,0.09961191813151042,0.04874114296399057,-0.029710881,0,42.597816467285156,-0.0012321046087890863,5.279191970825195,1.153117060661316,0.40540429949760437
1287,0.06621760874986649,0.09060287475585938,0.004951456576236524,-0.029336723,0,42.61872482299805,-0.0002418132935417816,5.284093856811523,1.0498387813568115,0.24930118024349213
1288,0.02994515746831894,0.08554458618164062,-0.024432793507003225,-0.031166635,0,42.638465881347656,-0.005128371994942427,5.283740520477295,0.9904195070266724,-0.005400253925472498
1289,0.08866312354803085,0.09774398803710938,0.024053528177319095,-0.033134393,0,42.6610221862793,-0.0003176663594786078,5.278703689575195,1.134915828704834,-0.2479725033044815
1290,0.05168844014406204,0.10478591918945312,-0.018387643358437344,-0.034709834,0,42.685203552246094,0.003995195031166077,5.268831253051758,1.217603325843811,-0.4919636845588684
1291,0.06349395215511322,0.10311635335286458,-0.006368535105139017,-0.033253863,0,42.70899963378906,0.00526890205219388,5.254979133605957,1.194920539855957,-0.6887728571891785
1292,0.06343645602464676,0.07779184977213542,0.012762574478983879,-0.027117968,0,42.726951599121094,-0.0027163871563971043,5.255767822265625,0.9171530604362488,0.0343712754547596
1293,-0.02012155018746853,0.07010523478190105,-0.06633829092606902,-0.023888495,0,42.74312973022461,-0.01598404534161091,5.260432720184326,0.8054841160774231,0.24772965908050537
1294,0.02365126833319664,0.07104746500651042,-0.014609172940254211,-0.032787025,0,42.759525299072266,-0.01890587992966175,5.264904499053955,0.8213295340538025,0.23028483986854553
1295,0.06302359700202942,0.07441965738932292,0.020116609521210194,-0.031512674,0,42.77669906616211,-0.014882558025419712,5.268620014190674,0.8612727522850037,0.18393933773040771
1296,0.040975913405418396,0.07223765055338542,0.0015228800475597382,-0.03278462,0,42.79336929321289,-0.014577982015907764,5.271612644195557,0.835069477558136,0.1513083130121231
1297,-0.01601683348417282,0.065460205078125,-0.048524788580834866,-0.03295225,0,42.808475494384766,-0.024282939732074738,5.270039081573486,0.755333423614502,-0.06607656925916672
1298,-0.07374706864356995,0.062220255533854164,-0.09661195799708366,-0.039355364,0,42.82283401489258,-0.04360533133149147,5.263960838317871,0.7137587070465088,-0.281986266374588
1299,-0.11679773032665253,0.060550689697265625,-0.13689910992980003,-0.040449303,0,42.83680725097656,-0.07098515331745148,5.253220081329346,0.6917391419410706,-0.5067886114120483
1300,0.03387986868619919,0.10822423299153645,-0.03210589289665222,-0.042238474,0,42.86178207397461,-0.07740633189678192,5.247762680053711,1.2379581928253174,-0.2822248935699463
1301,0.07528579235076904,0.11379496256510417,0.010009072721004486,-0.048518244,0,42.88804244995117,-0.07540451735258102,5.238521575927734,1.3168319463729858,-0.4581258296966553
1302,0.10082396864891052,0.1033643086751302,0.06245724856853485,-0.06499758,0,42.911895751953125,-0.06291306763887405,5.242294788360596,1.206604242324829,0.18957312405109406
1303,0.1618504524230957,0.10377756754557292,0.10655604302883148,-0.04848316,0,42.93584442138672,-0.04160185903310776,5.250335216522217,1.2052818536758423,0.38539770245552063
1304,0.18664589524269104,0.1011492411295573,0.12424937449395657,-0.038752716,0,42.95918655395508,-0.016751984134316444,5.258424758911133,1.1768959760665894,0.38437986373901367
1305,0.10202952474355698,0.10147984822591145,0.023240065202116966,-0.022690384,0,42.98260498046875,0.012103971093893051,5.264073848724365,1.1854844093322754,0.26381850242614746
1306,-0.015198081731796265,0.09442138671875,-0.06487971171736717,-0.044739757,0,43.00439453125,0.025079913437366486,5.264663219451904,1.0946844816207886,0.018861735239624977
1307,0.057968154549598694,0.0858751932779948,0.03348102793097496,-0.061388068,0,43.02421188354492,0.018383707851171494,5.260640621185303,0.9921736121177673,-0.18450258672237396
1308,0.11135410517454147,0.09971110026041667,0.06367686204612255,-0.052033864,0,43.04722213745117,0.005648335441946983,5.253376007080078,1.1597611904144287,-0.3419075906276703
1309,0.05897021293640137,0.11161295572916667,-0.011529326438903809,-0.041113414,0,43.07297897338867,-0.007954200729727745,5.2438507080078125,1.285380482673645,-0.4563811123371124
1310,0.13682064414024353,0.12131627400716145,0.03404382907319814,-0.01853946,0,43.100975036621094,0.0011454349150881171,5.234879970550537,1.3783553838729858,-0.5201420783996582
1311,0.07641971111297607,0.11924997965494792,-0.01342505740467459,-0.029405212,0,43.12849426269531,0.003830446396023035,5.222812175750732,1.391452431678772,-0.6164066195487976
1312,0.053250860422849655,0.12298583984375,-0.03632105188444257,-0.033413928,0,43.15687561035156,0.011094656772911549,5.210139274597168,1.418919324874878,-0.6423386931419373
1313,0.04861098527908325,0.10549672444661458,-0.017415471374988556,-0.03947027,0,43.18122100830078,0.01457775104790926,5.213871955871582,1.2346655130386353,0.1510171741247177
1314,0.055173493921756744,0.09708277384440105,-0.013671875931322575,-0.028237402,0,43.2036247253418,0.017312126234173775,5.221038341522217,1.1255898475646973,0.34856221079826355
1315,0.11060528457164764,0.09052022298177083,0.06562448106706142,-0.045539428,0,43.22451400756836,0.00418723002076149,5.222709655761719,1.043044924736023,0.09970547258853912
1316,-0.029068566858768463,0.08655293782552083,-0.07883253507316113,-0.03678897,0,43.24448776245117,-0.019953737035393715,5.219661712646484,0.992060661315918,-0.1259082555770874
1317,0.0458768792450428,0.12534968058268228,-0.03780229017138481,-0.041670512,0,43.273414611816406,-0.027514195069670677,5.2183380126953125,1.4472131729125977,-0.05404011905193329
1318,0.10165557265281677,0.13011042277018228,0.006756056100130081,-0.035210904,0,43.30344009399414,-0.02616298384964466,5.213283061981201,1.507061243057251,-0.24714727699756622
1319,0.12273218482732773,0.11954752604166667,0.04944640211760998,-0.04626175,0,43.33102798461914,-0.016273703426122665,5.218552589416504,1.4031178951263428,0.24008029699325562
1320,0.11005652695894241,0.113067626953125,0.042168786749243736,-0.04517988,0,43.357120513916016,-0.007839946076273918,5.228024482727051,1.341347336769104,0.4313121438026428
1321,0.09879443049430847,0.117431640625,0.0010063755325973034,-0.019643582,0,43.384220123291016,0.0076386709697544575,5.234572410583496,1.3595036268234253,0.3128450810909271
1322,0.0501205138862133,0.11397679646809895,-0.0427343207411468,-0.02112196,0,43.4105224609375,0.016185535117983818,5.23907470703125,1.317889928817749,0.21746675670146942
1323,0.099486343562603,0.1027692159016927,0.031994106248021126,-0.03527697,0,43.43423843383789,0.009786713868379593,5.239471912384033,1.1867873668670654,0.030113358050584793
1324,0.047152817249298096,0.099578857421875,-0.0016697496175765991,-0.05075629,0,43.457218170166016,-0.010120663791894913,5.23507833480835,1.1491060256958008,-0.18855728209018707
1325,-0.05072270333766937,0.10552978515625,-0.11597620323300362,-0.040276285,0,43.481571197509766,-0.033315904438495636,5.22627592086792,1.2410036325454712,-0.39778122305870056
1326,0.0001979488879442215,0.1245562235514323,-0.099811851978302,-0.024546422,0,43.51031494140625,-0.053278274834156036,5.2161102294921875,1.4359794855117798,-0.4830935299396515
1327,0.05764937400817871,0.1291351318359375,-0.04372360184788704,-0.027762158,0,43.54011535644531,-0.062022995203733444,5.203171730041504,1.4950631856918335,-0.6308572292327881
1328,0.007576998323202133,0.11035664876302083,-0.04089290276169777,-0.061886746,0,43.565582275390625,-0.070201575756073,5.206669330596924,1.2747691869735718,0.18972009420394897
1329,0.07883201539516449,0.11045583089192708,0.01428108662366867,-0.0459049,0,43.59107208251953,-0.06734535843133926,5.215204238891602,1.274807333946228,0.4262222945690155
1330,0.1690123975276947,0.11480331420898438,0.0887933000922203,-0.03458422,0,43.6175651550293,-0.0495866984128952,5.224050045013428,1.3291562795639038,0.42559540271759033
1331,0.2278631627559662,0.11749776204427083,0.1277620904147625,-0.017396688,0,43.64468002319336,-0.024034280329942703,5.231605529785156,1.3628675937652588,0.35407373309135437
1332,0.19934570789337158,0.11597696940104167,0.10410356218926609,-0.02073482,0,43.671443939208984,-0.003213567892089486,5.237589359283447,1.3442543745040894,0.2797069549560547
1333,0.07608482986688614,0.10400899251302083,0.01447099304641597,-0.042395152,0,43.6954460144043,-0.0003193692828062922,5.239349365234375,1.203007459640503,0.08833059668540955
1334,-0.02900727279484272,0.0938262939453125,-0.06897622180986218,-0.053857345,0,43.717098236083984,-0.014114613644778728,5.23550271987915,1.0809730291366577,-0.171384796500206
1335,0.022627659142017365,0.12189483642578125,-0.05521626677364111,-0.04405091,0,43.7452278137207,-0.02515786699950695,5.229308128356934,1.4039041996002197,-0.29231008887290955
1336,0.12383127212524414,0.13341649373372397,0.02176102250814438,-0.03134625,0,43.77601623535156,-0.020805662497878075,5.221594333648682,1.54753839969635,-0.3823632597923279
1337,0.14369934797286987,0.13490422566731772,0.039504109881818295,-0.03070898,0,43.80714797973633,-0.012904840521514416,5.210488319396973,1.5631506443023682,-0.5590245127677917
1338,0.1432984620332718,0.127349853515625,0.048079943517223,-0.032131333,0,43.8365364074707,-0.0032888518180698156,5.201034069061279,1.5259050130844116,-0.5157355666160583
1339,0.041000302881002426,0.12855656941731772,-0.033988511422649026,-0.053567756,0,43.86620330810547,0.01008655410259962,5.195364475250244,1.4899988174438477,-0.2868751883506775
1340,0.07508517801761627,0.12769699096679688,-0.023546814918518066,-0.029065002,0,43.89567184448242,0.014795917086303234,5.186844348907471,1.4810410737991333,-0.425098180770874
1341,0.13673102855682373,0.11235682169596355,0.06123843602836132,-0.036864232,0,43.921600341796875,0.00254822988063097,5.189382553100586,1.3049665689468384,0.1401035040616989
1342,0.02055618353188038,0.10622406005859375,-0.07035719696432352,-0.0153106805,0,43.94611358642578,-0.016619669273495674,5.194755554199219,1.2206823825836182,0.28921082615852356
1343,0.007814820855855942,0.10480244954427083,-0.08992002345621586,-0.007067605,0,43.970298767089844,-0.034603673964738846,5.199316024780273,1.2050659656524658,0.24711018800735474
1344,0.030253294855356216,0.105133056640625,-0.062410347163677216,-0.012469414,0,43.99456024169922,-0.04708574339747429,5.203142166137695,1.2101820707321167,0.204427108168602
1345,0.05896253138780594,0.1053479512532552,-0.03330046311020851,-0.013084957,0,44.01887130737305,-0.05374583601951599,5.206795692443848,1.214057445526123,0.18971841037273407
1346,0.08357904851436615,0.10488510131835938,-0.011404231190681458,-0.009901823,0,44.04307556152344,-0.05602668225765228,5.210361480712891,1.209822177886963,0.18095819652080536
1347,0.07216064631938934,0.10805892944335938,0.009866263717412949,-0.045764554,0,44.06801223754883,-0.05405342951416969,5.21735143661499,1.2477163076400757,0.34843018651008606
1348,0.14820577204227448,0.11020787556966145,0.06672486662864685,-0.028726969,0,44.09344482421875,-0.04070845618844032,5.224798202514648,1.2768772840499878,0.36178165674209595
1349,0.17502886056900024,0.10972849527994792,0.07399824447929859,-0.00869789,0,44.11876678466797,-0.025908807292580605,5.228372097015381,1.273139238357544,0.1687096506357193
1350,0.08375756442546844,0.09804153442382812,0.011146729812026024,-0.025430705,0,44.14139175415039,-0.0236794613301754,5.226747989654541,1.139437198638916,-0.07055392861366272
1351,-0.014210399240255356,0.09888458251953125,-0.05820104852318764,-0.054893933,0,44.16421127319336,-0.03531967103481293,5.220641613006592,1.1405540704727173,-0.28455832600593567
1352,0.003114834427833557,0.12506866455078125,-0.07452353835105896,-0.04743029,0,44.19307327270508,-0.05022437870502472,5.213586330413818,1.4558336734771729,-0.3194158971309662
1353,0.04034978151321411,0.14609527587890625,-0.07150858640670776,-0.034236908,0,44.22678756713867,-0.06452609598636627,5.205841064453125,1.6840449571609497,-0.3657798767089844
1354,0.16870702803134918,0.15778223673502603,0.03426123410463333,-0.023336438,0,44.26319885253906,-0.057673849165439606,5.197878837585449,1.8061307668685913,-0.4471174478530884
1355,0.03505557402968407,0.1469879150390625,-0.07748175412416458,-0.034450587,0,44.297119140625,-0.07317019999027252,5.190308094024658,1.6949623823165894,-0.3596861660480499
1356,0.05042770504951477,0.14852523803710938,-0.039505138993263245,-0.058592394,0,44.33139419555664,-0.08107122778892517,5.185268878936768,1.7179322242736816,-0.24898234009742737
1357,0.1605987548828125,0.15697224934895834,0.04266172647476196,-0.039035216,0,44.367618560791016,-0.07253888249397278,5.179480075836182,1.8165931701660156,-0.2949470281600952
1358,0.12919162213802338,0.14907073974609375,0.03150567412376404,-0.051384788,0,44.40201950073242,-0.06623774766921997,5.178647994995117,1.7437357902526855,-0.06902782618999481
1359,0.18540158867835999,0.15120315551757812,0.0481734424829483,-0.013975008,0,44.436912536621094,-0.05660305917263031,5.175727844238281,1.746835708618164,-0.15558747947216034
1360,0.1970173865556717,0.1531702677408854,0.0848732702434063,-0.04102615,0,44.472259521484375,-0.03962840512394905,5.1758222579956055,1.7709863185882568,-0.012744669802486897
1361,0.15513968467712402,0.15049235026041666,0.02858491614460945,-0.023937577,0,44.506988525390625,-0.03391142189502716,5.170343399047852,1.7369743585586548,-0.2814572751522064
1362,0.06357314437627792,0.14488855997721353,-0.05814289674162865,-0.023172522,0,44.54042434692383,-0.04554000124335289,5.162783622741699,1.6733165979385376,-0.3869122564792633
1363,0.04987751320004463,0.14690526326497397,-0.06995605304837227,-0.027071696,0,44.57432556152344,-0.059531211853027344,5.154061317443848,1.6917256116867065,-0.42155060172080994
1364,0.052788134664297104,0.14839299519856772,-0.052238814532756805,-0.04336605,0,44.60857009887695,-0.0699789747595787,5.14765739440918,1.7077760696411133,-0.3053371012210846
1365,0.07539978623390198,0.1434504191080729,-0.02831876277923584,-0.039731868,0,44.64167404174805,-0.07564272731542587,5.151805400848389,1.6537501811981201,0.21345637738704681
1366,0.13793057203292847,0.14502080281575522,0.03438979387283325,-0.041480016,0,44.675140380859375,-0.06876476854085922,5.1586995124816895,1.6742769479751587,0.3393564224243164
1367,0.17161411046981812,0.14530181884765625,0.04506412893533707,-0.018751835,0,44.70867156982422,-0.05975194275379181,5.164246559143066,1.6788893938064575,0.26941031217575073
1368,0.19406121969223022,0.14910380045572916,0.08946310728788376,-0.04450568,0,44.743080139160156,-0.04185932129621506,5.173589706420898,1.7242580652236938,0.4500679671764374
1369,0.20326176285743713,0.14435958862304688,0.06946577690541744,-0.010563591,0,44.77639389038086,-0.02796616591513157,5.1805500984191895,1.6716337203979492,0.33787381649017334
1370,0.08615708351135254,0.13344955444335938,-0.013430844992399216,-0.033861626,0,44.80718994140625,-0.030652334913611412,5.17919397354126,1.5418444871902466,-0.05839724466204643
1371,0.0019420087337493896,0.12885411580403647,-0.07200961001217365,-0.054902498,0,44.8369255065918,-0.04505425691604614,5.176516056060791,1.5085729360580444,-0.1950930505990982
1372,0.03574884682893753,0.14290491739908853,-0.0733320601284504,-0.03382401,0,44.869903564453125,-0.05972066894173622,5.16766357421875,1.6489354372024536,-0.42105138301849365
1373,0.05855423957109451,0.14388020833333334,-0.06729276850819588,-0.018033197,0,44.903106689453125,-0.0731792226433754,5.154417991638184,1.6594971418380737,-0.6421657800674438
1374,0.06856435537338257,0.1457646687825521,-0.054081641137599945,-0.023118678,0,44.936744689941406,-0.08399555087089539,5.146337032318115,1.6469740867614746,-0.4655282199382782
1375,0.0918872281908989,0.14865748087565103,-0.013473965227603912,-0.043296285,0,44.97105026245117,-0.08669034391641617,5.137335777282715,1.7032862901687622,-0.45967867970466614
1376,0.10871291905641556,0.1482111612955729,-0.0009483471512794495,-0.038549893,0,45.005252838134766,-0.08688001334667206,5.130021095275879,1.7095638513565063,-0.36375805735588074
1377,0.12433359026908875,0.14888890584309897,0.012282580137252808,-0.03683789,0,45.03961181640625,-0.0844234973192215,5.124507427215576,1.7180606126785278,-0.2778492569923401
1378,0.1367499679327011,0.14968236287434897,0.0216737762093544,-0.034606177,0,45.074153900146484,-0.08008874207735062,5.120464324951172,1.7279340028762817,-0.20646098256111145
1379,0.14689147472381592,0.15050888061523438,0.02707701176404953,-0.030694418,0,45.10888671875,-0.07467333972454071,5.117316246032715,1.7375694513320923,-0.16281315684318542
1380,0.14355529844760895,0.14454142252604166,0.026129260659217834,-0.02711539,0,45.142242431640625,-0.06944748759269714,5.122816562652588,1.6687003374099731,0.26910683512687683
1381,0.1797073632478714,0.14272308349609375,0.05598973482847214,-0.019005457,0,45.17517852783203,-0.058249540627002716,5.130288124084473,1.648783802986145,0.36326080560684204
1382,0.2104492485523224,0.1459630330403646,0.10442562401294708,-0.039939407,0,45.2088623046875,-0.0373644158244133,5.140506744384766,1.6892149448394775,0.49073201417922974
1383,0.2380203902721405,0.14462407430013022,0.10873969178646803,-0.015343365,0,45.24223709106445,-0.015616477467119694,5.148890018463135,1.6756871938705444,0.40012308955192566
1384,0.11741846799850464,0.13022613525390625,0.021452917717397213,-0.034260582,0,45.27228927612305,-0.011325893923640251,5.152167320251465,1.5092182159423828,0.16773781180381775
1385,0.008474089205265045,0.1252009073893229,-0.06218419410288334,-0.054542623,0,45.30118179321289,-0.02376273274421692,5.149848937988281,1.4435755014419556,-0.09253112226724625
1386,0.0729118138551712,0.15014521280924478,-0.03602431155741215,-0.041209087,0,45.33583068847656,-0.03096759505569935,5.141585350036621,1.7498953342437744,-0.3834978938102722
1387,0.054071128368377686,0.15360005696614584,-0.0647182296961546,-0.0348107,0,45.37127685546875,-0.04391124099493027,5.134893417358398,1.8067482709884644,-0.39316707849502563
1388,0.18940095603466034,0.16776657104492188,0.04263186827301979,-0.02099748,0,45.40999221801758,-0.03538486734032631,5.126828193664551,1.9169107675552368,-0.4670526683330536
1389,0.03973953053355217,0.15462493896484375,-0.08353905752301216,-0.031346355,0,45.445674896240234,-0.05209267884492874,5.119287967681885,1.8013163805007935,-0.3765738308429718
1390,0.0439004972577095,0.15558369954427084,-0.0489116832613945,-0.06277152,0,45.4815788269043,-0.06187501549720764,5.115701198577881,1.7956976890563965,-0.16780994832515717
1391,0.0691087394952774,0.15517044067382812,-0.042716339230537415,-0.043345362,0,45.51738739013672,-0.07041828334331512,5.114078521728516,1.7883349657058716,-0.07227527350187302
1392,0.08940306305885315,0.15507125854492188,-0.01884620636701584,-0.04682198,0,45.55317306518555,-0.07418752461671829,5.114956855773926,1.7880762815475464,0.04777277633547783
1393,0.12122122943401337,0.15546798706054688,0.009319856762886047,-0.04356661,0,45.58905029296875,-0.07232355326414108,5.11790657043457,1.7935755252838135,0.14559507369995117
1394,0.15481950342655182,0.15097173055013022,0.0363246351480484,-0.032476857,0,45.6238899230957,-0.0650586262345314,5.125476360321045,1.74321711063385,0.37108975648880005
1395,0.1916583776473999,0.14996337890625,0.06260953843593597,-0.020914542,0,45.65849685668945,-0.05253671854734421,5.133751392364502,1.7330671548843384,0.4021591544151306
1396,0.22520992159843445,0.15280659993489584,0.11195424944162369,-0.039550934,0,45.69375991821289,-0.03014586865901947,5.144495487213135,1.7684297561645508,0.5158637166023254
1397,0.24154910445213318,0.15001296997070312,0.10372377000749111,-0.012187628,0,45.72837829589844,-0.009401114657521248,5.152787685394287,1.7380764484405518,0.3971943259239197
1398,0.11323351413011551,0.13735071818033853,0.013185355346649885,-0.03730256,0,45.760074615478516,-0.006764043588191271,5.152923583984375,1.5912355184555054,0.016403790563344955
1399,-0.0023166686296463013,0.13217671712239584,-0.06586814066395164,-0.06862524,0,45.79057693481445,-0.019937671720981598,5.152000904083252,1.5495604276657104,-0.10462722927331924
1400,0.03600088879466057,0.14498774210611978,-0.07031459361314774,-0.038672257,0,45.82403564453125,-0.034000590443611145,5.144585132598877,1.6691323518753052,-0.35207948088645935
1401,0.14514729380607605,0.15685653686523438,0.012008082121610641,-0.023717329,0,45.860233306884766,-0.03159897401928902,5.135931491851807,1.8147140741348267,-0.4304254353046417
1402,0.025453757494688034,0.14941787719726562,-0.09089294821023941,-0.03307117,0,45.89471435546875,-0.0497775636613369,5.1287970542907715,1.7212555408477783,-0.3356587290763855
1403,0.03572670742869377,0.15522003173828125,-0.06135458126664162,-0.058138747,0,45.93053436279297,-0.06204847991466522,5.122431755065918,1.7841569185256958,-0.30087003111839294
1404,0.02648025006055832,0.15133539835611978,-0.046905726194381714,-0.07794942,0,45.965457916259766,-0.07142962515354156,5.121424674987793,1.7538806200027466,-0.015754297375679016
1405,0.11786243319511414,0.1535669962565104,0.011684931814670563,-0.047389496,0,46.00089645385742,-0.06909263879060745,5.1237406730651855,1.7720459699630737,0.11404074728488922
1406,0.17966899275779724,0.15530268351236978,0.05867660045623779,-0.03431029,0,46.03673553466797,-0.057357318699359894,5.1267523765563965,1.7941133975982666,0.13953852653503418
1407,0.20559577643871307,0.15728632609049478,0.09836774319410324,-0.05005829,0,46.07303237915039,-0.037683770060539246,5.134533882141113,1.81937575340271,0.3704698979854584
1408,0.2525380551815033,0.15862528483072916,0.11609776876866817,-0.022184987,0,46.10963821411133,-0.01446421630680561,5.141563415527344,1.8363089561462402,0.3299676477909088
1409,0.14376011490821838,0.14588038126627603,0.03341554896906018,-0.03553581,0,46.14330291748047,-0.007781106512993574,5.143024444580078,1.6872735023498535,0.06584326922893524
1410,0.07621876150369644,0.14235941569010416,-0.02996172523126006,-0.03617893,0,46.17615509033203,-0.013773451559245586,5.140016078948975,1.6407921314239502,-0.14243389666080475
1411,0.09702293574810028,0.1573359171549479,-0.032175141386687756,-0.028137837,0,46.21246337890625,-0.020208479836583138,5.129339694976807,1.8132855892181396,-0.5210093855857849
1412,0.04755288362503052,0.14827728271484375,-0.06826135329902172,-0.032463044,0,46.246681213378906,-0.03386075049638748,5.117965221405029,1.746200680732727,-0.6248612999916077
1413,0.1088348776102066,0.15351740519205728,-0.02711249515414238,-0.017570034,0,46.282108306884766,-0.03928324952721596,5.1078643798828125,1.7556878328323364,-0.530807375907898
1414,0.1223800778388977,0.15736897786458334,0.008418131619691849,-0.043407038,0,46.318424224853516,-0.03759962320327759,5.097511291503906,1.8121309280395508,-0.516852617263794
1415,0.14486634731292725,0.1549555460611979,0.052975453436374664,-0.06306464,0,46.354183197021484,-0.027004532516002655,5.09257173538208,1.791346549987793,-0.2331184595823288
1416,0.15105092525482178,0.1550877888997396,0.018009431660175323,-0.022046305,0,46.38997268676758,-0.02340264618396759,5.086062908172607,1.7902610301971436,-0.32905319333076477
1417,0.09468893706798553,0.14194615681966147,-0.022020861506462097,-0.025236357,0,46.4227294921875,-0.02780681848526001,5.091269016265869,1.636909008026123,0.26366543769836426
1418,0.10527735948562622,0.13830947875976562,-0.013117073103785515,-0.019915046,0,46.454647064208984,-0.030430233106017113,5.099712371826172,1.5949944257736206,0.4260622262954712
1419,0.14418265223503113,0.1384251912434896,0.02472291700541973,-0.01896545,0,46.48659133911133,-0.025485649704933167,5.1070990562438965,1.5988116264343262,0.3654245138168335
1420,0.17000994086265564,0.1414337158203125,0.07235604804009199,-0.043779816,0,46.519229888916016,-0.011014440096914768,5.117713928222656,1.6355760097503662,0.5169451832771301
1421,0.12508344650268555,0.14386367797851562,0.005053202621638775,-0.023833442,0,46.55242919921875,0.010003799572587013,5.12788200378418,1.6658252477645874,0.48844876885414124
1422,0.06995932757854462,0.13558197021484375,-0.0371612049639225,-0.028461443,0,46.583717346191406,0.017436040565371513,5.1326680183410645,1.569161295890808,0.23579171299934387
1423,0.1199721172451973,0.12005996704101562,0.07665048935450613,-0.076738335,0,46.61142349243164,-0.0021059426944702864,5.133842468261719,1.3973139524459839,0.05527064576745033
1424,-0.003831310197710991,0.12921778361002603,-0.09901357465423644,-0.03403552,0,46.64124298095703,-0.021908657625317574,5.1296162605285645,1.5017426013946533,-0.18751925230026245
1425,0.01853775978088379,0.14016087849934897,-0.09725415147840977,-0.024368968,0,46.673587799072266,-0.04135948792099953,5.121633052825928,1.6138025522232056,-0.3738815486431122
1426,0.1433177888393402,0.1505584716796875,0.009905528277158737,-0.01714622,0,46.70833206176758,-0.03937838226556778,5.113772869110107,1.720104694366455,-0.4452585279941559
1427,0.06348057091236115,0.14217758178710938,-0.03625145182013512,-0.042445555,0,46.74114227294922,-0.0466286726295948,5.106459617614746,1.6395344734191895,-0.3598082363605499
1428,0.09767768532037735,0.1400782267252604,0.02317158505320549,-0.06557212,0,46.773468017578125,-0.041994355618953705,5.104665279388428,1.6156870126724243,-0.07656248658895493
1429,0.173397034406662,0.13979721069335938,0.07736722007393837,-0.0437674,0,46.805728912353516,-0.02652091160416603,5.106781005859375,1.6170308589935303,0.09068921953439713
1430,0.23809894919395447,0.1421941121419271,0.12614053033757955,-0.0302357,0,46.83854293823242,-0.0012928055366501212,5.1096978187561035,1.6477948427200317,0.12139719724655151
1431,0.048805121332407,0.1410369873046875,-0.05989811208564788,-0.03233375,0,46.871089935302734,0.013272427953779697,5.105745315551758,1.6316510438919067,-0.21099480986595154
1432,0.11243996024131775,0.1277796427408854,0.04420226672664285,-0.059541956,0,46.900577545166016,0.004431974608451128,5.099786758422852,1.4936867952346802,-0.34925901889801025
1433,0.1299983412027359,0.13397852579752603,0.014492576592601836,-0.018472759,0,46.931495666503906,0.0015334592899307609,5.089868068695068,1.5446577072143555,-0.49271100759506226
1434,0.09055948257446289,0.1374333699544271,-0.02537059655878693,-0.021503296,0,46.96321105957031,0.006607578601688147,5.078752040863037,1.5871617794036865,-0.5606436133384705
1435,0.06794903427362442,0.14174779256184897,-0.039456512313336134,-0.034342244,0,46.99592208862305,0.014498881064355373,5.06721830368042,1.63565194606781,-0.5827525854110718
1436,0.03639380633831024,0.13887151082356772,-0.039932155050337315,-0.06254555,0,47.02796936035156,0.022485312074422836,5.060427188873291,1.607822299003601,-0.3322126269340515
1437,0.058016568422317505,0.1275812784830729,-0.01677284948527813,-0.052791864,0,47.057411193847656,0.025839881971478462,5.066492557525635,1.472965121269226,0.2996937930583954
1438,0.07423435896635056,0.1269861857096354,-0.006551994010806084,-0.046199836,0,47.08671569824219,0.02715028077363968,5.075218677520752,1.4649263620376587,0.436662495136261
1439,0.08432720601558685,0.12809371948242188,-0.0021249987185001373,-0.04164152,0,47.116275787353516,0.027575280517339706,5.084813594818115,1.4776629209518433,0.47986331582069397
1440,0.08327284455299377,0.12951532999674478,-0.0062368158251047134,-0.04000567,0,47.14616394042969,0.02882264368236065,5.095367431640625,1.4941974878311157,0.5270532965660095
1441,0.07981271296739578,0.13110224405924478,-0.01634743995964527,-0.03494209,0,47.17641830444336,0.0320921316742897,5.1062912940979,1.5132851600646973,0.5435758233070374
1442,0.07970453053712845,0.13263956705729166,-0.0257021002471447,-0.027232938,0,47.207027435302734,0.03723255172371864,5.116260528564453,1.531334638595581,0.4939501881599426
1443,0.09378375858068466,0.13250732421875,-0.016819704324007034,-0.021903865,0,47.237606048583984,0.04059649258852005,5.124157905578613,1.529825210571289,0.3921809494495392
1444,0.12432678043842316,0.13219324747721353,0.008435007184743881,-0.016301468,0,47.26811218261719,0.038909491151571274,5.128805637359619,1.5243324041366577,0.2345091849565506
1445,0.09570842981338501,0.13986333211263022,-0.0034028105437755585,-0.040752098,0,47.30038833618164,0.039590053260326385,5.133506774902344,1.616297721862793,0.23757843673229218
1446,0.04761397838592529,0.13635889689127603,-0.029966849833726883,-0.05877807,0,47.33185577392578,0.04558342322707176,5.144133567810059,1.5766777992248535,0.5282480716705322
1447,0.1320410519838333,0.12753168741861978,0.027993451803922653,-0.02348408,0,47.36128616333008,0.03998473286628723,5.151114463806152,1.4726210832595825,0.35870736837387085
1448,0.18631385266780853,0.1180267333984375,0.10274320840835571,-0.03445609,0,47.38852310180664,0.01943609118461609,5.150076866149902,1.3567917346954346,-0.024319836869835854
1449,0.1327740103006363,0.11280314127604167,0.06482361117377877,-0.044852745,0,47.414554595947266,-0.006471368949860334,5.147726058959961,1.3046678304672241,-0.1281290501356125
1450,-0.04238881915807724,0.12225850423177083,-0.11094959685578942,-0.053697728,0,47.44276809692383,-0.02866128832101822,5.139810085296631,1.4043711423873901,-0.36876899003982544
1451,0.01711801066994667,0.152740478515625,-0.1019374281167984,-0.03368504,0,47.4780158996582,-0.0490487739443779,5.133100509643555,1.7666414976119995,-0.3033842146396637
1452,0.12774640321731567,0.16457621256510416,-0.019483566284179688,-0.017346252,0,47.515995025634766,-0.05294548720121384,5.125551223754883,1.9021048545837402,-0.3684643805027008
1453,0.14650046825408936,0.1684112548828125,0.03459947183728218,-0.05651025,0,47.55485916137695,-0.0460255928337574,5.117275714874268,1.9486901760101318,-0.41280296444892883
1454,0.2383705973625183,0.16771697998046875,0.14257495291531086,-0.071921356,0,47.593563079833984,-0.01751060225069523,5.1134352684021,1.948491096496582,-0.19997619092464447
1455,0.15958184003829956,0.15464146931966147,0.06365732988342643,-0.058716945,0,47.629249572753906,0.004779136274009943,5.117974281311035,1.8419345617294312,0.172176331281662
1456,0.04304059222340584,0.1573359171549479,-0.07398746674880385,-0.04030786,0,47.665557861328125,0.019576629623770714,5.122756481170654,1.8236244916915894,0.2282382696866989
1457,0.13046421110630035,0.1477813720703125,0.030600065365433693,-0.04791723,0,47.69966125488281,0.013456616550683975,5.120375156402588,1.709032416343689,-0.10375441610813141
1458,0.14023740589618683,0.14133453369140625,0.03707295982167125,-0.038170084,0,47.732276916503906,-0.006042024586349726,5.115533351898193,1.6477488279342651,-0.27859675884246826
1459,0.03713196516036987,0.14997990926106772,-0.09639854310080409,-0.0164494,0,47.76688766479492,-0.025321733206510544,5.1045308113098145,1.7284138202667236,-0.5229666829109192
1460,0.06376433372497559,0.14966583251953125,-0.06640851497650146,-0.019492988,0,47.80142593383789,-0.03860343620181084,5.09544038772583,1.7241233587265015,-0.4399716854095459
1461,0.0950021892786026,0.15545145670572916,-0.01783916726708412,-0.04261009,0,47.83729934692383,-0.04217126965522766,5.086440563201904,1.7897093296051025,-0.4440627098083496
1462,0.12800277769565582,0.15245946248372397,0.0393359549343586,-0.063792646,0,47.87248229980469,-0.03430407866835594,5.082518100738525,1.7619210481643677,-0.17619627714157104
1463,0.18343394994735718,0.15313720703125,0.07187473587691784,-0.041578002,0,47.90782165527344,-0.019929131492972374,5.082492351531982,1.7704921960830688,-0.015071241185069084
1464,0.17078638076782227,0.15343475341796875,0.03573227673768997,-0.018380646,0,47.94322967529297,-0.01278267614543438,5.0791401863098145,1.7719718217849731,-0.17433585226535797
1465,0.10340094566345215,0.14249165852864584,-0.016719652339816093,-0.022371052,0,47.976112365722656,-0.0161266066133976,5.084216117858887,1.6430109739303589,0.25638481974601746
1466,0.08906177431344986,0.1386235555013021,-0.03470908850431442,-0.014852693,0,48.00810241699219,-0.023068424314260483,5.091361045837402,1.5971550941467285,0.3652941584587097
1467,0.11237739771604538,0.13926823933919272,-0.005440870299935341,-0.021449974,0,48.04024124145508,-0.02415659837424755,5.097702980041504,1.6061220169067383,0.31886324286460876
1468,0.1345440000295639,0.1396484375,0.010770494118332863,-0.015874933,0,48.07246780395508,-0.02200249955058098,5.103021621704102,1.611592411994934,0.2640628218650818
1469,0.16147823631763458,0.14307022094726562,0.06423701997846365,-0.045828998,0,48.10548400878906,-0.009155095554888248,5.111935138702393,1.65386164188385,0.4333910644054413
1470,0.12142393738031387,0.14586385091145834,0.009085303172469139,-0.03352522,0,48.13914489746094,0.007338034920394421,5.121262073516846,1.6875889301300049,0.45073291659355164
1471,0.0979107916355133,0.13123448689778647,0.0014614290557801723,-0.034785125,0,48.169429779052734,0.007045749109238386,5.124945640563965,1.5164365768432617,0.18859341740608215
1472,0.09154616296291351,0.12134933471679688,0.008718925528228283,-0.038522094,0,48.19743347167969,-0.00530196400359273,5.123131275177002,1.3985919952392578,-0.06980528682470322
1473,0.01668000966310501,0.1338958740234375,-0.06409716559574008,-0.0531187,0,48.22833251953125,-0.018121397122740746,5.115854740142822,1.5426687002182007,-0.3387663960456848
1474,0.009523771703243256,0.153533935546875,-0.09445021860301495,-0.049559943,0,48.263763427734375,-0.037011440843343735,5.112049579620361,1.826896071434021,-0.2305411547422409
1475,0.14273709058761597,0.16741943359375,-0.006281305104494095,-0.018401042,0,48.302398681640625,-0.038267701864242554,5.106223106384277,1.9327287673950195,-0.2945089638233185
1476,0.19937461614608765,0.17204793294270834,0.08454159833490849,-0.057214912,0,48.34210205078125,-0.021359382197260857,5.099106788635254,1.9903132915496826,-0.3677576780319214
1477,0.1394856870174408,0.15963363647460938,0.05127527751028538,-0.07142323,0,48.37894058227539,-0.011104326695203781,5.100587844848633,1.864615559577942,0.07347215712070465
1478,0.139218270778656,0.15642674763997397,0.03571423701941967,-0.052922707,0,48.4150390625,-0.003961479291319847,5.109950542449951,1.8133745193481445,0.46714773774147034
1479,0.10491359233856201,0.15148417154947916,-0.016811476089060307,-0.02975911,0,48.44999694824219,0.007323774509131908,5.120124816894531,1.75423264503479,0.5020012855529785
1480,0.10812731087207794,0.15245946248372397,-0.023035835474729538,-0.021296319,0,48.48517990112305,0.011930941604077816,5.1259446144104,1.7622551918029785,0.2867683172225952
1481,0.15959958732128143,0.14955012003580728,0.04450481501407921,-0.03445534,0,48.519691467285156,0.0030299786012619734,5.127441883087158,1.7231370210647583,0.0839839056134224
1482,0.10908376425504684,0.1485417683919271,-0.027680533239617944,-0.011777468,0,48.55397033691406,-0.008566085249185562,5.132150173187256,1.713161826133728,0.24953675270080566
1483,0.11659757792949677,0.15126927693684897,0.005118814297020435,-0.039790515,0,48.5888786315918,-0.007542322389781475,5.138765811920166,1.7562205791473389,0.34060904383659363
1484,0.13278871774673462,0.14490509033203125,0.0274019711650908,-0.039518345,0,48.622318267822266,-0.002061928156763315,5.147575378417969,1.7273495197296143,0.3946530222892761
1485,0.054131705313920975,0.15103785196940103,-0.056818320881575346,-0.040087823,0,48.65717315673828,0.013425592333078384,5.158401012420654,1.747856616973877,0.527747392654419
1486,0.05874009430408478,0.15110397338867188,-0.05995280109345913,-0.032411076,0,48.69204330444336,0.02541615255177021,5.169407844543457,1.7470475435256958,0.5395364761352539
1487,0.1381116807460785,0.1421941121419271,0.041134459897875786,-0.04521688,0,48.724857330322266,0.017189260572195053,5.173522472381592,1.6407586336135864,0.21825586259365082
1488,0.16558848321437836,0.12528355916341147,0.08293236925965175,-0.04262744,0,48.75376892089844,-0.000602786720264703,5.174849510192871,1.4572417736053467,0.05145944282412529
1489,-0.010705005377531052,0.13229242960611978,-0.0906917205429636,-0.052305713,0,48.784297943115234,-0.018741130828857422,5.170409202575684,1.5223028659820557,-0.1964520812034607
1490,0.021657874807715416,0.1404749552408854,-0.09183842688798904,-0.026978655,0,48.816715240478516,-0.03710881620645523,5.161620140075684,1.6189780235290527,-0.42651525139808655
1491,0.1347234547138214,0.15282313028971353,-0.006057862192392349,-0.012041807,0,48.85198211669922,-0.0383203886449337,5.151413440704346,1.7664259672164917,-0.5056496262550354
1492,0.14029529690742493,0.13258997599283853,0.048171840608119965,-0.04046652,0,48.8825798034668,-0.028686020523309708,5.157967567443848,1.5488046407699585,0.30939289927482605
1493,0.1229218989610672,0.1259943644205729,0.02536216750741005,-0.028434638,0,48.91165542602539,-0.023613587021827698,5.169048309326172,1.4544718265533447,0.5506919622421265
1494,0.15829257667064667,0.1281763712565104,0.05831615533679724,-0.028199958,0,48.94123458862305,-0.01195035595446825,5.179691791534424,1.4795907735824585,0.5225670337677002
1495,0.09165582060813904,0.12977981567382812,-0.0012323586270213127,-0.03689164,0,48.97118377685547,0.012196827679872513,5.19227933883667,1.505842924118042,0.6231561899185181
1496,0.029933828860521317,0.12434132893880208,-0.06830266676843166,-0.026104834,0,48.9998779296875,0.025857361033558846,5.199836730957031,1.442483901977539,0.370011568069458
1497,0.09994740784168243,0.10863749186197917,0.06971639581024647,-0.07840648,0,49.02494812011719,0.011914081871509552,5.204242706298828,1.2718788385391235,0.20213831961154938
1498,0.1098373681306839,0.11119969685872395,0.029757688753306866,-0.031120013,0,49.05060958862305,-0.005962544120848179,5.203144073486328,1.2784183025360107,-0.0378744900226593
1499,0.059249818325042725,0.12235768636067708,-0.03853531554341316,-0.02457255,0,49.0788459777832,-0.013669607229530811,5.197581768035889,1.4094692468643188,-0.2684036195278168
1500,0.14511902630329132,0.13232549031575522,0.0410175952129066,-0.02822406,0,49.10938262939453,-0.0054660881869494915,5.188643932342529,1.5333856344223022,-0.4528021812438965
1501,0.11906871199607849,0.12865575154622397,0.01663496484979987,-0.026222002,0,49.13907241821289,0.002139095216989517,5.176514148712158,1.4966679811477661,-0.6188893914222717
1502,0.054886750876903534,0.130126953125,-0.041696871630847454,-0.033543333,0,49.16910171508789,0.010478469543159008,5.164065837860107,1.503162145614624,-0.6295557022094727
1503,0.02422589808702469,0.11038970947265625,-0.048615545965731144,-0.037548266,0,49.194576263427734,0.020201578736305237,5.168400764465332,1.2773663997650146,0.2063414454460144
1504,0.03429148718714714,0.1015459696451823,-0.04039440304040909,-0.02686008,0,49.21800994873047,0.028280459344387054,5.177144527435303,1.1748603582382202,0.43305349349975586
1505,0.06559593975543976,0.09962844848632812,-0.002846159040927887,-0.031186346,0,49.24100112915039,0.028849691152572632,5.183511257171631,1.1497676372528076,0.317493736743927
1506,0.11969482153654099,0.09192530314127605,0.06611761637032032,-0.0383481,0,49.26221466064453,0.015626167878508568,5.185307025909424,1.058164119720459,0.10595183819532394
1507,0.1030365526676178,0.08693313598632812,0.04849339136853814,-0.032389972,0,49.28227615356445,-0.0059274896048009396,5.182605743408203,0.9991332292556763,-0.10822071880102158
1508,-0.07364145666360855,0.08397420247395833,-0.12720673577859998,-0.030408923,0,49.30165481567383,-0.031368836760520935,5.174628257751465,0.9631805419921875,-0.36719778180122375
1509,0.021620333194732666,0.08737945556640625,-0.02405976876616478,-0.04169935,0,49.32181930541992,-0.03618079051375389,5.179007053375244,0.9744614362716675,0.1742052584886551
1510,0.004839964210987091,0.0867017110188802,-0.05665792152285576,-0.025203826,0,49.341827392578125,-0.04751237481832504,5.184452056884766,0.9982510209083557,0.2857872247695923
1511,0.05690103769302368,0.08931350708007812,-0.005618073046207428,-0.026794396,0,49.3624382019043,-0.04863598942756653,5.190203666687012,1.0332317352294922,0.29376235604286194
1512,0.08780936896800995,0.08820597330729167,0.03223344683647156,-0.032630045,0,49.38279342651367,-0.04218930006027222,5.1960601806640625,1.0239927768707275,0.2934553325176239
1513,0.10596354305744171,0.08541234334309895,0.04988308995962143,-0.02933189,0,49.402503967285156,-0.03221268206834793,5.2016096115112305,0.9966272711753845,0.27786532044410706
1514,0.12455284595489502,0.08346176147460938,0.08501631673425436,-0.043925226,0,49.4217643737793,-0.015209418721497059,5.20949649810791,0.9686074256896973,0.3789072334766388
1515,0.07872951030731201,0.0870984395345052,0.03143788781017065,-0.039806824,0,49.441864013671875,0.008921841159462929,5.217362880706787,1.011482834815979,0.3703744411468506
1516,-0.06591300666332245,0.0844866434733073,-0.11825415305793285,-0.032145496,0,49.461360931396484,0.0325726717710495,5.224303722381592,0.9838765263557434,0.3274567127227783
1517,-0.00541127473115921,0.0777587890625,-0.03747418522834778,-0.04569588,0,49.479305267333984,0.040067508816719055,5.226443290710449,0.901656448841095,0.10288400202989578
1518,0.06015513092279434,0.0662371317545573,0.03520740196108818,-0.041289404,0,49.494590759277344,0.03302602842450142,5.227255821228027,0.7661698460578918,0.05382750555872917
1519,0.10001830756664276,0.06701405843098958,0.06728396750986576,-0.03427972,0,49.51005554199219,0.019569234922528267,5.228722095489502,0.7757737636566162,0.08328226208686829
1520,0.12478601932525635,0.06760915120442708,0.0955755817994941,-0.038398717,0,49.525657653808594,-0.0004541185626294464,5.230457782745361,0.7739426493644714,0.10687164962291718
1521,-0.05948606878519058,0.07435353597005208,-0.09760923639987595,-0.03623037,0,49.542816162109375,-0.019975965842604637,5.23231315612793,0.8531091809272766,0.11374989151954651
1522,-0.007219936698675156,0.0817426045735677,-0.04866759292781353,-0.04029495,0,49.56167984008789,-0.029709484428167343,5.234871864318848,0.9425322413444519,0.14063957333564758
1523,0.04684093967080116,0.08784230550130208,0.005335463210940361,-0.046336826,0,49.58195114135742,-0.02864239178597927,5.239254951477051,1.0165761709213257,0.2219240665435791
1524,0.0795099139213562,0.08833821614583333,0.04230247810482979,-0.051130783,0,49.60233688354492,-0.020181896165013313,5.246304512023926,1.0225305557250977,0.3457297086715698
1525,0.13448356091976166,0.09326426188151042,0.0827644532546401,-0.041545153,0,49.62385940551758,-0.003629005514085293,5.254110336303711,1.0807087421417236,0.37509748339653015
1526,0.025227587670087814,0.08951187133789062,-0.040743881836533546,-0.023540404,0,49.64451599121094,0.011777781881392002,5.260576248168945,1.0406420230865479,0.315371572971344
1527,0.050177931785583496,0.0751635233561198,0.02751142717897892,-0.05249702,0,49.661861419677734,0.006275496445596218,5.262487888336182,0.8713074922561646,0.11308535188436508
1528,0.010364584624767303,0.06813812255859375,-0.015100138261914253,-0.0426734,0,49.67758560180664,-0.009295524097979069,5.263147354125977,0.7844603061676025,0.054935671389102936
1529,-0.055391911417245865,0.06597264607747395,-0.08348046336323023,-0.037884094,0,49.69281005859375,-0.025991616770625114,5.263347148895264,0.7590035796165466,0.033353060483932495
1530,-0.0038521550595760345,0.0698407491048177,-0.04516792483627796,-0.02852498,0,49.708927154541016,-0.03502520173788071,5.263681888580322,0.8044497966766357,0.030911816284060478
1531,0.04703453183174133,0.08658599853515625,0.009651221334934235,-0.049202688,0,49.72890853881836,-0.03309495747089386,5.267301082611084,0.9999569058418274,0.18313154578208923
1532,0.06715526431798935,0.0813458760579427,-0.0072470493614673615,-0.006943562,0,49.7476806640625,-0.03454436734318733,5.265339374542236,0.9403325319290161,-0.09402180463075638
1533,0.07723654806613922,0.0926361083984375,0.003271680325269699,-0.018671244,0,49.76905822753906,-0.03389003127813339,5.263335227966309,1.0691862106323242,-0.09994823485612869
1534,0.13509036600589752,0.11696879069010417,0.055562183260917664,-0.037440613,0,49.796051025390625,-0.02277759462594986,5.265171051025391,1.3480069637298584,0.09636463224887848
1535,0.11237604171037674,0.10657119750976562,0.051688957028090954,-0.04588411,0,49.82064437866211,-0.012439803220331669,5.2622504234313965,1.2328413724899292,-0.1473931074142456
1536,0.0942072868347168,0.0986035664876302,0.008594603277742863,-0.012990882,0,49.84339904785156,-0.010720882564783096,5.253437042236328,1.1391425132751465,-0.4357498288154602
1537,0.06903910636901855,0.11529922485351562,0.037575537571683526,-0.08383566,0,49.8700065612793,-0.003205775050446391,5.248082160949707,1.3326398134231567,-0.2686310112476349
1538,0.0010206177830696106,0.11004257202148438,-0.028771088691428304,-0.08025087,0,49.89540100097656,0.008959992788732052,5.2478790283203125,1.274208903312683,0.0072018117643892765
1539,0.07632637768983841,0.11083602905273438,0.01822014106437564,-0.052729793,0,49.92097854614258,0.005315964575856924,5.247894763946533,1.2783665657043457,0.007966955192387104
1540,0.008144959807395935,0.10873667399088542,-0.0270579825155437,-0.07353373,0,49.94607162475586,0.010727561078965664,5.252303600311279,1.2588493824005127,0.22319751977920532
1541,0.07149726152420044,0.09830602010091145,0.04240735433995724,-0.06921612,0,49.96875762939453,0.0022460902109742165,5.253525257110596,1.1340532302856445,0.08060955256223679
1542,-0.016831055283546448,0.09339650472005208,-0.0606318237259984,-0.049595736,0,49.99031066894531,-0.014372454956173897,5.252591133117676,1.0741381645202637,-0.023650096729397774
1543,0.06004388630390167,0.10981114705403645,0.017576436512172222,-0.0673437,0,50.01565170288086,-0.010857167653739452,5.25361967086792,1.268166184425354,0.052880797535181046
1544,0.10236954689025879,0.11321640014648438,0.03328526159748435,-0.04413211,0,50.041778564453125,-0.004200115334242582,5.254689693450928,1.3080918788909912,0.05190855637192726
1545,0.09328702092170715,0.11400985717773438,0.007317299023270607,-0.028040133,0,50.06808853149414,0.002736655529588461,5.253573417663574,1.3174011707305908,-0.057725876569747925
1546,0.050665996968746185,0.1148694356282552,-0.03493676194921136,-0.029266678,0,50.09459686279297,0.009724007919430733,5.250494480133057,1.3268520832061768,-0.15565016865730286
1547,0.07316773384809494,0.11015828450520833,-0.006439546123147011,-0.030551001,0,50.120018005371094,0.011011917144060135,5.2432661056518555,1.2708512544631958,-0.35701102018356323
1548,0.08202027529478073,0.10820770263671875,0.014420491643249989,-0.04060792,0,50.144989013671875,0.008127818815410137,5.233035087585449,1.24691903591156,-0.5027502179145813
1549,0.09586890786886215,0.11432393391927083,0.03634562366642058,-0.054800652,0,50.17137145996094,0.0008586940821260214,5.226977348327637,1.3154493570327759,-0.29072558879852295
1550,-0.0003028884530067444,0.13100306193033853,-0.03160159452818334,-0.099704355,0,50.201602935791016,0.00717901298776269,5.225712776184082,1.510421872138977,-0.06255140155553818
1551,0.041711628437042236,0.13300323486328125,-0.014232739340513945,-0.07705887,0,50.232295989990234,0.010025560855865479,5.223943710327148,1.5320281982421875,-0.08382795751094818
1552,0.04854768514633179,0.13949966430664062,-0.018193023279309273,-0.07275896,0,50.264488220214844,0.013664165511727333,5.222951412200928,1.607561707496643,-0.04776114970445633
1553,0.05536086857318878,0.14475631713867188,-0.011095646768808365,-0.078299806,0,50.29789352416992,0.015883294865489006,5.222132682800293,1.6670140027999878,-0.03741815313696861
1554,0.05461922287940979,0.16723759969075522,-0.01222090795636177,-0.10039747,0,50.33648681640625,0.01832747645676136,5.231592655181885,1.9236633777618408,0.4793797433376312
1555,0.1621314436197281,0.15472412109375,0.0795170187484473,-0.0721097,0,50.3721923828125,-0.0024240727070719004,5.2408905029296875,1.7785555124282837,0.48709937930107117
1556,-0.06905964016914368,0.16037750244140625,-0.13994430075399578,-0.08949284,0,50.409202575683594,-0.030412932857871056,5.254335403442383,1.842103362083435,0.7022705674171448
1557,-0.10158887505531311,0.16568374633789062,-0.17868091352283955,-0.08859171,0,50.44743728637695,-0.06614911556243896,5.2716264724731445,1.9022177457809448,0.9034786820411682
1558,-0.10268495976924896,0.17680867513020834,-0.18577191978693008,-0.09372172,0,50.48823928833008,-0.10330349951982498,5.292506694793701,2.030817747116089,1.0868377685546875
1559,-0.028131842613220215,0.2022984822591146,-0.12378636747598648,-0.10664396,0,50.5349235534668,-0.12806077301502228,5.317424774169922,2.3260233402252197,1.2841744422912598
1560,0.011316880583763123,0.22069676717122397,-0.10414682328701019,-0.105233066,0,50.585853576660156,-0.14889013767242432,5.345449447631836,2.539639711380005,1.43583083152771
1561,0.025158502161502838,0.222564697265625,-0.10121136903762817,-0.096194826,0,50.63721466064453,-0.16913241147994995,5.369248390197754,2.563748598098755,1.2270357608795166
1562,0.03848589211702347,0.22221755981445312,-0.0983148068189621,-0.08541686,0,50.68849563598633,-0.18879537284374237,5.3879899978637695,2.560439348220825,0.9716898798942566
1563,0.046354472637176514,0.2219696044921875,-0.0962422788143158,-0.07937285,0,50.73971939086914,-0.20804382860660553,5.401806831359863,2.5589802265167236,0.7251764535903931
1564,0.1210322380065918,0.226531982421875,-0.045504793524742126,-0.059994955,0,50.791996002197266,-0.21714478731155396,5.4157328605651855,2.616020441055298,0.7170829772949219
1565,0.12342193722724915,0.22436650594075522,-0.05315624177455902,-0.04778832,0,50.843772888183594,-0.22777603566646576,5.425027847290039,2.591667413711548,0.48696228861808777
1566,0.11060655117034912,0.22137451171875,-0.06681807339191437,-0.04394989,0,50.894859313964844,-0.24113965034484863,5.432196617126465,2.5567421913146973,0.37863588333129883
1567,-0.017205514013767242,0.19590123494466147,-0.12201189994812012,-0.09109485,0,50.940067291259766,-0.26554203033447266,5.446139335632324,2.261993169784546,0.7287268042564392
1568,-0.006710626184940338,0.18814849853515625,-0.13830125331878662,-0.05655787,0,50.98348617553711,-0.29320228099823,5.461867809295654,2.1730687618255615,0.8222499489784241
1569,0.01671748235821724,0.18659464518229166,-0.13175547122955322,-0.038121693,0,51.026546478271484,-0.3195533752441406,5.475379943847656,2.1551966667175293,0.7097955346107483
1570,0.028459955006837845,0.18637975056966147,-0.11747509241104126,-0.040444706,0,51.069557189941406,-0.3430483937263489,5.486442565917969,2.153223752975464,0.5840182304382324
1571,0.04825413227081299,0.18723932902018228,-0.09611934423446655,-0.04286585,0,51.11276626586914,-0.3622722625732422,5.495084285736084,2.1626694202423096,0.4583456516265869
1572,0.07745078951120377,0.19112396240234375,-0.06378233432769775,-0.04989084,0,51.1568717956543,-0.37502872943878174,5.501074314117432,2.206249713897705,0.3196834325790405
1573,0.11340342462062836,0.19216537475585938,-0.0208418071269989,-0.057920143,0,51.20121765136719,-0.3791970908641815,5.508503437042236,2.21791672706604,0.3829624354839325
1574,0.17294098436832428,0.19629796346028647,0.02899378538131714,-0.052350756,0,51.246517181396484,-0.3733983337879181,5.51508092880249,2.2638657093048096,0.3334747850894928
1575,0.2264147847890854,0.20362091064453125,0.08586287498474121,-0.063069,0,51.29350662231445,-0.35622575879096985,5.520089626312256,2.3452842235565186,0.24421468377113342
1576,0.2717283368110657,0.2078857421875,0.14450430870056152,-0.08066173,0,51.34148025512695,-0.32732489705085754,5.527454853057861,2.3945279121398926,0.3512054681777954
1577,0.3100154995918274,0.21296056111653647,0.17688006162643433,-0.07982515,0,51.390625,-0.2919488847255707,5.5297136306762695,2.4505422115325928,0.09116388857364655
1578,0.28885143995285034,0.21309280395507812,0.15406474471092224,-0.078306116,0,51.43980026245117,-0.26113593578338623,5.529660224914551,2.4517130851745605,-0.021432053297758102
1579,0.2908962666988373,0.2157872517903646,0.1746319979429245,-0.09952298,0,51.48959732055664,-0.22620953619480133,5.5229387283325195,2.4809696674346924,-0.35950109362602234
1580,0.3338110148906708,0.21568806966145834,0.18158689141273499,-0.06346396,0,51.539371490478516,-0.18989215791225433,5.508388519287109,2.479483127593994,-0.7510855793952942
1581,0.3310094177722931,0.21413421630859375,0.1494383066892624,-0.032563128,0,51.58878707885742,-0.16000449657440186,5.494788646697998,2.4652414321899414,-0.7721295356750488
1582,0.3097272515296936,0.21730804443359375,0.16174495220184326,-0.06932573,0,51.63893508911133,-0.1276555061340332,5.475254535675049,2.504337787628174,-1.0020122528076172
1583,0.34657973051071167,0.22281265258789062,0.1894969865679741,-0.06572993,0,51.69035339355469,-0.08975610882043839,5.452097415924072,2.573901891708374,-1.1923762559890747
1584,0.3837873339653015,0.22758992513020834,0.2168293297290802,-0.060631942,0,51.74287414550781,-0.046390242874622345,5.425677299499512,2.6329329013824463,-1.3618273735046387
1585,0.3967133164405823,0.2340367635091146,0.2043809532187879,-0.041704394,0,51.79688262939453,0.005514052230864763,5.396944046020508,2.7127368450164795,-1.486401915550232
1586,-0.06517870724201202,0.23163986206054688,-0.2561923279426992,-0.04062624,0,51.850337982177734,0.0567525178194046,5.367127418518066,2.6875104904174805,-1.5388318300247192
1587,-0.08039836585521698,0.23448308308919272,-0.24994049221277237,-0.06494096,0,51.904449462890625,0.10674061626195908,5.334843635559082,2.721442222595215,-1.6596046686172485
1588,0.025623753666877747,0.21436564127604166,-0.12953732162714005,-0.059204563,0,51.95391845703125,0.13264808058738708,5.299125671386719,2.478015899658203,-1.8006691932678223
1589,0.023689553141593933,0.23385492960611978,-0.1284976303577423,-0.08166774,0,52.00788497924805,0.15834760665893555,5.261437892913818,2.702836036682129,-1.895189881324768
1590,0.08047379553318024,0.24266560872395834,-0.09842559695243835,-0.06376621,0,52.06388473510742,0.17803272604942322,5.223696708679199,2.799842119216919,-1.8982614278793335
1591,0.11358221620321274,0.24592208862304688,-0.06282232701778412,-0.069517545,0,52.120635986328125,0.19059719145298004,5.189174652099609,2.8595688343048096,-1.7790584564208984
1592,0.14588110148906708,0.2621879577636719,-0.047218725085258484,-0.06908813,0,52.1811408996582,0.20004093647003174,5.1547040939331055,3.024153232574463,-1.7284250259399414
1593,0.18261109292507172,0.27782567342122394,-0.032009631395339966,-0.063204944,0,52.24525451660156,0.20644286274909973,5.12117338180542,3.199681520462036,-1.6783039569854736
1594,0.12403231859207153,0.30258814493815106,-0.12298181653022766,-0.055574015,0,52.31508255004883,0.23103922605514526,5.09384822845459,3.4906041622161865,-1.4415202140808105
1595,0.1784607470035553,0.31834157307942706,-0.0971241295337677,-0.042756688,0,52.388545989990234,0.2504640519618988,5.066849231719971,3.683410406112671,-1.3617249727249146
1596,0.19745534658432007,0.34042612711588544,-0.09807735681533813,-0.044893436,0,52.467105865478516,0.27007952332496643,5.0406107902526855,3.9402759075164795,-1.3211071491241455
1597,0.20312274992465973,0.35946909586588544,-0.10136887431144714,-0.05497746,0,52.5500602722168,0.29035329818725586,5.013373851776123,4.1627092361450195,-1.3652974367141724
1598,0.20565953850746155,0.3650563557942708,-0.1031494140625,-0.056247413,0,52.63430404663086,0.31098318099975586,4.982733249664307,4.227955341339111,-1.5402394533157349
1599,0.38293665647506714,0.33495457967122394,0.09949758648872375,-0.051515535,0,52.71160125732422,0.2910836637020111,4.9560112953186035,3.9565117359161377,-1.3646221160888672
1600,0.4197542369365692,0.34467442830403644,0.10596990585327148,-0.0308901,0,52.791141510009766,0.2698896825313568,4.9271559715271,3.96927547454834,-1.422298550605774
1601,0.4748837351799011,0.3410046895345052,0.1670423150062561,-0.033163246,0,52.869834899902344,0.2364812195301056,4.89525842666626,3.9416093826293945,-1.5252944231033325
1602,0.24114280939102173,0.32301966349283856,-0.0442776083946228,-0.037599243,0,52.94437789916992,0.24533674120903015,4.885412693023682,3.7245054244995117,-0.5856067538261414
1603,0.29050272703170776,0.2338383992513021,0.10654166340827942,-0.04987733,0,52.99834060668945,0.22402840852737427,4.906244277954102,2.7084500789642334,1.0137994289398193
1604,0.3500458002090454,0.20897674560546875,0.1713990420103073,-0.03032999,0,53.046566009521484,0.1897486001253128,4.938662528991699,2.3939239978790283,1.6386237144470215
1605,0.35888445377349854,0.20537312825520834,0.17173103988170624,-0.018219706,0,53.09395980834961,0.15540239214897156,4.970215797424316,2.357536792755127,1.61036217212677
1606,0.3537355959415436,0.20405069986979166,0.17533008009195328,-0.025645206,0,53.141048431396484,0.1203363761305809,5.001522064208984,2.3479411602020264,1.6098182201385498
1607,0.3492805063724518,0.20381927490234375,0.1703936979174614,-0.024932463,0,53.18808364868164,0.08625763654708862,5.030885219573975,2.339048147201538,1.5040849447250366
1608,0.34290823340415955,0.2027613321940104,0.16489841043949127,-0.024751522,0,53.2348747253418,0.05327795445919037,5.0579609870910645,2.328298330307007,1.3885233402252197
1609,0.32985758781433105,0.20138931274414062,0.15433922410011292,-0.025870945,0,53.281349182128906,0.022410109639167786,5.082714557647705,2.3144330978393555,1.2710773944854736
1610,0.2609798014163971,0.19965362548828125,0.09421042981557548,-0.03288425,0,53.327423095703125,-0.0035680236760526896,5.106334209442139,2.2966461181640625,1.2095084190368652
1611,0.07357731461524963,0.19838078816731772,-0.08625680464319885,-0.03854667,0,53.37320327758789,-0.02081938460469246,5.129220485687256,2.284179925918579,1.1633224487304688
1612,0.15046945214271545,0.1978022257486979,0.011091642081737518,-0.05842442,0,53.41884994506836,-0.018601056188344955,5.154256820678711,2.28350830078125,1.2521661520004272
1613,0.21721141040325165,0.1980005900065104,0.058639529161155224,-0.039428696,0,53.464542388916016,-0.006873150356113911,5.17852258682251,2.2921035289764404,1.2065191268920898
1614,0.19414064288139343,0.19732284545898438,0.010716284159570932,-0.013898484,0,53.51007843017578,0.004729893524199724,5.198734760284424,2.2841434478759766,1.0018620491027832
1615,0.14890316128730774,0.19413248697916666,-0.030902924481779337,-0.014326408,0,53.55487823486328,0.010910478420555592,5.212408542633057,2.243645668029785,0.6804966330528259
1616,0.20785346627235413,0.19411595662434897,0.04306492046453059,-0.029327411,0,53.599674224853516,-0.002297494327649474,5.222875118255615,2.23696231842041,0.5383480191230774
1617,0.061078157275915146,0.18862787882486978,-0.09251183015294373,-0.035037894,0,53.64320373535156,-0.02079986035823822,5.229985237121582,2.1732375621795654,0.3759249448776245
1618,0.060159988701343536,0.18735504150390625,-0.09819138795137405,-0.029003665,0,53.686439514160156,-0.04043813794851303,5.235144138336182,2.1609718799591064,0.2799697816371918
1619,0.10864570736885071,0.18965276082356772,-0.04780301824212074,-0.033204034,0,53.73020553588867,-0.04999874159693718,5.237894535064697,2.185939311981201,0.1478758156299591
1620,0.16298820078372955,0.1943639119466146,0.0028580985963344574,-0.034233812,0,53.77505874633789,-0.04942712187767029,5.239017963409424,2.2378737926483154,0.05864395201206207
1621,0.20381882786750793,0.18730545043945312,0.08118648082017899,-0.0646731,0,53.81828308105469,-0.03318982571363449,5.246167182922363,2.1755104064941406,0.3604256510734558
1622,0.2125975489616394,0.18373489379882812,0.052659912034869194,-0.023797266,0,53.86068344116211,-0.022657843306660652,5.246876239776611,2.1251821517944336,0.028010467067360878
1623,0.061547018587589264,0.18049494425455728,-0.05045841448009014,-0.068489514,0,53.90233612060547,-0.03274952620267868,5.241775035858154,2.0792601108551025,-0.23921041190624237
1624,0.1258079707622528,0.17993291219075522,-0.016590189188718796,-0.03753475,0,53.9438591003418,-0.03606756404042244,5.230739593505859,2.0716946125030518,-0.544306755065918
1625,0.27053961157798767,0.1903966267903646,0.10311726946383715,-0.022974296,0,53.987796783447266,-0.01544411014765501,5.221615791320801,2.195350170135498,-0.604661226272583
1626,0.16359633207321167,0.17942047119140625,0.019151465967297554,-0.034975603,0,54.02920150756836,-0.0116138169541955,5.212879657745361,2.1182963848114014,-0.48249104619026184
1627,0.19096389412879944,0.18512344360351562,0.04109323723241687,-0.035252787,0,54.071922302246094,-0.0033951695077121258,5.20198392868042,2.1407923698425293,-0.5441237092018127
1628,0.10788610577583313,0.1864293416341146,-0.04933348624035716,-0.02920975,0,54.11494445800781,0.013261866755783558,5.185173034667969,2.153792381286621,-0.8549508452415466
1629,0.11656421422958374,0.18373489379882812,-0.04009036812931299,-0.027080312,0,54.157344818115234,0.021279940381646156,5.165987968444824,2.1277401447296143,-0.9530486464500427
1630,0.20258763432502747,0.1823298136393229,0.0499394116923213,-0.029681591,0,54.19942092895508,0.011292058043181896,5.144031047821045,2.1010258197784424,-1.087488055229187
1631,0.15083402395248413,0.17879231770833334,-0.003345804288983345,-0.024612483,0,54.24068069458008,-0.011961218900978565,5.118819713592529,2.056303024291992,-1.2365776300430298
1632,0.019257783889770508,0.17687479654947916,-0.1361348805949092,-0.021482132,0,54.281497955322266,-0.0391881950199604,5.089340686798096,2.0339245796203613,-1.4451673030853271
1633,0.005627427250146866,0.17525482177734375,-0.1500825397670269,-0.019544855,0,54.32194137573242,-0.06920470297336578,5.055078029632568,2.015202522277832,-1.6805204153060913
1634,0.09299173951148987,0.14903767903645834,-0.03741145133972168,-0.018634489,0,54.3563346862793,-0.07668699324131012,5.058442115783691,1.6862297058105469,0.0788830891251564
1635,0.08079488575458527,0.13986333211263022,-0.00542912632226944,-0.05363932,0,54.38861083984375,-0.07777281850576401,5.070590019226074,1.6128226518630981,0.6105294823646545
1636,0.17535366117954254,0.14300409952799478,0.07132433354854584,-0.038974773,0,54.42161178588867,-0.06350795179605484,5.080678939819336,1.6552236080169678,0.49382197856903076
1637,0.18310889601707458,0.14434305826822916,0.07037300616502762,-0.03160716,0,54.45492172241211,-0.049433350563049316,5.088881969451904,1.6698442697525024,0.39814308285713196
1638,0.20495465397834778,0.14526875813802084,0.08577479049563408,-0.0260889,0,54.48844528198242,-0.0322783924639225,5.095619201660156,1.6809183359146118,0.3213443458080292
1639,0.19652043282985687,0.14569854736328125,0.07995832711458206,-0.029136432,0,54.52206802368164,-0.016286727041006088,5.102198600769043,1.6853820085525513,0.3141917884349823
1640,0.18160778284072876,0.14584732055664062,0.06969262380152941,-0.033932157,0,54.55572509765625,0.0023482022807002068,5.110091209411621,1.6882083415985107,0.3774469792842865
1641,0.036834463477134705,0.14422734578450522,-0.08114602882415056,-0.026246855,0,54.58900833129883,0.01857740804553032,5.118295669555664,1.6709539890289307,0.398039847612381
1642,0.04783531278371811,0.1374664306640625,-0.06130940280854702,-0.028321711,0,54.620731353759766,0.030839288607239723,5.123920917510986,1.5908581018447876,0.27090826630592346
1643,0.08506336063146591,0.1354497273763021,-0.011950591579079628,-0.038435772,0,54.6519889831543,0.03322940692305565,5.126887321472168,1.5667009353637695,0.15056732296943665
1644,0.11759383976459503,0.12156422932942708,0.03885176032781601,-0.042822152,0,54.6800422668457,0.025459054857492447,5.1255412101745605,1.4125235080718994,-0.05302879586815834
1645,0.17755049467086792,0.12111790974934895,0.09072245797142386,-0.034289874,0,54.70799255371094,0.007314563263207674,5.121345520019531,1.3931626081466675,-0.18889546394348145
1646,0.052759069949388504,0.1279449462890625,-0.04611054202541709,-0.029075336,0,54.737518310546875,-0.016536671668291092,5.118673324584961,1.4771836996078491,-0.103303924202919
1647,0.020390693098306656,0.12769699096679688,-0.0873984768986702,-0.019907821,0,54.76698684692383,-0.03401636704802513,5.120303153991699,1.4759464263916016,0.10576950013637543
1648,-0.015972502529621124,0.11936569213867188,-0.09732699021697044,-0.038011204,0,54.794532775878906,-0.05348176509141922,5.123871803283691,1.404871940612793,0.17836914956569672
1649,0.061184417456388474,0.1265894571940104,-0.00801045447587967,-0.057394583,0,54.82374572753906,-0.055083855986595154,5.13077974319458,1.4661914110183716,0.35142457485198975
1650,0.05804109573364258,0.1308873494466146,-0.00604407861828804,-0.066802174,0,54.85395050048828,-0.05629267171025276,5.144337177276611,1.5094821453094482,0.6795770525932312
1651,0.1635654866695404,0.13721847534179688,0.09357808157801628,-0.06723108,0,54.885616302490234,-0.037577055394649506,5.162621974945068,1.5903751850128174,0.8984567523002625
1652,0.16486263275146484,0.1427892049153646,0.09259356185793877,-0.070520125,0,54.9185676574707,-0.019058343023061752,5.188056468963623,1.6521644592285156,1.2552025318145752
1653,0.14111831784248352,0.14716974894205728,0.04301868844777346,-0.049070116,0,54.95252990722656,0.010454605333507061,5.216899871826172,1.706303358078003,1.415608286857605
1654,0.010866958647966385,0.14756647745768228,-0.10261563118547201,-0.034083888,0,54.9865837097168,0.030977731570601463,5.2485127449035645,1.7145236730575562,1.567161202430725
1655,0.03727124631404877,0.13409423828125,-0.05168001167476177,-0.04514298,0,55.01752853393555,0.04131373390555382,5.277789115905762,1.5549591779708862,1.461312174797058
1656,0.02466752752661705,0.12958145141601562,-0.05532197654247284,-0.049591947,0,55.04743194580078,0.052378129214048386,5.296760559082031,1.5027267932891846,0.9472616314888
1657,-0.0081934854388237,0.13341649373372397,-0.04976319149136543,-0.09184679,0,55.07822036743164,0.06233076751232147,5.308496475219727,1.5420442819595337,0.5849888324737549
1658,0.008197098970413208,0.13020960489908853,-0.047550685703754425,-0.07446182,0,55.10826873779297,0.07184090465307236,5.316445827484131,1.5044116973876953,0.4021109342575073
1659,0.11382268369197845,0.12182871500651042,0.0437440350651741,-0.051750064,0,55.136383056640625,0.06309209764003754,5.322998046875,1.403332233428955,0.3466061055660248
1660,0.12329024076461792,0.12346522013346355,0.034902170300483704,-0.03507715,0,55.16487503051758,0.056111663579940796,5.325360298156738,1.4221668243408203,0.13264325261116028
1661,0.11209885776042938,0.12169647216796875,0.02458924427628517,-0.03418685,0,55.19295883178711,0.05119381472468376,5.323437213897705,1.4113938808441162,-0.0972781702876091
1662,0.1027107983827591,0.12482070922851562,0.013524610549211502,-0.035634518,0,55.221763610839844,0.04848889261484146,5.316544055938721,1.434540033340454,-0.33919501304626465
1663,0.09577447175979614,0.12713495890299478,0.002714581787586212,-0.034075066,0,55.251102447509766,0.04794597625732422,5.304864406585693,1.4614713191986084,-0.5811726450920105
1664,-0.012700062245130539,0.14178085327148438,-0.12366980314254761,-0.030811112,0,55.28382110595703,0.07267993688583374,5.293395519256592,1.6183619499206543,-0.6731189489364624
1665,0.07598228752613068,0.14487202962239584,-0.025339387357234955,-0.043550357,0,55.31725311279297,0.07774781435728073,5.279022693634033,1.6734076738357544,-0.7243186831474304
1666,0.1724429726600647,0.13536707560221353,0.08696401491761208,-0.049888123,0,55.34849166870117,0.060355011373758316,5.266293048858643,1.5868909358978271,-0.6816636323928833
1667,0.15666791796684265,0.1421941121419271,0.05405426025390625,-0.039580446,0,55.38130569458008,0.049544159322977066,5.251011371612549,1.6352055072784424,-0.7521445751190186
1668,0.1499386876821518,0.1428553263346354,0.055085644125938416,-0.048002288,0,55.41427230834961,0.03852703049778938,5.234759330749512,1.6390093564987183,-0.7978643178939819
1669,0.14929860830307007,0.14320246378580728,0.06724736653268337,-0.06115122,0,55.44731903076172,0.02507755719125271,5.214812755584717,1.6398563385009766,-0.9767003059387207
1670,0.12016826122999191,0.13619359334309897,0.05377053748816252,-0.06979587,0,55.4787483215332,0.014323449693620205,5.198551177978516,1.5720148086547852,-0.7973725199699402
1671,0.1738339215517044,0.13678868611653647,0.059528028359636664,-0.022482798,0,55.51031494140625,0.002417844021692872,5.180440902709961,1.5749530792236328,-0.893208384513855
1672,0.07284357398748398,0.1369043986002604,-0.038465632824227214,-0.025595188,0,55.541908264160156,-0.010110970586538315,5.161071300506592,1.5762929916381836,-0.9554769396781921
1673,0.04734252020716667,0.13713582356770834,-0.06288561969995499,-0.026907686,0,55.57355499267578,-0.022688094526529312,5.141313552856445,1.578960657119751,-0.9748530387878418
1674,0.04775932431221008,0.13756561279296875,-0.060864873230457306,-0.028941417,0,55.60530090332031,-0.03486106917262077,5.121901035308838,1.5842998027801514,-0.957940936088562
1675,0.04736346751451492,0.13839213053385416,-0.0570133700966835,-0.03401529,0,55.637237548828125,-0.046263743191957474,5.103455066680908,1.5941308736801147,-0.9104156494140625
1676,0.07723946869373322,0.1299285888671875,-0.013088807463645935,-0.039600316,0,55.66722106933594,-0.04888150468468666,5.104022026062012,1.4987398386001587,0.02922886796295643
1677,0.12243373692035675,0.12933349609375,0.02146149054169655,-0.028361244,0,55.69706726074219,-0.04458920657634735,5.1106276512146,1.4926104545593262,0.32777780294418335
1678,0.16529089212417603,0.13387934366861978,0.07792429067194462,-0.04651273,0,55.727962493896484,-0.029004348441958427,5.1213297843933105,1.5485411882400513,0.5200886130332947
1679,0.21705712378025055,0.13411076863606772,0.11061698663979769,-0.027670633,0,55.7589111328125,-0.00688095111399889,5.132227420806885,1.5556013584136963,0.5267874002456665
1680,0.08766193687915802,0.11926651000976562,0.013408658560365438,-0.045013238,0,55.786434173583984,-0.004199219401925802,5.137028217315674,1.3800718784332275,0.24368689954280853
1681,-0.008154727518558502,0.10959625244140625,-0.06795343244448304,-0.049797546,0,55.81172561645508,-0.01778990589082241,5.136994361877441,1.2619459629058838,0.020186830312013626
1682,0.03199174255132675,0.12412643432617188,-0.05262022837996483,-0.03951446,0,55.840370178222656,-0.028313951566815376,5.131686687469482,1.4294488430023193,-0.2479107677936554
1683,0.05267266929149628,0.14541753133138022,-0.05431408993899822,-0.038430773,0,55.87392807006836,-0.03917676955461502,5.126064300537109,1.6757973432540894,-0.2633209526538849
1684,0.18099014461040497,0.15680694580078125,0.04248760640621185,-0.018304411,0,55.91011428833008,-0.03067924827337265,5.119684219360352,1.806165099143982,-0.34608182311058044
1685,0.18285295367240906,0.1571044921875,0.052764955908060074,-0.027016496,0,55.94636917114258,-0.020126257091760635,5.110036849975586,1.819711685180664,-0.48871684074401855
1686,0.14383292198181152,0.14692179361979166,0.043349494226276875,-0.046438366,0,55.98027420043945,-0.01145635824650526,5.102377414703369,1.7539658546447754,-0.4323560297489166
1687,0.1403924971818924,0.14809544881184897,0.057229820590691816,-0.06493278,0,56.01445007324219,-1.0394128366897348e-05,5.09943151473999,1.7103577852249146,-0.13143236935138702
1688,0.017519978806376457,0.14728546142578125,-0.10450705601670052,-0.025258427,0,56.048439025878906,0.020911805331707,5.094369888305664,1.7081001996994019,-0.2706258296966553
1689,0.032081328332424164,0.13774744669596353,-0.0815095566213131,-0.024156563,0,56.08022689819336,0.03721371665596962,5.100283145904541,1.5973247289657593,0.2826472818851471
1690,0.049040522426366806,0.12372970581054688,-0.05092982202768326,-0.023759361,0,56.10877990722656,0.04739968106150627,5.1076202392578125,1.4348381757736206,0.3637440502643585
1691,0.10110599547624588,0.1253331502278646,0.02210184931755066,-0.046329,0,56.13770294189453,0.04297931119799614,5.1078667640686035,1.4474109411239624,0.02166692167520523
1692,0.14619699120521545,0.12749862670898438,0.0602810550481081,-0.04158269,0,56.1671257019043,0.03092310018837452,5.103435516357422,1.4699844121932983,-0.20368711650371552
1693,0.24001070857048035,0.1203905741373698,0.14494266943074763,-0.025322534,0,56.194908142089844,0.0019345663022249937,5.096861839294434,1.3804537057876587,-0.29567763209342957
1694,0.06369581818580627,0.12944920857747397,-0.05243508261628449,-0.013318304,0,56.22478103637695,-0.012421582825481892,5.090093612670898,1.4902783632278442,-0.3223184049129486
1695,0.07053014636039734,0.1319452921549479,-0.019044256769120693,-0.042370886,0,56.25522994995117,-0.01623043417930603,5.084502220153809,1.5173749923706055,-0.2722211182117462
1696,0.10870112478733063,0.12920125325520834,0.03758782986551523,-0.058087964,0,56.2850456237793,-0.008712868206202984,5.083322048187256,1.4953317642211914,-0.04050450026988983
1697,0.10790543258190155,0.1235809326171875,0.02386032370850444,-0.039535824,0,56.31356430053711,0.003940803464502096,5.091156005859375,1.4288971424102783,0.3790275752544403
1698,0.0717281624674797,0.11495208740234375,-0.016632305923849344,-0.026591623,0,56.340091705322266,0.007267264649271965,5.09851598739624,1.3274019956588745,0.3660869002342224
1699,0.10876297205686569,0.10714975992838542,0.03177788225002587,-0.030164665,0,56.36481857299805,-0.0009116881992667913,5.103439807891846,1.2353625297546387,0.25746482610702515
1700,0.01874658092856407,0.10404205322265625,-0.06667628535069525,-0.018619187,0,56.38882827758789,-0.014246945269405842,5.107723712921143,1.1979939937591553,0.22974610328674316
1701,0.008435752242803574,0.10326512654622395,-0.08155899588018656,-0.013270378,0,56.41265869140625,-0.030558744445443153,5.111569404602051,1.1875636577606201,0.2098628729581833
1702,0.022063156589865685,0.10311635335286458,-0.07371270097792149,-0.007340497,0,56.43645477294922,-0.04530128464102745,5.115320205688477,1.186274766921997,0.2031250149011612
1703,0.041776180267333984,0.1031328837076823,-0.053542573004961014,-0.007814132,0,56.46025466918945,-0.05600979924201965,5.118982315063477,1.187607765197754,0.19447599351406097
1704,0.06683025509119034,0.10424041748046875,-0.02822812646627426,-0.009182037,0,56.484310150146484,-0.061655424535274506,5.122603893280029,1.201664686203003,0.18755662441253662
1705,0.09996926039457321,0.10714975992838542,0.0049973465502262115,-0.012177845,0,56.509037017822266,-0.06065595522522926,5.12630558013916,1.2381221055984497,0.18655602633953094
1706,0.1529213786125183,0.11181131998697917,0.06924252957105637,-0.028132472,0,56.53483963012695,-0.04680744931101799,5.130523681640625,1.2979120016098022,0.20207621157169342
1707,0.22198019921779633,0.11303456624348958,0.13594544492661953,-0.026999813,0,56.5609245300293,-0.019618360325694084,5.134979248046875,1.3256707191467285,0.1954042762517929
1708,0.1344854235649109,0.10820770263671875,0.09265508037060499,-0.066377364,0,56.58589553833008,0.0010873442515730858,5.145787715911865,1.2844672203063965,0.49399954080581665
1709,0.013963334262371063,0.10445531209309895,-0.0720093585550785,-0.018482618,0,56.61000061035156,0.015489215962588787,5.153080940246582,1.2124881744384766,0.35469233989715576
1710,0.06583593785762787,0.0896441141764323,0.028451024554669857,-0.052259196,0,56.63068771362305,0.009799011051654816,5.154736518859863,1.0364993810653687,0.09550198912620544
1711,0.08523634076118469,0.09187571207682292,0.035045312251895666,-0.041684683,0,56.65188980102539,-0.0027899486012756824,5.151708602905273,1.0605385303497314,-0.12651509046554565
1712,-0.03723429888486862,0.09815724690755208,-0.09046751772984862,-0.04492403,0,56.67454147338867,-0.020883452147245407,5.144043922424316,1.13100266456604,-0.3599289655685425
1713,-0.0023064985871315002,0.121795654296875,-0.08969858288764954,-0.03440357,0,56.7026481628418,-0.038823168724775314,5.136940002441406,1.4023268222808838,-0.3307722508907318
1714,0.12001112103462219,0.13298670450846353,0.0017614848911762238,-0.01473707,0,56.73333740234375,-0.03847087174654007,5.12819242477417,1.5403550863265991,-0.43089863657951355
1715,0.06032790616154671,0.12487030029296875,-0.027554184198379517,-0.03698821,0,56.76215362548828,-0.04398170858621597,5.121303558349609,1.4531747102737427,-0.3425377905368805
1716,0.09774009883403778,0.12647374471028647,0.032897815108299255,-0.061631452,0,56.79133987426758,-0.03740214556455612,5.119289875030518,1.4556598663330078,-0.08532891422510147
1717,0.16874031722545624,0.1219940185546875,0.08949140086770058,-0.042745102,0,56.81949234008789,-0.019503865391016006,5.12662935256958,1.412479281425476,0.3494664430618286
1718,0.16628724336624146,0.12068812052408855,0.06851936224848032,-0.022920242,0,56.84734344482422,0.0057999929413199425,5.135364055633545,1.4014785289764404,0.41530463099479675
1719,0.02414267510175705,0.11098480224609375,-0.04299958236515522,-0.043842547,0,56.872955322265625,0.014399909414350986,5.138853073120117,1.2865935564041138,0.17130133509635925
1720,0.09225346893072128,0.10615793863932292,0.034887189976871014,-0.048791654,0,56.89745330810547,0.007422471418976784,5.137507438659668,1.2242125272750854,-0.055540233850479126
1721,0.09830750524997711,0.11976242065429688,0.019732341170310974,-0.041187253,0,56.92509078979492,-0.003476003184914589,5.132030963897705,1.37899649143219,-0.2574312388896942
1722,0.11155612766742706,0.13022613525390625,0.012278708745725453,-0.030948713,0,56.955142974853516,-0.0010202614357694983,5.125016212463379,1.5080136060714722,-0.3468197286128998
1723,0.07881104201078415,0.13166427612304688,-0.02435612550470978,-0.028497107,0,56.98552703857422,0.005891486536711454,5.114654064178467,1.530107855796814,-0.5154744982719421
1724,0.10019932687282562,0.1227874755859375,0.008863378316164017,-0.03145152,0,57.01386260986328,0.004118810873478651,5.105668067932129,1.4448697566986084,-0.47303736209869385
1725,0.014095857739448547,0.12371317545572917,-0.0574862421490252,-0.05213108,0,57.04241180419922,0.015616059303283691,5.100175857543945,1.4323097467422485,-0.2686278820037842
1726,0.015060123056173325,0.1142743428548177,-0.0588154885917902,-0.04039873,0,57.068782806396484,0.02737915702164173,5.106622695922852,1.320844054222107,0.28992995619773865
1727,0.07622940838336945,0.10508346557617188,0.011861715465784073,-0.040715765,0,57.09303283691406,0.025006813928484917,5.113260269165039,1.2103182077407837,0.3327535092830658
1728,0.13462187349796295,0.09554545084635417,0.07160709705203772,-0.032530684,0,57.115081787109375,0.010685394518077374,5.117886066436768,1.0976866483688354,0.24549853801727295
1729,0.09606437385082245,0.09280141194661458,0.018129998352378607,-0.014867037,0,57.136497497558594,-0.007059394847601652,5.12164831161499,1.0656368732452393,0.20628026127815247
1730,0.0038220174610614777,0.09174346923828125,-0.07512344280257821,-0.012798009,0,57.15766906738281,-0.022084083408117294,5.125216484069824,1.0546435117721558,0.1910589039325714
1731,0.0027182595804333687,0.08949534098307292,-0.0734611414372921,-0.013315939,0,57.178321838378906,-0.036776311695575714,5.128289699554443,1.02931809425354,0.1693132072687149
1732,0.0024436814710497856,0.08752822875976562,-0.07254896685481071,-0.01253558,0,57.19852066040039,-0.05128610506653786,5.13097620010376,1.0074901580810547,0.1507743000984192
1733,0.0013831406831741333,0.08306503295898438,-0.07144467905163765,-0.010237213,0,57.217689514160156,-0.06557504087686539,5.1332221031188965,0.9576591849327087,0.13145871460437775
1734,0.008802827447652817,0.0815111796061198,-0.05396667867898941,-0.018741673,0,57.23649978637695,-0.07636837661266327,5.1352996826171875,0.9405535459518433,0.12003252655267715
1735,0.06978530436754227,0.09612401326497395,0.007407739758491516,-0.03374645,0,57.25868225097656,-0.07488682866096497,5.1389312744140625,1.1122514009475708,0.1868298500776291
1736,0.14202116429805756,0.11814244588216145,0.04803445190191269,-0.024155742,0,57.285945892333984,-0.06527993828058243,5.143682479858398,1.374228596687317,0.23787087202072144
1737,0.15994246304035187,0.11951446533203125,0.07324822247028351,-0.03282023,0,57.31352615356445,-0.050630293786525726,5.147441864013672,1.3857421875,0.17847639322280884
1738,0.19543223083019257,0.11924997965494792,0.10520892217755318,-0.029026669,0,57.34104537963867,-0.02958850935101509,5.150680065155029,1.3847754001617432,0.14575468003749847
1739,0.1859542429447174,0.12247339884440105,0.1357842271681875,-0.07230339,0,57.36930847167969,-0.002431663917377591,5.159788131713867,1.4244645833969116,0.43377283215522766
1740,-0.03011600859463215,0.11495208740234375,-0.09383234544657171,-0.05123575,0,57.395835876464844,0.021198133006691933,5.171332359313965,1.337241291999817,0.5601315498352051
1741,0.03300374373793602,0.09992599487304688,-0.029654866084456444,-0.037267383,0,57.41889572143555,0.02712910622358322,5.177334308624268,1.1633907556533813,0.30903375148773193
1742,0.09758356213569641,0.09445444742838542,0.06207895465195179,-0.058949843,0,57.44069290161133,0.014713315293192863,5.178155422210693,1.0867823362350464,0.06378791481256485
1743,0.13267722725868225,0.09842173258463542,0.07302262030862039,-0.03876712,0,57.46340560913086,0.00010879123146878555,5.174595355987549,1.134886384010315,-0.1579982489347458
1744,-0.008732359856367111,0.11655553181966145,-0.07840815142117208,-0.04687974,0,57.49030303955078,-0.0157904215157032,5.169745922088623,1.3395812511444092,-0.22238117456436157
1745,0.048912741243839264,0.13705317179361978,-0.0570883322507143,-0.031052098,0,57.52193069458008,-0.02720808796584606,5.161472320556641,1.5783758163452148,-0.39434683322906494
1746,0.12193568795919418,0.13792928059895834,0.0064716581255197525,-0.022465251,0,57.55376052856445,-0.02591375634074211,5.156517028808594,1.6155693531036377,-0.35039061307907104
1747,0.16222256422042847,0.14102045694986978,0.06263089366257191,-0.04142879,0,57.5863037109375,-0.01338757760822773,5.149159908294678,1.6345605850219727,-0.37961727380752563
1748,0.12729249894618988,0.131317138671875,0.05559401586651802,-0.059618656,0,57.616607666015625,-0.0022687744349241257,5.149395942687988,1.5267689228057861,-0.0041145095601677895
1749,0.04422861710190773,0.13229242960611978,-0.0515929888933897,-0.036470827,0,57.64713668823242,0.012587372213602066,5.150820255279541,1.5319812297821045,0.05771833285689354
1750,0.045089803636074066,0.1299616495768229,-0.05887914448976517,-0.0259927,0,57.677127838134766,0.0243632011115551,5.150166034698486,1.5045839548110962,-0.04234541952610016
1751,0.08247017860412598,0.13336690266927084,-0.022588232532143593,-0.028308485,0,57.70790481567383,0.028880847617983818,5.144262790679932,1.5421487092971802,-0.3045606315135956
1752,0.1457349956035614,0.13054021199544272,0.06004532799124718,-0.04485055,0,57.73802947998047,0.016871782019734383,5.134535789489746,1.5127404928207397,-0.4965038597583771
1753,0.1812112033367157,0.12741597493489584,0.07096058106981218,-0.01716534,0,57.767433166503906,0.002679665805771947,5.122468948364258,1.466451644897461,-0.5888802409172058
1754,0.08746074140071869,0.11690266927083333,0.0014710298273712397,-0.030912956,0,57.794410705566406,-0.002385459840297699,5.12539529800415,1.3477063179016113,0.1499372124671936
1755,0.06237192079424858,0.11708450317382812,-0.00770884333178401,-0.047003742,0,57.82143020629883,0.003927228506654501,5.13378381729126,1.3518750667572021,0.4150172472000122
1756,0.008290734142065048,0.11997731526692708,-0.0763659575022757,-0.035320625,0,57.849117279052734,0.019200420007109642,5.14297342300415,1.3887863159179688,0.4451020061969757
1757,0.015847541391849518,0.11910120646158855,-0.07871040143072605,-0.024543263,0,57.87660217285156,0.03494250029325485,5.150605201721191,1.3804035186767578,0.3687991499900818
1758,0.08465743064880371,0.10957972208658855,0.03128590062260628,-0.05620819,0,57.90188980102539,0.028685320168733597,5.152514934539795,1.2672948837280273,0.10987600684165955
1759,0.14808323979377747,0.11176172892252605,0.07373042870312929,-0.03740891,0,57.92768096923828,0.013939234428107738,5.15062141418457,1.294592261314392,-0.08472152054309845
1760,0.13753299415111542,0.1158612569173177,0.047215744853019714,-0.025544006,0,57.95441818237305,-0.004496085457503796,5.143922805786133,1.3329941034317017,-0.31267380714416504
1761,-0.002740653231739998,0.11224110921223958,-0.1029120059683919,-0.012069756,0,57.98031997680664,-0.025078486651182175,5.13397741317749,1.2897802591323853,-0.47401562333106995
1762,0.04603150486946106,0.12030792236328125,-0.05299072712659836,-0.02128569,0,58.00808334350586,-0.035676632076501846,5.122922420501709,1.3859398365020752,-0.5410096049308777
1763,0.11380317807197571,0.1243909200032552,0.03641684539616108,-0.047004584,0,58.03678894042969,-0.02839326299726963,5.111522674560547,1.4367953538894653,-0.5717646479606628
1764,0.1021256148815155,0.12075424194335938,0.04533406347036362,-0.0639627,0,58.06465530395508,-0.019326450303196907,5.105504035949707,1.400431752204895,-0.29196739196777344
1765,0.09983766078948975,0.1132494608561198,0.04378262907266617,-0.057194423,0,58.090789794921875,-0.010569924488663673,5.11110782623291,1.3122860193252563,0.27554285526275635
1766,0.12161128968000412,0.11253865559895833,0.042445705039426684,-0.033373065,0,58.11676025390625,-0.0020807834807783365,5.118526458740234,1.3027362823486328,0.36287158727645874
1767,0.08008900284767151,0.10668690999348958,-0.002036787336692214,-0.024561118,0,58.141380310058594,-0.0024881409481167793,5.1235127449035645,1.2312746047973633,0.2509936988353729
1768,0.02414843440055847,0.10065333048502605,-0.05066574551165104,-0.02583915,0,58.164608001708984,-0.012621290050446987,5.126725673675537,1.1595391035079956,0.1721954196691513
1769,0.01880597323179245,0.09835561116536458,-0.06658338475972414,-0.012966252,0,58.18730545043945,-0.025937967002391815,5.129831790924072,1.1320104598999023,0.17018336057662964
1770,0.012503452599048615,0.09704971313476562,-0.07204044610261917,-0.012505814,0,58.20970153808594,-0.04034605622291565,5.132787227630615,1.1164751052856445,0.16364037990570068
1771,0.014808924868702888,0.09533055623372395,-0.07317114621400833,-0.007350486,0,58.2317008972168,-0.054980285465717316,5.135313987731934,1.0968672037124634,0.14236338436603546
1772,0.021230578422546387,0.09316507975260417,-0.06609369069337845,-0.0058408096,0,58.25320053100586,-0.068199023604393,5.137547492980957,1.0728979110717773,0.1269420087337494
1773,0.028098566457629204,0.09035491943359375,-0.05436014384031296,-0.007896209,0,58.274051666259766,-0.0790710523724556,5.139482498168945,1.0418463945388794,0.11162279546260834
1774,0.08391852676868439,0.10686874389648438,0.023469440639019012,-0.046419665,0,58.29871368408203,-0.0743771642446518,5.14382791519165,1.2358945608139038,0.2168739289045334
1775,0.1397101879119873,0.11873753865559895,0.057066939771175385,-0.03609429,0,58.326114654541016,-0.06296377629041672,5.149103164672852,1.3828107118606567,0.26405495405197144
1776,0.18884868919849396,0.12072118123372395,0.11013854295015335,-0.042011034,0,58.353973388671875,-0.04093606770038605,5.153417587280273,1.400673508644104,0.19795595109462738
1777,0.20623208582401276,0.1208038330078125,0.10062363930046558,-0.0151953865,0,58.38185119628906,-0.02081133984029293,5.155726432800293,1.4046014547348022,0.10214661806821823
1778,0.14537209272384644,0.11296844482421875,0.10199728683801368,-0.06959363,0,58.407920837402344,0.00041188247269019485,5.164934158325195,1.3168737888336182,0.4508470892906189
1779,-0.026057619601488113,0.11972935994466145,-0.12290414684684947,-0.022882832,0,58.435550689697266,0.02499271184206009,5.172739028930664,1.3893074989318848,0.3675897717475891
1780,0.02716531604528427,0.11420822143554688,-0.04507208243012428,-0.041970827,0,58.46190643310547,0.034007128328084946,5.177441596984863,1.323346495628357,0.2300376296043396
1781,0.09363992512226105,0.10083516438802083,0.01690099947154522,-0.024096232,0,58.48517608642578,0.030626928433775902,5.177631378173828,1.1667436361312866,0.01955234259366989
1782,0.12475217878818512,0.09179306030273438,0.1069103879854083,-0.073951274,0,58.5063591003418,0.00924485083669424,5.173798084259033,1.0620397329330444,-0.1678556501865387
1783,0.03097151219844818,0.09172693888346355,-0.021799802780151367,-0.03895562,0,58.52752685546875,-0.013604811392724514,5.16495418548584,1.0745583772659302,-0.4009270966053009
1784,-0.028535254299640656,0.11867141723632812,-0.10118104983121157,-0.046025623,0,58.55491256713867,-0.03384102135896683,5.156102657318115,1.362403392791748,-0.41966336965560913
1785,0.020623497664928436,0.14604568481445312,-0.09706128388643265,-0.028360903,0,58.58861541748047,-0.05325327813625336,5.148441791534424,1.6814396381378174,-0.35623854398727417
1786,0.11881816387176514,0.15457534790039062,-0.014465432614088058,-0.021291751,0,58.62428665161133,-0.05614636465907097,5.139632701873779,1.7889230251312256,-0.42952731251716614
1787,0.128005251288414,0.15510431925455728,0.025807786732912064,-0.05290686,0,58.66007995605469,-0.050984807312488556,5.1317458152771,1.8016616106033325,-0.3891170024871826
1788,0.14621253311634064,0.14700444539388022,0.055219195783138275,-0.05601111,0,58.69400405883789,-0.0399409681558609,5.1320414543151855,1.7009303569793701,0.00610117195174098
1789,0.16260652244091034,0.14419428507486978,0.06967236287891865,-0.05126013,0,58.72727966308594,-0.02600649558007717,5.1401777267456055,1.6683690547943115,0.39454203844070435
1790,0.23569530248641968,0.14657465616861978,0.12541347416117787,-0.036292825,0,58.761104583740234,-0.0009238007478415966,5.1503095626831055,1.6986294984817505,0.48344698548316956
1791,0.03128620237112045,0.14283879597981772,-0.08894085185602307,-0.022611741,0,58.7940673828125,0.01871197111904621,5.158249378204346,1.657553791999817,0.3830643594264984
1792,0.08917522430419922,0.13872273763020834,-0.0007271487265825272,-0.04882036,0,58.826080322265625,0.018857400864362717,5.157431602478027,1.6011505126953125,-0.03724007308483124
1793,0.1573561131954193,0.1289037068684896,0.07500695064663887,-0.046554543,0,58.85582733154297,0.0038560107350349426,5.155275344848633,1.5088788270950317,-0.17194722592830658
1794,0.06402682512998581,0.13738377888997397,-0.04369935020804405,-0.029657602,0,58.88753128051758,-0.012595880776643753,5.1469550132751465,1.581297755241394,-0.39303886890411377
1795,0.1370036005973816,0.14842605590820312,0.0032703857868909836,-0.014692845,0,58.921783447265625,-0.011941803619265556,5.137350559234619,1.7174642086029053,-0.4762375056743622
1796,0.07027310132980347,0.13949966430664062,-0.0315912626683712,-0.037635293,0,58.953975677490234,-0.018260056152939796,5.130404949188232,1.6319977045059204,-0.36012741923332214
1797,0.0990244448184967,0.14192962646484375,0.021913456730544567,-0.064818636,0,58.98672866821289,-0.013877364806830883,5.126075744628906,1.6308741569519043,-0.2006119042634964
1798,0.14535896480083466,0.13321812947591147,0.059468153631314635,-0.047327325,0,59.01747131347656,0.001983734080567956,5.133796691894531,1.5417779684066772,0.36993396282196045
1799,-0.014022544026374817,0.1338958740234375,-0.10983300278894603,-0.038085416,0,59.048370361328125,0.023950334638357162,5.144182205200195,1.5510414838790894,0.4987974464893341
1800,0.05222425237298012,0.12663904825846353,-0.03639918752014637,-0.038015608,0,59.07759475708008,0.031230172142386436,5.1493988037109375,1.4634926319122314,0.2539135813713074
1801,0.11506429314613342,0.12192789713541667,0.03814905881881714,-0.045012664,0,59.10573196411133,0.02360036037862301,5.149869441986084,1.4036965370178223,0.03166210651397705
1802,0.18240490555763245,0.11498514811197917,0.097817771602422,-0.030398004,0,59.132266998291016,0.004036806058138609,5.146219253540039,1.3194364309310913,-0.16035346686840057
1803,0.1154797226190567,0.1362762451171875,0.00809276825748384,-0.028889285,0,59.16371536254883,0.002418252406641841,5.140592098236084,1.5746065378189087,-0.27572134137153625
1804,0.02371560037136078,0.12862269083658853,-0.07896133349277079,-0.025945757,0,59.193397521972656,-0.018210519105196,5.135426998138428,1.4794875383377075,-0.23526234924793243
1805,0.02149355411529541,0.12247339884440105,-0.059280311688780785,-0.041699536,0,59.22166061401367,-0.030066581442952156,5.141355037689209,1.391431450843811,0.29741838574409485
1806,0.07441124320030212,0.11936569213867188,-0.014022095128893852,-0.030932352,0,59.24920654296875,-0.032871000468730927,5.15011739730835,1.376420497894287,0.441612184047699
1807,0.1198442280292511,0.12103525797526042,0.021672965958714485,-0.022863995,0,59.277137756347656,-0.02853640727698803,5.158733367919922,1.3971260786056519,0.42693960666656494
1808,0.1587473452091217,0.12293624877929688,0.07575574330985546,-0.039944645,0,59.30550765991211,-0.013385258615016937,5.169966697692871,1.4223288297653198,0.5469383001327515
1809,0.1063726395368576,0.12602742513020834,0.009663584642112255,-0.02931838,0,59.334590911865234,0.011452541686594486,5.1814799308776855,1.4614181518554688,0.5520296692848206
1810,0.02305222861468792,0.11728286743164062,-0.06349275354295969,-0.030737886,0,59.361656188964844,0.024151092395186424,5.1882147789001465,1.3594732284545898,0.32745450735092163
1811,0.07816089689731598,0.11319986979166667,0.012837853282690048,-0.047876816,0,59.387779235839844,0.021583521738648415,5.190032958984375,1.3102842569351196,0.10207337141036987
1812,0.1320801079273224,0.11617533365885417,0.06044265814125538,-0.044537887,0,59.414588928222656,0.009494990110397339,5.186718463897705,1.3637062311172485,-0.13556848466396332
1813,0.09365015476942062,0.12305196126302083,-0.00467193778604269,-0.024729872,0,59.44298553466797,0.010429377667605877,5.181268692016602,1.4226751327514648,-0.27030545473098755
1814,0.1264559030532837,0.10599263509114583,0.042941530700773,-0.022478275,0,59.467445373535156,-0.0018410715274512768,5.185207366943359,1.2161154747009277,0.2165614813566208
1815,0.06611545383930206,0.10397593180338542,-0.0015130196698009968,-0.03634746,0,59.49143981933594,0.002143675461411476,5.1938652992248535,1.2060755491256714,0.42799848318099976
1816,0.016931505873799324,0.10696792602539062,-0.06460228934884071,-0.02543413,0,59.5161247253418,0.015064133331179619,5.202484607696533,1.2377599477767944,0.4188663363456726
1817,-0.0046227313578128815,0.10738118489583333,-0.08284849114716053,-0.029155426,0,59.5409049987793,0.031633831560611725,5.210269927978516,1.245097041130066,0.3744882643222809
1818,0.050714366137981415,0.10109965006510417,-0.007583145052194595,-0.04280214,0,59.56423568725586,0.033150460571050644,5.213233470916748,1.1683135032653809,0.14847733080387115
1819,0.12074321508407593,0.09377670288085938,0.06990024819970131,-0.042933732,0,59.58587646484375,0.019170410931110382,5.2118988037109375,1.078628659248352,-0.04950337111949921
1820,0.11572764813899994,0.08855311075846355,0.0631462293677032,-0.035971686,0,59.6063117980957,-0.006541165057569742,5.206162452697754,1.0139234066009521,-0.2569011449813843
1821,0.04286852478981018,0.10506693522135417,-0.02981369150802493,-0.032384716,0,59.630558013916016,-0.012503903359174728,5.200089931488037,1.1994048357009888,-0.33152517676353455
1822,0.02272842451930046,0.10339736938476562,-0.04670785740017891,-0.033961087,0,59.6544189453125,-0.02184547483921051,5.203944683074951,1.1798498630523682,0.19217582046985626
1823,0.07178738713264465,0.09868621826171875,0.005968566983938217,-0.032867406,0,59.67719268798828,-0.020651761442422867,5.211713790893555,1.1426870822906494,0.39266347885131836
1824,0.11066193878650665,0.09749603271484375,0.045414455235004425,-0.03224854,0,59.69969177246094,-0.011568870395421982,5.219815254211426,1.1330182552337646,0.40291735529899597
1825,0.09598736464977264,0.09187571207682292,0.04256137763150036,-0.038449723,0,59.72089385986328,0.003056594869121909,5.230687618255615,1.069311499595642,0.5354741215705872
1826,-0.0240069180727005,0.09571075439453125,-0.07915035937912762,-0.040567312,0,59.74298095703125,0.018886666744947433,5.241654396057129,1.1086159944534302,0.5344581007957458
1827,0.002230735495686531,0.0930493672688802,-0.06747333332896233,-0.023345299,0,59.76445388793945,0.0323813334107399,5.250945091247559,1.0782209634780884,0.4556698501110077
1828,0.04427134618163109,0.0819244384765625,0.0011570192873477936,-0.038810108,0,59.78335952758789,0.03214992955327034,5.2547197341918945,0.9494539499282837,0.1965738981962204
1829,0.10812810808420181,0.07592391967773438,0.08625564631074667,-0.05405145,0,59.800880432128906,0.014898800291121006,5.256103515625,0.8769521117210388,0.09831395000219345
1830,0.08791713416576385,0.0735931396484375,0.04278878681361675,-0.028464794,0,59.81786346435547,-0.0063410429283976555,5.257433891296387,0.8542118072509766,0.09670230746269226
1831,-0.09858909249305725,0.06656773885091145,-0.13435520697385073,-0.030801628,0,59.83322525024414,-0.0332120843231678,5.258089065551758,0.7628605365753174,0.06472910195589066
1832,-0.13245952129364014,0.061542510986328125,-0.146977286785841,-0.047024738,0,59.84742736816406,-0.062607541680336,5.258283615112305,0.7047313451766968,0.045042600482702255
1833,-0.03651030734181404,0.07608922322591145,-0.08748814463615417,-0.025111387,0,59.864986419677734,-0.08010517060756683,5.260361194610596,0.8748612999916077,0.12598663568496704
1834,0.008707723580300808,0.07780838012695312,-0.05741506814956665,-0.011685588,0,59.88294219970703,-0.09158818423748016,5.261623859405518,0.8993291854858398,0.07927723973989487
1835,0.031555406749248505,0.07524617513020833,-0.018951483070850372,-0.024739282,0,59.900306701660156,-0.09537848085165024,5.262844085693359,0.8680117726325989,0.06760528683662415
1836,0.06869564950466156,0.08694966634114583,0.0015700235962867737,-0.019824047,0,59.920372009277344,-0.09506447613239288,5.264832496643066,1.005256175994873,0.10418306291103363
1837,0.09961269795894623,0.09192530314127605,0.06313342601060867,-0.055446025,0,59.941585540771484,-0.08243779093027115,5.270987510681152,1.0652729272842407,0.3002580404281616
1838,0.14882579445838928,0.09610748291015625,0.1137118972837925,-0.06099358,0,59.96376419067383,-0.05969541147351265,5.281322002410889,1.1157190799713135,0.49911296367645264
1839,0.10862018167972565,0.0821393330891927,0.06848165765404701,-0.04200081,0,59.98271942138672,-0.04599907994270325,5.286323547363281,0.953788161277771,0.23951074481010437
1840,0.02627825364470482,0.08070119222005208,-0.002698265016078949,-0.051724676,0,60.0013427734375,-0.04653873294591904,5.290167331695557,0.932725191116333,0.19603411853313446
1841,0.08723069727420807,0.0852801005045573,0.03969421610236168,-0.037743617,0,60.02102279663086,-0.0385998897254467,5.29414176940918,0.9872851371765137,0.19383148849010468
1842,-0.009643083438277245,0.06894810994466145,-0.04059877246618271,-0.03799242,0,60.03693389892578,-0.04671964421868324,5.295285224914551,0.7991036772727966,0.06920977681875229
1843,-0.02101629599928856,0.06592305501302083,-0.056487228721380234,-0.030452123,0,60.052146911621094,-0.05801708996295929,5.2954816818237305,0.7598150968551636,0.025300929322838783
1844,0.03727679327130318,0.08159383138020833,-0.0003495626151561737,-0.043967474,0,60.07097625732422,-0.058087002485990524,5.29740571975708,0.9429300427436829,0.10098394751548767
1845,0.028746334835886955,0.07799021402994792,-0.03224940970540047,-0.01699447,0,60.08897399902344,-0.06453688442707062,5.2929582595825195,0.9024401903152466,-0.2133215218782425
1846,-0.025444023311138153,0.0672289530436198,-0.05534656345844269,-0.037326414,0,60.104488372802734,-0.07560619711875916,5.284478187561035,0.7793930768966675,-0.4434749186038971
1847,-0.03916415944695473,0.07511393229166667,-0.06269574165344238,-0.05158235,0,60.121822357177734,-0.08814534544944763,5.270447254180908,0.8637406229972839,-0.6802612543106079
1848,0.0443110316991806,0.07803980509440105,0.014356113970279694,-0.048084885,0,60.13983154296875,-0.0852741226553917,5.270434379577637,0.9124284982681274,-0.04255371913313866
1849,0.0687672421336174,0.07906468709309895,0.055838413536548615,-0.06613586,0,60.158077239990234,-0.07410643994808197,5.276144504547119,0.9186280369758606,0.2527877688407898
1850,0.11509222537279129,0.08123016357421875,0.09195787832140923,-0.05809582,0,60.176822662353516,-0.055714864283800125,5.284730911254883,0.9434434771537781,0.41326892375946045
1851,0.15066799521446228,0.07787450154622395,0.11565586552023888,-0.042862367,0,60.194793701171875,-0.03258369117975235,5.294924736022949,0.9074023365974426,0.4921937882900238
1852,0.09933564066886902,0.067047119140625,0.060496656224131584,-0.028208137,0,60.21026611328125,-0.020484359934926033,5.299930095672607,0.7863463759422302,0.2571721076965332
1853,0.03150925412774086,0.06514612833658855,0.006634024903178215,-0.0402709,0,60.22529983520508,-0.01915755495429039,5.30103874206543,0.7537620067596436,0.05851392075419426
1854,-0.05869195982813835,0.057476043701171875,-0.06442336365580559,-0.05174464,0,60.238563537597656,-0.03204222768545151,5.298366069793701,0.6682816743850708,-0.10780435055494308
1855,-0.11202630400657654,0.053112030029296875,-0.11408668011426926,-0.05105165,0,60.25082015991211,-0.05485956370830536,5.291593551635742,0.6062062382698059,-0.3111129105091095
1856,-0.11679136008024216,0.05661646525065104,-0.11965654790401459,-0.053751275,0,60.263885498046875,-0.07879087328910828,5.280904769897461,0.6457778215408325,-0.5067439079284668
1857,-0.009047910571098328,0.07590738932291667,-0.030114054679870605,-0.054841246,0,60.281402587890625,-0.0848136842250824,5.270561218261719,0.8583859205245972,-0.5360827445983887
1858,0.05517539009451866,0.09159469604492188,-0.010856501758098602,-0.025562804,0,60.30253982543945,-0.08698498457670212,5.273207664489746,1.0565825700759888,0.13893572986125946
1859,0.052568867802619934,0.0951983133951823,0.010335966944694519,-0.05296541,0,60.32450866699219,-0.08491779118776321,5.277664661407471,1.1013996601104736,0.22789236903190613
1860,0.07308141142129898,0.0914459228515625,0.02558782696723938,-0.04395234,0,60.345611572265625,-0.07980022579431534,5.283019065856934,1.060029149055481,0.271099716424942
1861,0.08746199309825897,0.08899943033854167,0.03918066620826721,-0.04071811,0,60.36614990234375,-0.0719640925526619,5.28782844543457,1.0356789827346802,0.24458147585391998
1862,0.1641443967819214,0.09295018513997395,0.1014573872089386,-0.030263174,0,60.38759994506836,-0.051672615110874176,5.293432712554932,1.081427812576294,0.2661772668361664
1863,0.19374023377895355,0.09197489420572917,0.13307983987033367,-0.031314503,0,60.4088249206543,-0.02505664713680744,5.299040794372559,1.069785237312317,0.25698035955429077
1864,0.1649451106786728,0.09280141194661458,0.09856401709839702,-0.026420329,0,60.430240631103516,0.005343843717128038,5.3033833503723145,1.0803301334381104,0.18871918320655823
1865,-0.09265132248401642,0.09179306030273438,-0.15677189221605659,-0.027672488,0,60.45142364501953,0.036698222160339355,5.307031631469727,1.0687922239303589,0.1526528149843216
1866,-0.03739805519580841,0.08453623453776042,-0.09500984102487564,-0.02692445,0,60.47093200683594,0.055700190365314484,5.309828281402588,0.9821114540100098,0.12240670621395111
1867,-0.01548816543072462,0.07957712809244792,-0.06639920175075531,-0.028666092,0,60.489295959472656,0.06898003071546555,5.31131649017334,0.9234322905540466,0.06238153949379921
1868,0.007074087858200073,0.07425435384114583,-0.038703493773937225,-0.028476771,0,60.506431579589844,0.07672072947025299,5.312563419342041,0.8603690266609192,0.056161537766456604
1869,0.027606915682554245,0.06954320271809895,-0.016774199903011322,-0.025162086,0,60.52248001098633,0.08007556945085526,5.313667297363281,0.8047821521759033,0.05367470905184746
1870,0.08966013044118881,0.06851832071940105,0.08431084454059601,-0.06316904,0,60.538291931152344,0.06321340054273605,5.3141937255859375,0.7890916466712952,0.04348215460777283
1871,0.17523255944252014,0.054203033447265625,0.15484808012843132,-0.03381855,0,60.55080032348633,0.03224378451704979,5.315278053283691,0.6285539865493774,0.0777781531214714
1872,0.1873137354850769,0.04957453409830729,0.15631380258128047,-0.018574592,0,60.56224060058594,-0.0009810240007936954,5.3160858154296875,0.5641089081764221,0.0771084874868393
1873,-0.08097003400325775,0.054599761962890625,-0.11299745878204703,-0.022572337,0,60.5748405456543,-0.023580515757203102,5.316944122314453,0.6264621019363403,0.0702902302145958
1874,-0.001725122332572937,0.07114664713541667,-0.029241284355521202,-0.043630484,0,60.59125900268555,-0.029428772628307343,5.318689346313477,0.8232792615890503,0.09824570268392563
1875,0.05734273046255112,0.07402292887369792,0.0229781586676836,-0.03965836,0,60.608341217041016,-0.024833140894770622,5.322485446929932,0.8570589423179626,0.18751345574855804
1876,0.13566429913043976,0.0831311543782552,0.08104936219751835,-0.028516212,0,60.627525329589844,-0.008623268455266953,5.326026439666748,0.9668986201286316,0.16475968062877655
1877,0.058805257081985474,0.07889938354492188,0.0031424034386873245,-0.02323653,0,60.64573287963867,0.007994787767529488,5.328680038452148,0.9186083078384399,0.1209365576505661
1878,-0.0773325264453888,0.0894622802734375,-0.12966006062924862,-0.037134748,0,60.666378021240234,0.03392679989337921,5.329891204833984,1.0438690185546875,0.03973414748907089
1879,-0.02072284184396267,0.08068466186523438,-0.08507777005434036,-0.016329734,0,60.68499755859375,0.050942353904247284,5.329219818115234,0.9430267810821533,-0.04813089221715927
1880,0.007909242063760757,0.0761884053548177,-0.04273140802979469,-0.025547754,0,60.702579498291016,0.05948863551020622,5.327723503112793,0.8821736574172974,-0.08292706310749054
1881,0.05645349249243736,0.06967544555664062,0.009540114551782608,-0.022762064,0,60.718658447265625,0.0575806125998497,5.326657295227051,0.8044685125350952,-0.049602359533309937
1882,0.09390146285295486,0.06111272176106771,0.05554996430873871,-0.022761226,0,60.73276138305664,0.04647061973810196,5.326134204864502,0.7048783302307129,-0.010350127704441547
1883,0.11789312958717346,0.05403772989908854,0.11024144478142262,-0.04638605,0,60.74523162841797,0.024422330781817436,5.325498580932617,0.6198167204856873,-0.0037443721666932106
1884,0.09363126009702682,0.0529632568359375,0.11498962936457247,-0.07432162,0,60.75745391845703,0.0014244049089029431,5.324748992919922,0.6076071262359619,-0.007072661072015762
1885,-0.1225709319114685,0.052401224772135414,-0.10690359806176275,-0.068068564,0,60.76954650878906,-0.022805124521255493,5.324279308319092,0.5994507670402527,0.005074049346148968
1886,-0.05911874398589134,0.06041844685872396,-0.0698605366051197,-0.049676653,0,60.78348922729492,-0.036777231842279434,5.327498435974121,0.694973349571228,0.17920085787773132
1887,0.030492782592773438,0.0847180684407552,0.01584164798259735,-0.07006694,0,60.80303955078125,-0.033608902245759964,5.337168216705322,0.9805843830108643,0.48526960611343384
1888,0.0962582603096962,0.08574295043945312,0.08011743426322937,-0.069602124,0,60.82282638549805,-0.01758541539311409,5.352330207824707,0.9946924448013306,0.7465248107910156
1889,0.039171263575553894,0.11260477701822917,-0.004796851426362991,-0.06863666,0,60.848812103271484,0.018544785678386688,5.373724937438965,1.311203122138977,1.039501428604126
1890,-0.15635159611701965,0.1084887186686198,-0.2073133923113346,-0.057526924,0,60.87384796142578,0.06000746414065361,5.39793586730957,1.266121745109558,1.1758028268814087
1891,-0.12774281203746796,0.11715062459309895,-0.19223196431994438,-0.05266147,0,60.900882720947266,0.09845385700464249,5.41924524307251,1.3671241998672485,1.0342535972595215
1892,-0.0626579225063324,0.1015459696451823,-0.1271093264222145,-0.037094563,0,60.92431640625,0.12387572228908539,5.438526153564453,1.1823667287826538,0.9439144730567932
1893,-0.08203092217445374,0.11402638753255208,-0.14732502400875092,-0.04873228,0,60.95063018798828,0.15334072709083557,5.455790996551514,1.3293808698654175,0.8407608270645142
1894,0.013591669499874115,0.0938428243001302,-0.04239678382873535,-0.03785437,0,60.972286224365234,0.16182008385658264,5.469399452209473,1.087431788444519,0.6744198203086853
1895,0.08402521908283234,0.08499908447265625,0.040554702281951904,-0.04152857,0,60.99190139770508,0.15370914340019226,5.477367877960205,0.9777215123176575,0.41248008608818054
1896,0.04394588619470596,0.08339564005533855,0.0472579151391983,-0.086707674,0,61.011146545410156,0.1442575603723526,5.480283737182617,0.9586068391799927,0.16625112295150757
1897,0.05348919332027435,0.08323033650716145,0.04787817597389221,-0.077619314,0,61.03035354614258,0.13468192517757416,5.478792190551758,0.9565871357917786,-0.058264847844839096
1898,0.05465458706021309,0.08020528157552083,0.03694877028465271,-0.062499467,0,61.04886245727539,0.12729217112064362,5.4757184982299805,0.9257068634033203,-0.21760845184326172
1899,0.07476910948753357,0.078155517578125,0.05150508135557175,-0.054891493,0,61.066898345947266,0.11699115484952927,5.467423915863037,0.8983601927757263,-0.40317609906196594
1900,0.08475854992866516,0.08625539143880208,0.05217950791120529,-0.053676352,0,61.0868034362793,0.10655525326728821,5.456007480621338,0.988474428653717,-0.5588496923446655
1901,0.10437179356813431,0.09476852416992188,0.06561826914548874,-0.056015007,0,61.108673095703125,0.09343159943819046,5.4435858726501465,1.0844488143920898,-0.6064069867134094
1902,0.12935148179531097,0.10323206583658855,0.07813237607479095,-0.052012965,0,61.13249588012695,0.07780512422323227,5.430116653442383,1.1815345287322998,-0.6564511060714722
1903,0.15257973968982697,0.11139806111653645,0.08809583261609077,-0.04691416,0,61.158203125,0.060185957700014114,5.415341854095459,1.2752108573913574,-0.7198196053504944
1904,0.17272204160690308,0.11754735310872395,0.09446047246456146,-0.03928578,0,61.18532943725586,0.04129386320710182,5.398380279541016,1.3465344905853271,-0.8278795480728149
1905,0.1107073575258255,0.12812678019205728,0.011046938598155975,-0.028466363,0,61.21489715576172,0.03908447548747063,5.380657196044922,1.4767086505889893,-0.8837212324142456
1906,0.08360996842384338,0.1311518351236979,-0.011089742183685303,-0.036452122,0,61.24516296386719,0.04130242392420769,5.360054016113281,1.513641119003296,-1.031980037689209
1907,0.06801115721464157,0.13419342041015625,-0.027589667588472366,-0.0385926,0,61.27613067626953,0.04682035744190216,5.336615562438965,1.5493417978286743,-1.176390528678894
1908,0.1734405755996704,0.13599522908528647,0.07289502769708633,-0.03544968,0,61.30751419067383,0.032241351902484894,5.31339693069458,1.562121033668518,-1.1449404954910278
1909,0.06646266579627991,0.11032358805338542,0.0211187731474638,-0.0649797,0,61.33297348022461,0.028017597272992134,5.315432548522949,1.3012118339538574,0.0348479226231575
1910,0.1299515962600708,0.10000864664713542,0.05346950143575668,-0.02352655,0,61.35605239868164,0.017323696985840797,5.323824405670166,1.1618539094924927,0.3860102891921997
1911,0.1505337655544281,0.09395853678385417,0.0737108604516834,-0.017135637,0,61.37773513793945,0.002581524895504117,5.330002307891846,1.0918318033218384,0.3033088445663452
1912,0.039859481155872345,0.09357833862304688,-0.038503556279465556,-0.015215298,0,61.399330139160156,-0.010282236151397228,5.3341898918151855,1.0804635286331177,0.20644381642341614
1913,0.0494166761636734,0.10024007161458333,-0.026480420492589474,-0.024342975,0,61.422462463378906,-0.015578320249915123,5.3385820388793945,1.15602707862854,0.20720213651657104
1914,0.009939868003129959,0.09534708658854167,-0.06105046719312668,-0.024356753,0,61.44446563720703,-0.02778841368854046,5.342064380645752,1.0986170768737793,0.1679171919822693
1915,-0.004088289570063353,0.08870188395182292,-0.08198265917599201,-0.010807514,0,61.464935302734375,-0.04418494552373886,5.345027923583984,1.0202254056930542,0.15275049209594727
1916,-0.012729593552649021,0.08379236857096355,-0.08264143019914627,-0.013880532,0,61.48427200317383,-0.060713231563568115,5.347508907318115,0.9654574990272522,0.13542352616786957
1917,0.05151505023241043,0.09759521484375,-0.019344761967658997,-0.026735403,0,61.50679397583008,-0.06458218395709991,5.351004123687744,1.1273677349090576,0.1750607192516327
1918,0.0987827330827713,0.10599263509114583,0.004987306892871857,-0.012197213,0,61.531253814697266,-0.06358472257852554,5.354409694671631,1.2322067022323608,0.17039720714092255
1919,0.13652747869491577,0.10824076334635417,0.06028514355421066,-0.031998433,0,61.55623245239258,-0.05152769386768341,5.3580169677734375,1.2563341856002808,0.16760629415512085
1920,0.15825490653514862,0.10721588134765625,0.07064182311296463,-0.019602794,0,61.58097457885742,-0.037399329245090485,5.361485004425049,1.2456109523773193,0.16190974414348602
1921,0.13815690577030182,0.10946400960286458,0.09705347009003162,-0.06836057,0,61.60623550415039,-0.01798863522708416,5.369685649871826,1.2707682847976685,0.39373645186424255
1922,0.14481209218502045,0.10518264770507812,0.08494185109157115,-0.045312405,0,61.63050842285156,0.0010002650087699294,5.379879474639893,1.2223068475723267,0.4959052801132202
1923,0.014367902651429176,0.10288492838541667,-0.08280556474346668,-0.005711461,0,61.65425109863281,0.017561377957463264,5.385687351226807,1.1960395574569702,0.28062885999679565
1924,0.06291715800762177,0.0922559102376302,0.0200771726667881,-0.049415924,0,61.675540924072266,0.013545943424105644,5.388070583343506,1.0661311149597168,0.12762592732906342
1925,0.07411028444766998,0.08347829182942708,0.037670491728931665,-0.04703849,0,61.69480514526367,-0.006011845078319311,5.389476299285889,0.963495135307312,0.09891611337661743
1926,-0.016945842653512955,0.0838915506998698,-0.06515605608001351,-0.035681337,0,61.71416473388672,-0.019043056294322014,5.39015007019043,0.9817401766777039,0.05947178602218628
1927,-0.029813960194587708,0.08129628499348958,-0.08098741061985493,-0.030122835,0,61.73292541503906,-0.035240538418293,5.390063285827637,0.9361463189125061,0.016521792858839035
1928,0.016586389392614365,0.0848833719889323,-0.04181422293186188,-0.02648276,0,61.75251388549805,-0.043603383004665375,5.390263557434082,0.9788365364074707,0.023066511377692223
1929,0.0660586804151535,0.10280227661132812,0.021191034466028214,-0.05793463,0,61.77623748779297,-0.03936517611145973,5.395003318786621,1.1882222890853882,0.23725461959838867
1930,0.07252421975135803,0.09200795491536458,-0.0010424666106700897,-0.018441267,0,61.79747009277344,-0.03957366943359375,5.395257949829102,1.0662343502044678,0.02111249417066574
1931,0.0978480875492096,0.09564463297526042,0.02690514549612999,-0.024701692,0,61.819541931152344,-0.03419264033436775,5.39466667175293,1.1055045127868652,-0.03212486580014229
1932,0.10469043254852295,0.1136792500813802,0.07416010834276676,-0.08314893,0,61.84577560424805,-0.0193606186658144,5.401637077331543,1.3158468008041382,0.3374154567718506
1933,0.13275021314620972,0.11215845743815105,0.09471027471590787,-0.074118525,0,61.87165832519531,-0.0004185637226328254,5.414525032043457,1.2998967170715332,0.6295961141586304
1934,0.03535129874944687,0.09587605794270833,-0.016374748083762825,-0.04415001,0,61.89378356933594,0.0036935133393853903,5.41984224319458,1.1107747554779053,0.2742481231689453
1935,0.04026785492897034,0.08681742350260417,0.016032295825425535,-0.06258187,0,61.913818359375,-0.0004870541743002832,5.419744968414307,0.998664140701294,0.0070191361010074615
1936,0.046322599053382874,0.0920244852701823,-0.009148734679911286,-0.036553152,0,61.935054779052734,-0.0023168011102825403,5.4163055419921875,1.058508038520813,-0.164332777261734
1937,0.07387582957744598,0.10448837280273438,0.00828139396617189,-0.038893934,0,61.95916748046875,0.0006605223170481622,5.410707473754883,1.203946828842163,-0.2781694233417511
1938,0.03516708314418793,0.1219774881998698,-0.01721723034279421,-0.069593176,0,61.9873161315918,0.004103968385607004,5.402795791625977,1.4140206575393677,-0.3554553985595703
1939,0.05642323940992355,0.1468226114908854,-0.031389843206852674,-0.05900953,0,62.02119827270508,0.010381937026977539,5.397340297698975,1.6925938129425049,-0.27107980847358704
1940,0.09355790913105011,0.1680475870768229,-0.026519009843468666,-0.047970667,0,62.05997848510742,0.015685738995671272,5.393325328826904,1.935853362083435,-0.19137661159038544
1941,0.005066532641649246,0.17980066935221353,-0.1364170666784048,-0.03831707,0,62.101470947265625,0.042969152331352234,5.390487194061279,2.049072742462158,-0.2540118992328644
1942,0.020720724016427994,0.1815363566080729,-0.1222529262304306,-0.038562708,0,62.14336395263672,0.06741973757743835,5.380453109741211,2.106139659881592,-0.5188555717468262
1943,0.04350203275680542,0.17601521809895834,-0.09374745190143585,-0.038765736,0,62.183982849121094,0.08616922795772552,5.369377136230469,2.058755397796631,-0.583855390548706
1944,0.052616335451602936,0.17573420206705728,-0.08643794804811478,-0.036679916,0,62.22453689575195,0.10345681756734848,5.353921890258789,2.041543483734131,-0.7804121971130371
1945,0.1911296844482422,0.15735244750976562,0.07275991141796112,-0.03898267,0,62.26084899902344,0.08890483528375626,5.337752342224121,1.8480232954025269,-0.818867564201355
1946,0.2310960292816162,0.16280746459960938,0.10541830211877823,-0.037129723,0,62.29841995239258,0.06782117486000061,5.320267677307129,1.881346344947815,-0.8496082425117493
1947,0.23540540039539337,0.16318766276041666,0.13034433126449585,-0.058126584,0,62.33607864379883,0.04175230860710144,5.305553436279297,1.8692830801010132,-0.7060925960540771
1948,0.21941377222537994,0.15617879231770834,0.1444630417972803,-0.08122806,0,62.37211990356445,0.012859700247645378,5.295155048370361,1.795029878616333,-0.45743247866630554
1949,0.1691472828388214,0.13878885904947916,0.0541236880235374,-0.023765258,0,62.40414810180664,0.0020349626429378986,5.307705879211426,1.6305205821990967,0.3850521445274353
1950,0.0610618069767952,0.13407770792643228,-0.047974486369639635,-0.025041414,0,62.435089111328125,-0.011629859916865826,5.321321964263916,1.5756484270095825,0.5220701098442078
1951,0.07366541773080826,0.13549931844075522,-0.03443107474595308,-0.027402826,0,62.46635818481445,-0.018516074866056442,5.332745552062988,1.590185523033142,0.5012840628623962
1952,0.10674174129962921,0.13673909505208334,-0.007133008912205696,-0.022864338,0,62.4979133605957,-0.01994267664849758,5.343292713165283,1.6001425981521606,0.45992574095726013
1953,0.1562485694885254,0.1398468017578125,0.051453751511871815,-0.03505198,0,62.53018569946289,-0.009651926346123219,5.35415506362915,1.6279833316802979,0.5050614476203918
1954,0.12232047319412231,0.14232635498046875,-0.0018353573977947235,-0.018170519,0,62.56303024291992,0.010018997825682163,5.3643107414245605,1.6485776901245117,0.47626572847366333
1955,0.03745397925376892,0.13916905721028647,-0.08778806310147047,-0.013927016,0,62.59514617919922,0.027576610445976257,5.37289571762085,1.611865758895874,0.40667182207107544
1956,0.08324874192476273,0.1267547607421875,-0.004581240937113762,-0.038924776,0,62.62439727783203,0.02849285863339901,5.376506805419922,1.4676761627197266,0.18653537333011627
1957,0.13833220303058624,0.11777877807617188,0.07146844640374184,-0.05091502,0,62.65157699584961,0.014199169352650642,5.374412536621094,1.354987621307373,-0.08393401652574539
1958,0.13569775223731995,0.12645721435546875,0.057782254880294204,-0.048541702,0,62.68075942993164,0.0026427183765918016,5.3668293952941895,1.4545655250549316,-0.3621428310871124
1959,0.05781777575612068,0.15715408325195312,-0.06008105701766908,-0.03925525,0,62.71702575683594,0.014658929780125618,5.361568927764893,1.7954354286193848,-0.3451548218727112
1960,0.08212843537330627,0.15718714396158853,-0.0463991891592741,-0.028659519,0,62.753299713134766,0.023938767611980438,5.352577209472656,1.8200188875198364,-0.4540742337703705
1961,0.07379267364740372,0.15026092529296875,-0.04743730649352074,-0.029030941,0,62.7879753112793,0.033426228910684586,5.344176292419434,1.7357118129730225,-0.4243951439857483
1962,0.050915367901325226,0.14617792765299478,-0.0427904911339283,-0.05247207,0,62.82170867919922,0.041984327137470245,5.339536190032959,1.6961294412612915,-0.22266486287117004
1963,0.1361481100320816,0.12958145141601562,0.051475074142217636,-0.044908423,0,62.85161209106445,0.03168931230902672,5.3449811935424805,1.4920363426208496,0.28004175424575806
1964,0.18787775933742523,0.12125015258789062,0.08348316885530949,-0.016855566,0,62.87959289550781,0.01499267853796482,5.352462291717529,1.3936055898666382,0.3919793367385864
1965,0.16919295489788055,0.11739857991536458,0.05976764834485948,-0.007973265,0,62.90668487548828,-0.0030391488689929247,5.358573913574219,1.3492947816848755,0.3246716260910034
1966,0.027551233768463135,0.11420822143554688,-0.07622039294801652,-0.0104365945,0,62.933040618896484,-0.01828322745859623,5.3637471199035645,1.3140040636062622,0.2750619053840637
1967,0.06236184388399124,0.11495208740234375,-0.0384215172380209,-0.014168724,0,62.95956802368164,-0.02596753090620041,5.368805408477783,1.3248591423034668,0.2616751790046692
1968,0.12906143069267273,0.12353134155273438,0.03301657736301422,-0.027486484,0,62.988075256347656,-0.019364215433597565,5.374858856201172,1.4298361539840698,0.29963070154190063
1969,0.1570441871881485,0.12191136678059895,0.07158714113757014,-0.036454316,0,63.01620864868164,-0.005046787206083536,5.383010387420654,1.4115359783172607,0.395362913608551
1970,0.07840114831924438,0.12055587768554688,-0.026472846511751413,-0.015681881,0,63.044029235839844,0.010341356508433819,5.3881635665893555,1.3978043794631958,0.2464177906513214
1971,0.0677037388086319,0.11045583089192708,-0.015401709824800491,-0.02735038,0,63.06951904296875,0.013421698473393917,5.388415813446045,1.2817100286483765,0.019280318170785904
1972,0.11849664151668549,0.10552978515625,0.06316527636954561,-0.050198417,0,63.0938720703125,0.0007886431994847953,5.383919715881348,1.2142521142959595,-0.20885813236236572
1973,0.033243823796510696,0.11073684692382812,-0.03957265900680795,-0.037920367,0,63.11942672729492,-0.008703175000846386,5.374068737030029,1.2752710580825806,-0.4776795208454132
1974,0.050822023302316666,0.13586298624674478,-0.04574838560074568,-0.039292578,0,63.150779724121094,-0.01785285212099552,5.3636698722839355,1.5679270029067993,-0.5031198859214783
1975,0.15226125717163086,0.14574813842773438,0.029508513398468494,-0.022995392,0,63.18441390991211,-0.011951149441301823,5.351248264312744,1.6883498430252075,-0.6216028928756714
1976,0.08457085490226746,0.13609441121419272,-0.027285967953503132,-0.024237584,0,63.2158203125,-0.01740834303200245,5.338034629821777,1.5807701349258423,-0.6591569185256958
1977,0.15413329005241394,0.14369837443033853,0.04498017951846123,-0.034545265,0,63.24898147583008,-0.008412307128310204,5.323062896728516,1.6597634553909302,-0.7546679377555847
1978,0.09369120001792908,0.12255605061848958,0.016701503191143274,-0.04556635,0,63.27726364135742,-0.005072006490081549,5.326952934265137,1.4185885190963745,0.19474291801452637
1979,0.07455185055732727,0.11529922485351562,-0.01761761261150241,-0.023129761,0,63.303871154785156,-0.00859552901238203,5.335041046142578,1.3325364589691162,0.4058045744895935
1980,0.037602826952934265,0.10764567057291667,-0.04861727822571993,-0.021425566,0,63.328712463378906,-0.018318984657526016,5.340155124664307,1.2414202690124512,0.27006208896636963
1981,0.059584904462099075,0.11133193969726562,-0.03374876454472542,-0.017998274,0,63.35440444946289,-0.0250687375664711,5.344898223876953,1.2847832441329956,0.24587200582027435
1982,0.10508281737565994,0.1124725341796875,0.01473993994295597,-0.02212966,0,63.3803596496582,-0.022120749577879906,5.350381851196289,1.2991117238998413,0.27226659655570984
1983,0.02769029140472412,0.10199228922526042,-0.0432327575981617,-0.031069241,0,63.40389633178711,-0.030767301097512245,5.350883483886719,1.1771351099014282,0.03755544498562813
1984,0.023299597203731537,0.10268656412760417,-0.057074492797255516,-0.022312474,0,63.42759323120117,-0.04218219965696335,5.3478684425354,1.1834622621536255,-0.1364685595035553
1985,0.04864786937832832,0.12581253051757812,-0.0449625588953495,-0.032202106,0,63.456626892089844,-0.05117471143603325,5.342130661010742,1.4547481536865234,-0.27209004759788513
1986,0.07929874211549759,0.1283747355143229,-0.021315980702638626,-0.027760016,0,63.48625183105469,-0.055437907576560974,5.332371234893799,1.485297441482544,-0.4784209728240967
1987,0.11837519705295563,0.13202794392903647,0.01854030415415764,-0.03219305,0,63.516719818115234,-0.051729846745729446,5.3195061683654785,1.5311331748962402,-0.6404619216918945
1988,0.07599113881587982,0.11310068766276042,0.014168545603752136,-0.0512781,0,63.54281997680664,-0.04889613762497902,5.323912143707275,1.339111328125,0.1921093761920929
1989,0.14784155786037445,0.1160596211751302,0.06303861737251282,-0.03125668,0,63.569602966308594,-0.036288414150476456,5.332284450531006,1.3420937061309814,0.4072696566581726
1990,0.1796266883611679,0.11477025349934895,0.0829185452312231,-0.018062113,0,63.59608840942383,-0.019704705104231834,5.338848114013672,1.330861210823059,0.3152132034301758
1991,0.15112723410129547,0.10995992024739583,0.05665590055286884,-0.0154885845,0,63.621463775634766,-0.008373524993658066,5.341074466705322,1.2764239311218262,0.10636720061302185
1992,0.04553546383976936,0.10179392496744792,-0.01732200849801302,-0.038936455,0,63.644954681396484,-0.01183792669326067,5.3381805419921875,1.1766687631607056,-0.13554303348064423
1993,-0.05164432153105736,0.09918212890625,-0.09370948653668165,-0.057116963,0,63.667842864990234,-0.030579824000597,5.331024646759033,1.1432750225067139,-0.3263213634490967
1994,-0.007644087076187134,0.1263580322265625,-0.09015768766403198,-0.04384443,0,63.69700241088867,-0.0486113615334034,5.322453498840332,1.477823257446289,-0.3858068883419037
1995,0.15695025026798248,0.1477813720703125,0.04614017903804779,-0.036971297,0,63.73110580444336,-0.03938332572579384,5.313910484313965,1.681641936302185,-0.4966430068016052
1996,0.15553882718086243,0.1471532185872396,0.04590964876115322,-0.037524037,0,63.76506423950195,-0.030201395973563194,5.304315567016602,1.702536702156067,-0.48334506154060364
1997,0.10016357153654099,0.13541666666666666,0.02941877581179142,-0.06467187,0,63.79631423950195,-0.02431764081120491,5.30201530456543,1.5651121139526367,-0.09743961691856384
1998,0.12184528261423111,0.12789535522460938,0.03338247537612915,-0.039432548,0,63.825828552246094,-0.01764114573597908,5.309263229370117,1.476966381072998,0.35593095421791077
1999,0.16581018269062042,0.1261266072591146,0.05514351883903146,-0.015459938,0,63.85493469238281,-0.006612441968172789,5.317879676818848,1.4577032327651978,0.4210849106311798
2000,0.12818628549575806,0.12146504720052083,0.021220514317974448,-0.014499276,0,63.882965087890625,0.002368339104577899,5.324759483337402,1.405389428138733,0.33803069591522217
2001,0.0922183245420456,0.11321640014648438,0.008639414154458791,-0.029637491,0,63.90909194946289,0.0006404562736861408,5.32659387588501,1.3087341785430908,0.09846831113100052
2002,-0.00536755844950676,0.107513427734375,-0.06837617751443759,-0.04450481,0,63.933902740478516,-0.014315691776573658,5.323559284210205,1.2375775575637817,-0.1322258710861206
2003,-0.03762887045741081,0.1142743428548177,-0.10853809770196676,-0.043365117,0,63.96027374267578,-0.03602331131696701,5.315067291259766,1.3161059617996216,-0.3952523469924927
2004,0.10984635353088379,0.1432520548502604,-0.002843141555786133,-0.030562565,0,63.99333190917969,-0.03659193962812424,5.3084516525268555,1.6437848806381226,-0.3539540767669678
2005,0.1286846101284027,0.1450373331705729,0.021309498697519302,-0.037662223,0,64.02680206298828,-0.03233003988862038,5.298457622528076,1.6784573793411255,-0.49884891510009766
2006,0.0136319100856781,0.12255605061848958,-0.045384373515844345,-0.063539766,0,64.05508422851562,-0.041406914591789246,5.3032331466674805,1.4198102951049805,0.2606540024280548
2007,0.048195984214544296,0.11872100830078125,-0.04680870100855827,-0.02371632,0,64.08248138427734,-0.0507686547935009,5.310805320739746,1.3792321681976318,0.39037850499153137
2008,0.0772889256477356,0.11832427978515625,-0.02642029896378517,-0.01461506,0,64.10978698730469,-0.056052714586257935,5.317334175109863,1.3637508153915405,0.3325251638889313
2009,0.09671293199062347,0.11670430501302083,-0.0044568441808223724,-0.015534527,0,64.13671875,-0.05694408342242241,5.3231682777404785,1.3464372158050537,0.29313457012176514
2010,0.1277332752943039,0.11977895100911458,0.04140753298997879,-0.033453215,0,64.16436004638672,-0.04866257682442665,5.330349445343018,1.3838894367218018,0.3512105643749237
2011,0.18751820921897888,0.12229156494140625,0.08301228284835815,-0.017785646,0,64.19258117675781,-0.03206012025475502,5.336669445037842,1.4148586988449097,0.3001987040042877
2012,0.18966224789619446,0.12139892578125,0.08141591213643551,-0.013152588,0,64.22059631347656,-0.01577693782746792,5.341908931732178,1.404805064201355,0.24627770483493805
2013,0.11393260955810547,0.11339823404947917,0.02627389505505562,-0.025739519,0,64.24676513671875,-0.010522158816456795,5.34315824508667,1.3110346794128418,0.05919500067830086
2014,0.015096951276063919,0.10262044270833333,-0.04810389131307602,-0.0394196,0,64.27044677734375,-0.020142937079072,5.339710235595703,1.183957815170288,-0.1575825810432434
2015,-0.05912855267524719,0.1021575927734375,-0.10854515247046947,-0.05274099,0,64.29402160644531,-0.041851967573165894,5.3318328857421875,1.1766661405563354,-0.35959532856941223
2016,-0.0069955140352249146,0.1318791707356771,-0.09492071345448494,-0.04395397,0,64.32445526123047,-0.06083611026406288,5.322779178619385,1.5437688827514648,-0.40922412276268005
2017,0.16071350872516632,0.1606419881184896,0.03161877393722534,-0.031547245,0,64.36152648925781,-0.05451235547661781,5.316009521484375,1.8254565000534058,-0.41053012013435364
2018,0.1552497148513794,0.15941874186197916,0.03783559426665306,-0.042004608,0,64.3983154296875,-0.0469452366232872,5.306181907653809,1.8448387384414673,-0.493964284658432
2019,0.06606393307447433,0.14745076497395834,-0.014016348868608475,-0.06737048,0,64.43234252929688,-0.049748506397008896,5.302946090698242,1.7019448280334473,-0.1470804661512375
2020,0.09457163512706757,0.1472193400065104,-0.03373593091964722,-0.018911773,0,64.46631622314453,-0.05649569258093834,5.298220157623291,1.697198748588562,-0.22878684103488922
2021,0.08535754680633545,0.14725240071614584,-0.037377458065748215,-0.024517396,0,64.50029754638672,-0.06397118419408798,5.29284143447876,1.6973956823349,-0.2608947455883026
2022,0.07792569696903229,0.1390533447265625,-0.03256622701883316,-0.028561424,0,64.53238677978516,-0.07048442959785461,5.297453880310059,1.6031253337860107,0.23674049973487854
2023,0.12300093472003937,0.1374664306640625,0.015890933573246002,-0.030356422,0,64.5641098022461,-0.06730624288320541,5.304954528808594,1.5867221355438232,0.37318405508995056
2024,0.15007662773132324,0.1362762451171875,0.02503562718629837,-0.011235243,0,64.5955581665039,-0.06229911744594574,5.311330795288086,1.5735588073730469,0.3148921728134155
2025,0.19002318382263184,0.1400121053059896,0.08783115074038506,-0.037820067,0,64.62786865234375,-0.04473288729786873,5.3193230628967285,1.6201716661453247,0.38364312052726746
2026,0.24195951223373413,0.1408716837565104,0.11295553296804428,-0.011867702,0,64.6603775024414,-0.022141780704259872,5.324920177459717,1.632694125175476,0.26037201285362244
2027,0.16394419968128204,0.13720194498697916,0.05263239610940218,-0.02589014,0,64.6920394897461,-0.011615301482379436,5.326363563537598,1.5861890316009521,0.06293197721242905
2028,0.09697805345058441,0.1348876953125,-0.008795848116278648,-0.0291138,0,64.7231674194336,-0.013374471105635166,5.3246002197265625,1.5590835809707642,-0.0825195387005806
2029,0.10989340394735336,0.1357142130533854,0.002907644957304001,-0.028728448,0,64.75448608398438,-0.012792942114174366,5.32230281829834,1.5720555782318115,-0.1066424772143364
2030,0.1172727644443512,0.1360448201497396,0.002526426687836647,-0.021298485,0,64.78588104248047,-0.012287656776607037,5.323086738586426,1.5684548616409302,0.05068312585353851
2031,0.06391148269176483,0.12510172526041666,-0.043690106831490993,-0.017500136,0,64.81475067138672,-0.021025678142905235,5.325725078582764,1.441565990447998,0.14254535734653473
2032,0.03606804087758064,0.11865488688151042,-0.06869268603622913,-0.013894159,0,64.84213256835938,-0.03476421535015106,5.327798366546631,1.3675729036331177,0.1215422973036766
2033,0.09017574787139893,0.12589518229166666,0.01249188557267189,-0.048211325,0,64.87118530273438,-0.032265838235616684,5.333184719085693,1.4549485445022583,0.271099716424942
2034,0.1496707797050476,0.130523681640625,0.06811462342739105,-0.048967518,0,64.90130615234375,-0.018642913550138474,5.343331813812256,1.511183738708496,0.49873003363609314
2035,0.09524510055780411,0.1212005615234375,0.004256041720509529,-0.030211503,0,64.92927551269531,-0.017791705206036568,5.349322319030762,1.4006984233856201,0.30344706773757935
2036,0.10702991485595703,0.13343302408854166,0.012821932323276997,-0.039225046,0,64.96006774902344,-0.015227318741381168,5.356905460357666,1.5411080121994019,0.3804517686367035
2037,0.09140617400407791,0.12721761067708334,0.02949254121631384,-0.065303974,0,64.98942565917969,-0.0093288104981184,5.370145320892334,1.472027063369751,0.6632784008979797
2038,0.03211188316345215,0.11511739095052083,-0.02469392493367195,-0.05831158,0,65.0159912109375,-0.01426759548485279,5.373712062835693,1.3283756971359253,0.19586680829524994
2039,0.00608285516500473,0.11224110921223958,-0.03144933842122555,-0.074708916,0,65.0418930053711,-0.0205574631690979,5.373589038848877,1.2934269905090332,-0.02270224131643772
2040,0.058166585862636566,0.1250025431315104,-0.012621711939573288,-0.054214247,0,65.07073974609375,-0.023081805557012558,5.369344234466553,1.4381822347640991,-0.2046762853860855
2041,0.07104090601205826,0.1269200642903646,-0.002332441508769989,-0.05354672,0,65.10002899169922,-0.023548293858766556,5.360177516937256,1.4599136114120483,-0.45153963565826416
2042,0.11810804158449173,0.16136932373046875,0.01728820614516735,-0.06054949,0,65.13726806640625,-0.020090652629733086,5.353751182556152,1.864792823791504,-0.30895423889160156
2043,0.24904781579971313,0.205902099609375,0.08963409811258316,-0.046488382,0,65.18478393554688,0.0021638330072164536,5.3544793128967285,2.378819465637207,0.007039234973490238
2044,0.08143285661935806,0.20444742838541666,-0.08582186885178089,-0.037192702,0,65.23196411132812,0.019328206777572632,5.351290225982666,2.368818759918213,-0.16799642145633698
2045,0.07800858467817307,0.20497639973958334,-0.09119424968957901,-0.035773568,0,65.27926635742188,0.037567056715488434,5.3449225425720215,2.374358892440796,-0.3312709629535675
2046,0.07099887728691101,0.20517476399739584,-0.09866442531347275,-0.035511464,0,65.32661437988281,0.05729994177818298,5.3351826667785645,2.3793630599975586,-0.4996463358402252
2047,0.21282009780406952,0.1921819051106771,0.05279881879687309,-0.03216062,0,65.37096405029297,0.046740178018808365,5.325812816619873,2.240483045578003,-0.4714217185974121
2048,0.19306163489818573,0.19347127278645834,0.05475850775837898,-0.055168148,0,65.41561126708984,0.03578847646713257,5.318105220794678,2.228300094604492,-0.3666611313819885
2049,0.19906269013881683,0.19862874348958334,0.08311177603900433,-0.08267783,0,65.4614486694336,0.019166121259331703,5.308243274688721,2.2843658924102783,-0.4767671823501587
2050,0.21082714200019836,0.18930562337239584,0.09402381678228267,-0.07250228,0,65.50513458251953,0.0003613579028751701,5.303584575653076,2.1817407608032227,-0.21259693801403046
2051,0.09787420183420181,0.18930562337239584,-0.05501239516888745,-0.036419027,0,65.54882049560547,-0.01136383693665266,5.299365997314453,2.18123197555542,-0.19905221462249756
2052,0.13513977825641632,0.18897501627604166,-0.019343639723956585,-0.034491595,0,65.5924301147461,-0.015232564881443977,5.295279026031494,2.17928147315979,-0.20022797584533691
2053,0.1371029019355774,0.18738810221354166,-0.027071628719568253,-0.023213571,0,65.63567352294922,-0.020646890625357628,5.290311336517334,2.1605350971221924,-0.24266430735588074
2054,0.16293548047542572,0.187652587890625,0.01822797581553459,-0.042945083,0,65.6789779663086,-0.01700129546225071,5.289127826690674,2.1659858226776123,-0.0627226009964943
2055,0.1796335130929947,0.18497467041015625,0.010745907202363014,-0.016087068,0,65.72166442871094,-0.014852114021778107,5.282366752624512,2.134979248046875,-0.33952781558036804
2056,0.09958146512508392,0.18064371744791666,-0.06149774417281151,-0.019564511,0,65.76335144042969,-0.02715166285634041,5.270263671875,2.0815727710723877,-0.5905413031578064
2057,0.06446421146392822,0.17899068196614584,-0.08056947961449623,-0.033956986,0,65.80465698242188,-0.043265558779239655,5.252060413360596,2.0602848529815674,-0.8938836455345154
2058,0.048008549958467484,0.1708246866861979,-0.08375788107514381,-0.039058257,0,65.84407806396484,-0.06001713499426842,5.2323174476623535,1.9921331405639648,-1.0457221269607544
2059,0.17421501874923706,0.18996683756510416,0.012355390936136246,-0.028107205,0,65.8879165649414,-0.05754605680704117,5.208765029907227,2.2001514434814453,-1.1735037565231323
2060,0.17038384079933167,0.185272216796875,0.04430130124092102,-0.059189674,0,65.93067169189453,-0.048685796558856964,5.187804222106934,2.1711976528167725,-1.0784798860549927
2061,0.12699557840824127,0.18408203125,0.012289471924304962,-0.06937592,0,65.97315216064453,-0.04622790217399597,5.173131465911865,2.1280555725097656,-0.72567218542099
2062,0.17907759547233582,0.1802800496419271,0.02098662778735161,-0.022189077,0,66.01475524902344,-0.04203057661652565,5.153989791870117,2.0822830200195312,-0.9603577256202698
2063,0.11856023967266083,0.1646092732747396,-0.010741222649812698,-0.03530781,0,66.05274200439453,-0.04417882114648819,5.156606197357178,1.8994767665863037,0.1312231719493866
2064,0.09912930428981781,0.1608734130859375,-0.017894115298986435,-0.043849986,0,66.0898666381836,-0.04775764420628548,5.165361404418945,1.854532241821289,0.44371330738067627
2065,0.12208291888237,0.16001383463541666,-0.009581614285707474,-0.028349297,0,66.12679290771484,-0.04967396706342697,5.172595977783203,1.8456262350082397,0.36397719383239746
2066,0.14655832946300507,0.15955098470052084,0.01962900161743164,-0.032621652,0,66.16361236572266,-0.04574816673994064,5.177545547485352,1.8425291776657104,0.24455523490905762
2067,0.13658133149147034,0.15558369954427084,0.023944824934005737,-0.042947195,0,66.19951629638672,-0.040959201753139496,5.178386211395264,1.798783779144287,0.04053979367017746
2068,0.135234996676445,0.15882364908854166,0.03609463572502136,-0.05968329,0,66.23616790771484,-0.03374027460813522,5.18479061126709,1.834884524345398,0.31477436423301697
2069,0.18096211552619934,0.1634852091471354,0.08177920244634151,-0.06430229,0,66.27389526367188,-0.01738443411886692,5.197159290313721,1.8906238079071045,0.6034795045852661
2070,0.17980048060417175,0.1682459513346354,0.07392705651000142,-0.062372517,0,66.3127212524414,0.0025990228168666363,5.2154998779296875,1.9470709562301636,0.8995013236999512
2071,0.03117111325263977,0.1679814656575521,-0.10433081770315766,-0.032479532,0,66.35148620605469,0.02346518635749817,5.235127925872803,1.9443563222885132,0.9635988473892212
2072,0.0402783527970314,0.16556803385416666,-0.08926210924983025,-0.036027573,0,66.38969421386719,0.04131760820746422,5.254126071929932,1.91616690158844,0.9351418614387512
2073,0.06632737815380096,0.15472412109375,-0.04748208448290825,-0.04091466,0,66.42539978027344,0.05081402510404587,5.27086877822876,1.790866732597351,0.8333774209022522
2074,0.07977854460477829,0.15541839599609375,-0.01742800697684288,-0.05821184,0,66.46126556396484,0.054299626499414444,5.277669429779053,1.7960765361785889,0.34275582432746887
2075,0.060116469860076904,0.1521123250325521,-0.018883738666772842,-0.073112115,0,66.49636840820312,0.05807637423276901,5.277674674987793,1.7562816143035889,0.005801728460937738
2076,0.16243088245391846,0.13892110188802084,0.07647247985005379,-0.0529627,0,66.52842712402344,0.042781878262758255,5.280222415924072,1.6413557529449463,0.04683215171098709
2077,0.18934231996536255,0.14546712239583334,0.09517436847090721,-0.05129917,0,66.56199645996094,0.023747004568576813,5.277531623840332,1.6708403825759888,-0.11538942158222198
2078,0.2213522493839264,0.14652506510416666,0.10966480011120439,-0.0348376,0,66.59580993652344,0.0018140445463359356,5.2710795402526855,1.6821483373641968,-0.29882070422172546
2079,0.028184756636619568,0.14728546142578125,-0.09890851797536016,-0.020192187,0,66.62979888916016,-0.021595748141407967,5.260647296905518,1.6906136274337769,-0.4958513081073761
2080,0.03548891097307205,0.1485417683919271,-0.10161790065467358,-0.0114349555,0,66.66407775878906,-0.04191932827234268,5.2459917068481445,1.706964373588562,-0.7102217674255371
2081,0.08703776448965073,0.1566747029622396,-0.04426801577210426,-0.025368921,0,66.70023345947266,-0.050772931426763535,5.231108665466309,1.8053803443908691,-0.7345553636550903
2082,0.13163886964321136,0.16107177734375,0.00791408121585846,-0.037346985,0,66.7374038696289,-0.04919011518359184,5.216691017150879,1.855823040008545,-0.7200508117675781
2083,0.12434080243110657,0.16199747721354166,0.0048406049609184265,-0.04249728,0,66.77478790283203,-0.04822199419140816,5.198835372924805,1.8651769161224365,-0.890043318271637
2084,0.11387987434864044,0.1576995849609375,0.01915477216243744,-0.06297448,0,66.8111801147461,-0.04439103975892067,5.1865925788879395,1.828334093093872,-0.6023572087287903
2085,0.12818598747253418,0.15799713134765625,-0.0027074478566646576,-0.027103687,0,66.84764099121094,-0.0449325293302536,5.174111366271973,1.8225090503692627,-0.6230775117874146
2086,0.10692404210567474,0.15740203857421875,-0.02425607293844223,-0.026221916,0,66.88396453857422,-0.04978374391794205,5.161760330200195,1.8148831129074097,-0.6122287511825562
2087,0.08778592944145203,0.15717061360677084,-0.03751445561647415,-0.03187023,0,66.92023468017578,-0.05728663504123688,5.15074348449707,1.8115572929382324,-0.5428811311721802
2088,0.0832516998052597,0.1576665242513021,-0.03464896231889725,-0.03976586,0,66.95661926269531,-0.06421642750501633,5.142001628875732,1.8174986839294434,-0.429683119058609
2089,0.09887555986642838,0.159088134765625,-0.016956739127635956,-0.04325583,0,66.99333190917969,-0.06760777533054352,5.13590669631958,1.834297776222229,-0.30095258355140686
2090,0.11600097268819809,0.15763346354166666,-0.0005159527063369751,-0.041116543,0,67.02970886230469,-0.06771096587181091,5.1387224197387695,1.818283200263977,0.14064086973667145
2091,0.17251527309417725,0.15948486328125,0.051923301070928574,-0.038892902,0,67.06651306152344,-0.0573263056576252,5.14345645904541,1.8426103591918945,0.2278738170862198
2092,0.2112065851688385,0.15961710611979166,0.07973968982696533,-0.028150223,0,67.10334777832031,-0.04137836769223213,5.146759033203125,1.8470282554626465,0.15256570279598236
2093,0.17736223340034485,0.16219584147135416,0.06445695646107197,-0.049290564,0,67.14077758789062,-0.02848697640001774,5.154394149780273,1.8757410049438477,0.37088069319725037
2094,0.14942938089370728,0.160675048828125,0.023337285965681076,-0.034582965,0,67.1778564453125,-0.023819519206881523,5.163316249847412,1.8593586683273315,0.4482727646827698
2095,0.14276094734668732,0.15545145670572916,0.01843176782131195,-0.031122278,0,67.21372985839844,-0.020133165642619133,5.17392110824585,1.7984870672225952,0.5325285196304321
2096,0.03245434910058975,0.1440455118815104,-0.03619101829826832,-0.075400144,0,67.2469711303711,-0.027371369302272797,5.174371719360352,1.6627384424209595,0.03776933252811432
2097,0.011303078383207321,0.13578033447265625,-0.07078709080815315,-0.05369017,0,67.27830505371094,-0.04152878746390343,5.172976493835449,1.5715572834014893,-0.09521603584289551
2098,0.031084775924682617,0.1466242472330729,-0.062360260635614395,-0.053179212,0,67.31214141845703,-0.054000839591026306,5.166301727294922,1.6880995035171509,-0.3159867823123932
2099,0.07828876376152039,0.1688410441080729,-0.05961008369922638,-0.03094219,0,67.35110473632812,-0.06592285633087158,5.158184051513672,1.9502265453338623,-0.38426467776298523
2100,0.09233243763446808,0.16973368326822916,-0.05359891802072525,-0.023802321,0,67.39027404785156,-0.07664263993501663,5.145299911499023,1.9582412242889404,-0.625534176826477
2101,0.18030701577663422,0.17647806803385416,0.029925629496574402,-0.026096689,0,67.43099975585938,-0.07065751403570175,5.133031845092773,2.0279996395111084,-0.6521576046943665
2102,0.11515097320079803,0.1686426798502604,0.006507113575935364,-0.059998825,0,67.46991729736328,-0.06935609132051468,5.126643180847168,1.94161856174469,-0.31422707438468933
2103,0.17013049125671387,0.1675847371419271,0.06027018651366234,-0.05772444,0,67.50859069824219,-0.05730205401778221,5.125317096710205,1.9363542795181274,-0.07830609381198883
2104,0.2315516173839569,0.1611048380533854,0.11564703658223152,-0.04520026,0,67.54576873779297,-0.03417264670133591,5.135017395019531,1.864578127861023,0.46257472038269043
2105,0.2588879466056824,0.1562779744466146,0.10764522477984428,-0.00503525,0,67.58183288574219,-0.01264360174536705,5.145321846008301,1.806959629058838,0.49111053347587585
2106,0.16582824289798737,0.1482111612955729,0.045040486147627234,-0.027423412,0,67.61603546142578,-0.0036355045158416033,5.150445938110352,1.7134486436843872,0.24849644303321838
2107,0.08433359861373901,0.1446075439453125,-0.02144160564057529,-0.038832333,0,67.64940643310547,-0.007923825643956661,5.15083122253418,1.6672749519348145,0.024950960651040077
2108,0.11406692862510681,0.155120849609375,-0.019104969687759876,-0.021948952,0,67.6852035522461,-0.011744819581508636,5.146679401397705,1.7916653156280518,-0.19945785403251648
2109,0.02886437624692917,0.14831034342447916,-0.10374343022704124,-0.015702538,0,67.71942901611328,-0.032493505626916885,5.140808582305908,1.7072219848632812,-0.2701372802257538
2110,0.04927980527281761,0.14946746826171875,-0.07539520040154457,-0.024792466,0,67.75392150878906,-0.0475725457072258,5.13464879989624,1.7218685150146484,-0.2913661003112793
2111,0.08263412117958069,0.15145111083984375,-0.02254154533147812,-0.04627544,0,67.78887176513672,-0.05208085477352142,5.130433559417725,1.738431692123413,-0.19468387961387634
2112,0.13066057860851288,0.1511866251627604,0.01479336991906166,-0.03531942,0,67.82376098632812,-0.04912218078970909,5.127414226531982,1.7449595928192139,-0.15329933166503906
2113,0.15224900841712952,0.1519800821940104,0.04936322569847107,-0.049094304,0,67.85883331298828,-0.03924953565001488,5.128535270690918,1.755393147468567,0.04658355936408043
2114,0.16767263412475586,0.14473978678385416,0.04082868807017803,-0.017895844,0,67.8922348022461,-0.03108379803597927,5.135884761810303,1.671538233757019,0.35923540592193604
2115,0.17677727341651917,0.14054107666015625,0.04004660062491894,-0.003810403,0,67.92466735839844,-0.023074477910995483,5.144040107727051,1.623322606086731,0.40085527300834656
2116,0.1921623945236206,0.14427693684895834,0.08252270286902785,-0.034637243,0,67.95796203613281,-0.006569937337189913,5.1537251472473145,1.6687500476837158,0.46854621171951294
2117,0.07483632117509842,0.1468226114908854,-0.03821658669039607,-0.033769704,0,67.9918441772461,0.014213254675269127,5.1636199951171875,1.6997435092926025,0.4751633405685425
2118,0.07092053443193436,0.1406071980794271,-0.03802177496254444,-0.031664886,0,68.0242919921875,0.021817609667778015,5.169943809509277,1.6258199214935303,0.31065210700035095
2119,0.1310637891292572,0.13396199544270834,0.04062074702233076,-0.043518957,0,68.05520629882812,0.013693460263311863,5.171418190002441,1.5437493324279785,0.08374155312776566
2120,0.154385507106781,0.1396814982096354,0.054286441300064325,-0.039582424,0,68.08744049072266,-0.002836172003298998,5.168682098388672,1.6078102588653564,-0.11752292513847351
2121,0.09961004555225372,0.14407857259114584,-0.013565076515078545,-0.030903442,0,68.12068939208984,-0.005549187306314707,5.17328405380249,1.6655319929122925,0.23671607673168182
2122,0.10450560599565506,0.1402435302734375,0.01605789875611663,-0.051795818,0,68.1530532836914,-0.002337607555091381,5.183522701263428,1.6202467679977417,0.510960042476654
2123,0.06729133427143097,0.1435826619466146,-0.04295506048947573,-0.033336263,0,68.18618774414062,0.010928619652986526,5.195803165435791,1.660531759262085,0.6022313833236694
2124,0.07101263105869293,0.140045166015625,-0.05278468132019043,-0.016247857,0,68.218505859375,0.021485555917024612,5.205968379974365,1.6208573579788208,0.5013789534568787
2125,0.11546720564365387,0.12966410319010416,0.021340539678931236,-0.035537437,0,68.24842834472656,0.017217447981238365,5.207815647125244,1.4988828897476196,0.10500914603471756
2126,0.12493228912353516,0.12209320068359375,0.07132144994102418,-0.068482354,0,68.27660369873047,-0.0029531579930335283,5.208188056945801,1.4258265495300293,-0.011778953485190868
2127,-0.007806126028299332,0.13019307454427084,-0.10387043817900121,-0.034128763,0,68.30664825439453,-0.02372724562883377,5.20274543762207,1.5086333751678467,-0.24339362978935242
2128,0.022964145988225937,0.1451695760091146,-0.10030139237642288,-0.021904036,0,68.34014892578125,-0.04378752410411835,5.195101737976074,1.6711045503616333,-0.35566234588623047
2129,0.1360298991203308,0.1545257568359375,-0.0031326711177825928,-0.015363194,0,68.37580871582031,-0.044414058327674866,5.187158584594727,1.7745387554168701,-0.42304491996765137
2130,0.16843420267105103,0.15584818522135416,0.05480783060193062,-0.042221818,0,68.41177368164062,-0.03345249220728874,5.177480697631836,1.8073039054870605,-0.49285757541656494
2131,0.11988064646720886,0.14728546142578125,0.03871706314384937,-0.066121876,0,68.44576263427734,-0.025709079578518867,5.175396919250488,1.6946967840194702,-0.08562379330396652
2132,0.15801788866519928,0.14632670084635416,0.051872702315449715,-0.04018152,0,68.47953033447266,-0.015334539115428925,5.176898002624512,1.6913222074508667,0.06602796167135239
2133,0.18210192024707794,0.1464258829752604,0.0653869693633169,-0.02971093,0,68.51332092285156,0.002257145242765546,5.1790452003479,1.6951496601104736,0.09451482445001602
2134,0.07336701452732086,0.1344579060872396,-0.03536779317073524,-0.0257231,0,68.54434967041016,0.009330703876912594,5.184967041015625,1.5564908981323242,0.2920350134372711
2135,0.10292722284793854,0.1327387491861979,-0.008961958810687065,-0.020849567,0,68.57498168945312,0.011123095639050007,5.191506385803223,1.5367331504821777,0.3206197917461395
2136,0.14330579340457916,0.12275441487630208,0.05114979518111795,-0.030598423,0,68.60330963134766,-0.0008931366028264165,5.1960039138793945,1.4145452976226807,0.23946300148963928
2137,0.01786285638809204,0.11587778727213542,-0.08431900234427303,-0.01369593,0,68.63005065917969,-0.017756937071681023,5.199429035186768,1.3356467485427856,0.19353492558002472
2138,-0.01070781797170639,0.11111704508463542,-0.09298835881054401,-0.028836504,0,68.65569305419922,-0.036354608833789825,5.2020673751831055,1.279678225517273,0.15648038685321808
2139,0.06241534650325775,0.12510172526041666,-0.033259764313697815,-0.029426612,0,68.68456268310547,-0.04300656169652939,5.206015110015869,1.444162130355835,0.21138061583042145
2140,0.12414868175983429,0.13773091634114584,0.023220572620630264,-0.036802817,0,68.71634674072266,-0.038362447172403336,5.211220741271973,1.602660059928894,0.27029573917388916
2141,0.18496660888195038,0.1396814982096354,0.08772715926170349,-0.042442054,0,68.74858093261719,-0.020817015320062637,5.214967727661133,1.6191002130508423,0.17438067495822906
2142,0.1906512975692749,0.1362431844075521,0.07136617554351687,-0.016958063,0,68.78002166748047,-0.0065437802113592625,5.217483043670654,1.5797022581100464,0.11717697232961655
2143,0.03091442584991455,0.1406071980794271,-0.03336206777021289,-0.07633071,0,68.81246948242188,0.01321619376540184,5.226374626159668,1.632883906364441,0.43145862221717834
2144,-7.439777255058289e-05,0.13121795654296875,-0.07539561949670315,-0.055896733,0,68.8427505493164,0.02829531766474247,5.2391743659973145,1.5236366987228394,0.6334197521209717
2145,0.09912629425525665,0.11521657307942708,0.02493288367986679,-0.04102316,0,68.86933898925781,0.02330874092876911,5.243474006652832,1.3327010869979858,0.23282375931739807
2146,0.1023760437965393,0.1180267333984375,0.046821460127830505,-0.06247215,0,68.89657592773438,0.01394444890320301,5.245757579803467,1.3749998807907104,0.05686240643262863
2147,0.13761213421821594,0.11954752604166667,0.04459046991541982,-0.026525855,0,68.92416381835938,0.005026354920119047,5.24198579788208,1.3759437799453735,-0.1746474802494049
2148,0.12340973317623138,0.12129974365234375,0.02101680322084576,-0.018906817,0,68.95215606689453,-0.0008229942759498954,5.233236312866211,1.3965603113174438,-0.4252985119819641
2149,0.06735509634017944,0.11938222249348958,-0.0358677824260667,-0.016159343,0,68.97970581054688,-0.007996550761163235,5.220895767211914,1.3729474544525146,-0.6059721112251282
2150,0.14561325311660767,0.12860616048177084,0.03854486989439465,-0.021537779,0,69.00938415527344,0.0002875767822843045,5.207780361175537,1.4848381280899048,-0.6669674515724182
2151,0.03398333489894867,0.132904052734375,-0.07137730150134303,-0.027543416,0,69.04005432128906,0.01456303708255291,5.192843437194824,1.5373060703277588,-0.7606125473976135
2152,0.00833260640501976,0.10837300618489583,-0.06219938397407532,-0.037841015,0,69.0650634765625,0.027002913877367973,5.19818115234375,1.2762887477874756,0.2062121033668518
2153,0.04994439333677292,0.10202534993489583,-0.01333191990852356,-0.03874904,0,69.08860778808594,0.029669297859072685,5.207279682159424,1.1837279796600342,0.43220630288124084
2154,0.09374840557575226,0.09316507975260417,0.018526017665863037,-0.017942686,0,69.110107421875,0.025964094325900078,5.215263843536377,1.0932512283325195,0.3794354796409607
2155,0.11872512102127075,0.0898590087890625,0.05996712949126959,-0.031101018,0,69.13084411621094,0.01397066842764616,5.218523979187012,1.0329852104187012,0.17446525394916534
2156,0.08102012425661087,0.08665211995442708,0.02332555130124092,-0.028957546,0,69.15084075927734,0.009305558167397976,5.22263240814209,1.0021723508834839,0.21388673782348633
2157,0.05166386812925339,0.08804066975911458,-0.012819869443774223,-0.023556931,0,69.17115783691406,0.01186953205615282,5.22769021987915,1.0164990425109863,0.25037771463394165
2158,0.03286635875701904,0.08734639485677083,-0.03595489542931318,-0.01852514,0,69.19131469726562,0.019060511142015457,5.232828140258789,1.0100899934768677,0.2503117322921753
2159,0.02919011004269123,0.08278401692708333,-0.03604318015277386,-0.017550727,0,69.21041870117188,0.02626914717257023,5.237699508666992,0.9575865268707275,0.23708167672157288
2160,0.04086773842573166,0.07977549235026042,-0.0232797022908926,-0.015628053,0,69.22882843017578,0.03092508763074875,5.241596698760986,0.9221869707107544,0.19046293199062347
2161,0.04269472509622574,0.07706451416015625,-0.019599907100200653,-0.01476988,0,69.24661254882812,0.03484506905078888,5.2450761795043945,0.8903747200965881,0.1703118234872818
2162,0.04188009351491928,0.07435353597005208,-0.01799326390028,-0.014480177,0,69.2637710571289,0.03844372183084488,5.248254299163818,0.8595144152641296,0.15585112571716309
2163,0.04020100459456444,0.07174173990885417,-0.01750864088535309,-0.014032095,0,69.28032684326172,0.0419454500079155,5.251123428344727,0.8291499614715576,0.14070411026477814
2164,0.030927103012800217,0.06873321533203125,-0.024368073791265488,-0.013438039,0,69.29618835449219,0.046819064766168594,5.253719329833984,0.7949112057685852,0.1255386769771576
2165,0.025523409247398376,0.06734466552734375,-0.02355756238102913,-0.018263694,0,69.31172943115234,0.05153057724237442,5.256000995635986,0.778609037399292,0.10923890024423599
2166,0.06508221477270126,0.057294209798177086,0.06688589230179787,-0.059097886,0,69.324951171875,0.03815339878201485,5.256551742553711,0.6565274000167847,0.04032129421830177
2167,0.14317646622657776,0.04830169677734375,0.14604008756577969,-0.051165305,0,69.33609771728516,0.00894538126885891,5.256525993347168,0.5485882759094238,0.02750181406736374
2168,-0.04415912181138992,0.043078104654947914,-0.07522774860262871,-0.012009479,0,69.34603881835938,-0.02399093098938465,5.256883144378662,0.48765984177589417,0.05125788226723671
2169,-0.11065695434808731,0.04135894775390625,-0.13493680395185947,-0.017079098,0,69.35558319091797,-0.050978291779756546,5.257292747497559,0.4723066985607147,0.05117739364504814
2170,-0.08121967315673828,0.047938028971354164,-0.10458650067448616,-0.024571203,0,69.36664581298828,-0.07189559191465378,5.257351398468018,0.5522517561912537,0.028770212084054947
2171,-0.014791155233979225,0.051045735677083336,-0.030513033270835876,-0.03532386,0,69.37842559814453,-0.07799819856882095,5.259011745452881,0.5902146697044373,0.0922304093837738
2172,0.057003434747457504,0.055475870768229164,0.03207989037036896,-0.030552324,0,69.39122772216797,-0.07158222049474716,5.261108875274658,0.6435754895210266,0.10052140057086945
2173,0.10359002649784088,0.058583577473958336,0.07431354373693466,-0.0293071,0,69.40474700927734,-0.05671951174736023,5.2635087966918945,0.6810805201530457,0.10679194331169128
2174,0.1263188123703003,0.060468037923177086,0.10055568069219589,-0.0347049,0,69.418701171875,-0.03660837560892105,5.265981197357178,0.7033989429473877,0.10483906418085098
2175,0.07760502398014069,0.056732177734375,0.056129638105630875,-0.035256788,0,69.43179321289062,-0.025382447987794876,5.268106460571289,0.661093533039093,0.09363533556461334
2176,0.10591045022010803,0.05712890625,0.0677554914727807,-0.018973943,0,69.44497680664062,-0.011831349693238735,5.269158840179443,0.6631736755371094,0.039096757769584656
2177,0.08344702422618866,0.05623626708984375,0.04817410605028272,-0.020963347,0,69.45795440673828,0.002196528483182192,5.270166873931885,0.6529142260551453,0.03684396669268608
2178,-0.03309496492147446,0.054583231608072914,-0.06678570760414004,-0.02089249,0,69.47055053710938,0.0155536700040102,5.271113872528076,0.6346409320831299,0.03492409735918045
2179,-0.028421364724636078,0.052599589029947914,-0.05996379069983959,-0.021057162,0,69.4826889038086,0.02754642814397812,5.271840572357178,0.6115527749061584,0.025746913626790047
2180,-0.02458783984184265,0.050649007161458336,-0.05400296300649643,-0.021233885,0,69.49437713623047,0.038347020745277405,5.27235221862793,0.5895313620567322,0.016665590927004814
2181,-0.018451429903507233,0.05365753173828125,-0.04920978099107742,-0.02289918,0,69.50675964355469,0.04818897694349289,5.272623062133789,0.6223931908607483,0.004347478039562702
2182,0.033792994916439056,0.0426483154296875,0.057458896189928055,-0.06631421,0,69.5166015625,0.03669719770550728,5.272671699523926,0.48865610361099243,0.013781467452645302
2183,0.12578363716602325,0.034052530924479164,0.13916101772338152,-0.047429904,0,69.52445983886719,0.008864994160830975,5.272976875305176,0.3841339647769928,0.043237410485744476
2184,-0.04836876317858696,0.02806854248046875,-0.06827473174780607,-0.008162573,0,69.53093719482422,-0.02251994051039219,5.273378849029541,0.31738659739494324,0.05533419921994209
2185,-0.1396532952785492,0.029324849446614582,-0.1293595042079687,-0.03961865,0,69.53770446777344,-0.04839184135198593,5.272896766662598,0.33439943194389343,0.00647790776565671
2186,-0.022746818140149117,0.048632303873697914,-0.02948308363556862,-0.041896038,0,69.5489273071289,-0.054288458079099655,5.273732662200928,0.5637625455856323,0.053769923746585846
2187,0.03477203845977783,0.054814656575520836,0.024111922830343246,-0.04415454,0,69.56157684326172,-0.049466073513031006,5.275605201721191,0.6381695866584778,0.09409734606742859
2188,0.09820564091205597,0.058848063151041664,0.06736902520060539,-0.028011443,0,69.57515716552734,-0.03599226847290993,5.276933670043945,0.6832071542739868,0.056123994290828705
2189,0.16119778156280518,0.06817118326822917,0.14696471625939012,-0.053938113,0,69.59088897705078,-0.006599325221031904,5.280998706817627,0.7944620847702026,0.17553232610225677
2190,-0.0443580187857151,0.06982421875,-0.0707570486702025,-0.043425187,0,69.60700225830078,0.020750734955072403,5.2845330238342285,0.8131794333457947,0.15168926119804382
2191,-0.01746268756687641,0.054814656575520836,-0.024948790669441223,-0.047328554,0,69.6196517944336,0.025740493088960648,5.2845587730407715,0.6359448432922363,-0.0004813696723431349
2192,0.052873775362968445,0.0426483154296875,0.07359226699918509,-0.06336681,0,69.6294937133789,0.01102203968912363,5.283905982971191,0.49189293384552,-0.012089735828340054
2193,-0.014408145099878311,0.05365753173828125,-0.018047252669930458,-0.050018426,0,69.64187622070312,0.014631490223109722,5.283200263977051,0.6350313425064087,-0.033159900456666946
2194,0.0676000714302063,0.0470123291015625,0.05794533877633512,-0.037357595,0,69.65272521972656,0.003042422467842698,5.281941890716553,0.5399900078773499,-0.04929427430033684
2195,0.012146210297942162,0.05316162109375,-0.015743476105853915,-0.025271935,0,69.66499328613281,-0.006191117689013481,5.281660079956055,0.6118621826171875,-0.0024377391673624516
2196,-0.05543974041938782,0.049326578776041664,-0.06454933434724808,-0.040216986,0,69.67637634277344,-0.019100984558463097,5.280145168304443,0.566737711429596,-0.05931016430258751
2197,-0.026749378070235252,0.054285685221354164,-0.038194023072719574,-0.04284104,0,69.68890380859375,-0.02673978917300701,5.278683185577393,0.6251245737075806,-0.061830464750528336
2198,0.020452290773391724,0.07610575358072917,0.018859682604670525,-0.074513145,0,69.70646667480469,-0.022967852652072906,5.283815860748291,0.8801035284996033,0.25684353709220886
2199,0.03883212059736252,0.07270050048828125,0.042955209501087666,-0.07682359,0,69.7232437133789,-0.014376810751855373,5.294071674346924,0.843222975730896,0.510082483291626
2200,0.07587191462516785,0.06932830810546875,0.023816684260964394,-0.01727308,0,69.73924255371094,-0.009613473899662495,5.300195693969727,0.8028223514556885,0.3085426986217499
2201,0.05993198603391647,0.06648508707682292,0.014999432023614645,-0.021552535,0,69.75458526611328,-0.006613587494939566,5.299376487731934,0.7689236402511597,-0.0370728075504303
2202,-0.022363021969795227,0.061360677083333336,-0.008303208742290735,-0.07542049,0,69.76874542236328,-0.008274229243397713,5.2948079109191895,0.7045702934265137,-0.24752430617809296
2203,0.05930006131529808,0.0839080810546875,0.023050372255966067,-0.047658395,0,69.7881088256836,0.0036641547922044992,5.2889084815979,0.9715120792388916,-0.3043474853038788
2204,-0.06315634399652481,0.08797454833984375,-0.09107957477681339,-0.06005132,0,69.80841064453125,0.021880069747567177,5.2828240394592285,1.0188113451004028,-0.31875312328338623
2205,0.01765482872724533,0.08126322428385417,-0.03359077498316765,-0.030017622,0,69.82716369628906,0.028598224744200706,5.269965171813965,0.9421244859695435,-0.6190809011459351
2206,-0.024870634078979492,0.10516611735026042,-0.060463929548859596,-0.06957282,0,69.85143280029297,0.040691010653972626,5.266045570373535,1.2172545194625854,-0.20679961144924164
2207,-0.06060021370649338,0.12232462565104167,-0.0997135229408741,-0.08321132,0,69.8796615600586,0.060633715242147446,5.268969535827637,1.4174647331237793,0.12927958369255066
2208,-0.045955538749694824,0.11726633707682292,-0.10005393996834755,-0.06316794,0,69.90672302246094,0.08064450323581696,5.274479866027832,1.360217571258545,0.2600398063659668
2209,0.04577980190515518,0.09623972574869792,0.014242865145206451,-0.06470279,0,69.9289321899414,0.07779593020677567,5.271707057952881,1.1073333024978638,-0.12872685492038727
2210,0.02154359221458435,0.09848785400390625,-0.0004673004150390625,-0.07647696,0,69.95166015625,0.07788939028978348,5.267435550689697,1.1326569318771362,-0.29309210181236267
2211,0.1309460699558258,0.10262044270833333,0.09924840182065964,-0.07092277,0,69.975341796875,0.05803970992565155,5.272268772125244,1.1528122425079346,0.12497350573539734
2212,0.06621377170085907,0.10083516438802083,0.043884217739105225,-0.078505605,0,69.99861145019531,0.049262866377830505,5.278011322021484,1.1384222507476807,0.22167737782001495
2213,0.08335885405540466,0.1049346923828125,0.007304009050130844,-0.028879851,0,70.0228271484375,0.04780206456780434,5.2783942222595215,1.20955491065979,-0.007911364547908306
2214,0.036523375660181046,0.11154683430989583,-0.033080168068408966,-0.041943293,0,70.04856872558594,0.05441809818148613,5.278528213500977,1.2886550426483154,0.0024407547898590565
2215,0.048759497702121735,0.11230723063151042,-0.03418680280447006,-0.029360926,0,70.0744857788086,0.06125545874238014,5.277321815490723,1.2974063158035278,-0.06328140944242477
2216,0.06828270852565765,0.110687255859375,-0.021285247057676315,-0.021119298,0,70.10002899169922,0.0655125081539154,5.273313999176025,1.2779114246368408,-0.20015965402126312
2217,0.0846293717622757,0.10840606689453125,0.005455203354358673,-0.029231895,0,70.12504577636719,0.06442146748304367,5.268436908721924,1.2492958307266235,-0.2379004806280136
2218,0.09507942944765091,0.11280314127604167,0.021462664008140564,-0.03918638,0,70.15107727050781,0.06012893468141556,5.265181064605713,1.2906113862991333,-0.17043514549732208
2219,0.00023427605628967285,0.12473805745442708,-0.033030398190021515,-0.091473386,0,70.17986297607422,0.06673501431941986,5.265785217285156,1.4390356540679932,0.030679326504468918
2220,0.040489815175533295,0.12820943196614584,-0.03463186323642731,-0.053087756,0,70.2094497680664,0.07366138696670532,5.265493869781494,1.4784475564956665,-0.015368749387562275
2221,0.023605741560459137,0.13442484537760416,-0.04712570458650589,-0.0636934,0,70.24047088623047,0.0830865278840065,5.265121936798096,1.5494370460510254,-0.01988603174686432
2222,0.013099730014801025,0.14156595865885416,-0.05804397165775299,-0.070422255,0,70.27313995361328,0.0946953222155571,5.265321731567383,1.633352279663086,0.004779231268912554
2223,0.1237511932849884,0.1371027628580729,0.05213409662246704,-0.06548567,0,70.30477905273438,0.08426850289106369,5.268590450286865,1.5703116655349731,0.17909081280231476
2224,0.21191377937793732,0.11981201171875,0.1742500439286232,-0.08214827,0,70.33242797851562,0.04941849410533905,5.271259307861328,1.368955135345459,0.14538589119911194
2225,0.18267115950584412,0.1092987060546875,0.17460628412663937,-0.10123385,0,70.35765075683594,-0.014497237280011177,5.276909828186035,1.2388125658035278,0.3357779383659363
2226,-0.24201640486717224,0.12265523274739583,-0.27034453116357327,-0.09432711,0,70.38595581054688,-0.06856614351272583,5.2848358154296875,1.40127432346344,0.4532220661640167
2227,-0.16523829102516174,0.13852437337239584,-0.2068953961133957,-0.09686726,0,70.41792297363281,-0.10994522273540497,5.294981956481934,1.5883145332336426,0.5528509020805359
2228,-0.0907241553068161,0.15631103515625,-0.14500804245471954,-0.10202715,0,70.45399475097656,-0.13894683122634888,5.308435440063477,1.7958754301071167,0.7075523734092712
2229,0.023128986358642578,0.17684173583984375,-0.08092232048511505,-0.07279043,0,70.49480438232422,-0.1551312953233719,5.3261189460754395,2.0353190898895264,0.9058045148849487
2230,0.1322152316570282,0.2031580607096354,0.003762468695640564,-0.0747053,0,70.54168701171875,-0.15437880158424377,5.348873138427734,2.3419435024261475,1.142561912536621
2231,0.2139853686094284,0.22150675455729166,0.04021063446998596,-0.04773201,0,70.59280395507812,-0.14633667469024658,5.375584602355957,2.555450201034546,1.3329838514328003
2232,0.20130114257335663,0.2294743855794271,0.021453723311424255,-0.04962696,0,70.64575958251953,-0.14204593002796173,5.407349586486816,2.6467366218566895,1.587207555770874
2233,0.25266990065574646,0.25248463948567706,0.05530655384063721,-0.055121295,0,70.70402526855469,-0.1309846192598343,5.4387311935424805,2.913294792175293,1.5630347728729248
2234,0.19596582651138306,0.25750986735026044,0.016102641820907593,-0.07764668,0,70.7634506225586,-0.12776409089565277,5.476171493530273,2.9704811573028564,1.8737465143203735
2235,0.13129445910453796,0.25228627522786456,-0.05788981914520264,-0.063102,0,70.82167053222656,-0.1393420547246933,5.510531902313232,2.9080512523651123,1.7354792356491089
2236,0.05628115311264992,0.24531046549479166,-0.13398878276348114,-0.055040527,0,70.87828063964844,-0.16613981127738953,5.541433811187744,2.826263666152954,1.5782209634780884
2237,-0.029659856110811234,0.22563934326171875,-0.19996054470539093,-0.055338655,0,70.93035125732422,-0.2061319202184677,5.566506385803223,2.5978715419769287,1.2998794317245483
2238,0.0017879605293273926,0.23406982421875,-0.14275692403316498,-0.08952494,0,70.98436737060547,-0.2346833050251007,5.589810848236084,2.6953275203704834,1.202411413192749
2239,0.055570513010025024,0.2425994873046875,-0.0833556056022644,-0.10367337,0,71.04035186767578,-0.2513544261455536,5.607362270355225,2.7924110889434814,0.9044457674026489
2240,0.05471529811620712,0.2418390909830729,-0.08680492639541626,-0.10031887,0,71.09616088867188,-0.26871541142463684,5.624278545379639,2.7845826148986816,0.8740158677101135
2241,0.12231975048780441,0.23492940266927084,-0.036098212003707886,-0.076511435,0,71.15037536621094,-0.2759350538253784,5.645507335662842,2.736577272415161,1.0606533288955688
2242,0.18071722984313965,0.23929341634114584,0.02277091145515442,-0.08134711,0,71.20559692382812,-0.27138087153434753,5.669314861297607,2.7601122856140137,1.1919538974761963
2243,0.2455308437347412,0.24332682291666666,0.08289888501167297,-0.08069485,0,71.26174926757812,-0.25480109453201294,5.693986415863037,2.803318977355957,1.2283991575241089
2244,0.28526926040649414,0.2475916544596354,0.12259930372238159,-0.08492167,0,71.31888580322266,-0.23028123378753662,5.71981954574585,2.8519999980926514,1.2778215408325195
2245,0.31222957372665405,0.25109608968098956,0.14708682894706726,-0.08595336,0,71.3768310546875,-0.20086386799812317,5.7400922775268555,2.8899753093719482,0.9961222410202026
2246,0.3405059576034546,0.2548319498697917,0.17378553748130798,-0.08811152,0,71.43563842773438,-0.16610676050186157,5.754155158996582,2.9305152893066406,0.6823845505714417
2247,0.35830050706863403,0.25790659586588544,0.1837119460105896,-0.08331804,0,71.49515533447266,-0.12936437129974365,5.760473251342773,2.965872049331665,0.293707013130188
2248,0.33464914560317993,0.25519561767578125,0.17012406140565872,-0.09067053,0,71.55404663085938,-0.09533955901861191,5.764927864074707,2.9484386444091797,0.14008751511573792
2249,0.33768177032470703,0.2566172281901042,0.16449743881821632,-0.083432876,0,71.61326599121094,-0.06244007125496864,5.762917995452881,2.9546473026275635,-0.12437320500612259
2250,0.41160640120506287,0.26570892333984375,0.2222117129713297,-0.07631425,0,71.6745834350586,-0.017997728660702705,5.759215354919434,3.0715184211730957,-0.2264057844877243
2251,0.17054910957813263,0.2655436197916667,-0.04118386656045914,-0.05381064,0,71.7358627319336,0.026234501972794533,5.75102424621582,3.0718765258789062,-0.45041438937187195
2252,0.017110053449869156,0.2705027262369792,-0.21929885260760784,-0.03409382,0,71.79828643798828,0.0700942724943161,5.74057149887085,3.133491039276123,-0.5605605244636536
2253,0.019671685993671417,0.2750651041666667,-0.21703433245420456,-0.038359087,0,71.86176300048828,0.11350113898515701,5.727448463439941,3.1884331703186035,-0.6902856230735779
2254,0.020385507494211197,0.27556101481119794,-0.21569941192865372,-0.039476097,0,71.92535400390625,0.15664102137088776,5.710052013397217,3.196014881134033,-0.9024796485900879
2255,0.026286207139492035,0.274139404296875,-0.2096712589263916,-0.03818194,0,71.98861694335938,0.19857527315616608,5.688266277313232,3.1812431812286377,-1.120786428451538
2256,0.032852403819561005,0.2718251546223958,-0.19806765019893646,-0.040905103,0,72.05134582519531,0.23818880319595337,5.662408351898193,3.1556742191314697,-1.3227441310882568
2257,0.04543032497167587,0.26875050862630206,-0.1799251139163971,-0.043395072,0,72.11336517333984,0.2741738259792328,5.632876873016357,3.118934154510498,-1.5037658214569092
2258,0.05009873956441879,0.26617177327473956,-0.16831442713737488,-0.04775861,0,72.17478942871094,0.30783671140670776,5.600189208984375,3.0896170139312744,-1.6598074436187744
2259,0.04328683391213417,0.26610565185546875,-0.17958611249923706,-0.043232705,0,72.23619842529297,0.3437539339065552,5.564399242401123,3.0917327404022217,-1.8162353038787842
2260,0.03015507012605667,0.2668660481770833,-0.1978360116481781,-0.03887497,0,72.29778289794922,0.3833211362361908,5.52522611618042,3.1042113304138184,-1.9871762990951538
2261,0.1322503238916397,0.2495091756184896,-0.08002951741218567,-0.037229333,0,72.35536193847656,0.39932703971862793,5.484400272369385,2.940171003341675,-2.051875591278076
2262,0.11217225342988968,0.2517242431640625,-0.08036240935325623,-0.05918958,0,72.4134521484375,0.4153995215892792,5.438398361206055,2.920955181121826,-2.3054468631744385
2263,0.23127204179763794,0.2520548502604167,0.013961642980575562,-0.03474444,0,72.47161865234375,0.41260719299316406,5.3903656005859375,2.9252915382385254,-2.379211187362671
2264,0.3123985826969147,0.2547658284505208,0.09810864925384521,-0.04047591,0,72.53041076660156,0.392985463142395,5.343178749084473,2.9270682334899902,-2.3424277305603027
2265,0.36106038093566895,0.2660725911458333,0.13869568705558777,-0.043707915,0,72.59181213378906,0.36524632573127747,5.299597263336182,3.052326202392578,-2.1544485092163086
2266,0.38779202103614807,0.27437082926432294,0.17492085695266724,-0.06149965,0,72.6551284790039,0.330262154340744,5.260560512542725,3.1416738033294678,-1.9190008640289307
2267,0.4168585538864136,0.2865702311197917,0.20473629236221313,-0.07444797,0,72.72126007080078,0.2893148958683014,5.223127841949463,3.274421215057373,-1.8291159868240356
2268,0.46282336115837097,0.2991994222005208,0.2290003001689911,-0.06537638,0,72.7903060913086,0.24351483583450317,5.184352397918701,3.4236440658569336,-1.892576813697815
2269,0.49999526143074036,0.2960917154947917,0.2705855667591095,-0.06668201,0,72.85863494873047,0.18939772248268127,5.138115406036377,3.388230085372925,-2.256044864654541
2270,0.5338688492774963,0.29103342692057294,0.29855862259864807,-0.0557232,0,72.92579650878906,0.12968599796295166,5.083373069763184,3.3319365978240967,-2.6701765060424805
2271,0.5068488121032715,0.2740071614583333,0.3013275936245918,-0.0684859,0,72.98902893066406,0.0694204792380333,5.034681797027588,3.1514713764190674,-2.3567471504211426
2272,0.09043801575899124,0.2247467041015625,-0.07863953709602356,-0.05566915,0,73.0408935546875,0.085148386657238,5.02132511138916,2.599147081375122,-0.6824371814727783
2273,0.12776651978492737,0.2264989217122396,-0.0587211549282074,-0.040011242,0,73.0931625366211,0.09689261764287949,5.008602142333984,2.621217966079712,-0.6419061422348022
2274,0.15196922421455383,0.21489461263020834,-0.028668232262134552,-0.03425716,0,73.14275360107422,0.1026262640953064,4.998152732849121,2.5089492797851562,-0.4954310953617096
2275,0.17030690610408783,0.21476236979166666,-0.005791671574115753,-0.03866379,0,73.19231414794922,0.10378459841012955,4.9915618896484375,2.4787020683288574,-0.3305177390575409
2276,0.18903231620788574,0.2114893595377604,0.018756911158561707,-0.041213963,0,73.24111938476562,0.1000332161784172,4.988618850708008,2.4386353492736816,-0.14355802536010742
2277,0.20846079289913177,0.20798492431640625,0.0415584072470665,-0.041082546,0,73.28911590576172,0.0917215347290039,4.98939847946167,2.3968589305877686,0.04707249253988266
2278,0.22761158645153046,0.20457967122395834,0.061172135174274445,-0.038140226,0,73.3363265991211,0.07948710769414902,4.99351692199707,2.3556604385375977,0.21805700659751892
2279,0.24256297945976257,0.2013066609700521,0.07655221968889236,-0.03529591,0,73.38278198242188,0.06417666375637054,5.000219345092773,2.317549705505371,0.3505890965461731
2280,0.25263628363609314,0.19786834716796875,0.08677510544657707,-0.03200717,0,73.4284439086914,0.04682164266705513,5.008456707000732,2.277160882949829,0.42963096499443054
2281,0.23779433965682983,0.1941986083984375,0.08032326586544514,-0.036727548,0,73.47325897216797,0.030756989493966103,5.018955707550049,2.2357096672058105,0.541668713092804
2282,0.21441969275474548,0.1914215087890625,0.05865338258445263,-0.035655204,0,73.5174331665039,0.019026312977075577,5.031442165374756,2.204893112182617,0.636714518070221
2283,0.18386343121528625,0.1898345947265625,0.025207912549376488,-0.031179078,0,73.56124114990234,0.01398473046720028,5.045145034790039,2.1884090900421143,0.6908477544784546
2284,0.15012764930725098,0.1892064412434896,-0.015022512525320053,-0.02405628,0,73.60490417480469,0.01698923297226429,5.05874490737915,2.183711290359497,0.6774919033050537
2285,0.14493143558502197,0.1870244344075521,-0.0314876064658165,-0.010605393,0,73.64806365966797,0.02328675426542759,5.069884300231934,2.159918785095215,0.5520005822181702
2286,0.167251318693161,0.1824620564778646,-0.00040835700929164886,-0.014802389,0,73.69017028808594,0.02336842566728592,5.074888229370117,2.1071882247924805,0.25335341691970825
2287,0.208945631980896,0.18500773111979166,0.0673937238752842,-0.04345581,0,73.73286437988281,0.00988968089222908,5.072728633880615,2.130557060241699,-0.08937100321054459
2288,0.17971700429916382,0.17806498209635416,0.042917763348668814,-0.041265745,0,73.77395629882812,-0.0013061282224953175,5.06743049621582,2.0912392139434814,-0.32294079661369324
2289,0.11163422465324402,0.1866938273111979,-0.049404732417315245,-0.025654871,0,73.8170394897461,-0.011187074705958366,5.065406322479248,2.1274349689483643,-0.15429243445396423
2290,0.05350127071142197,0.18738810221354166,-0.07902031764388084,-0.054866515,0,73.86028289794922,-0.026991138234734535,5.063211441040039,2.1548173427581787,-0.09143489599227905
2291,0.03956245630979538,0.18143717447916666,-0.06620724685490131,-0.07566747,0,73.90215301513672,-0.0402325876057148,5.066588878631592,2.0906455516815186,0.18799521028995514
2292,0.0905633270740509,0.1805445353190104,-0.046886857599020004,-0.043094356,0,73.94381713867188,-0.0496099591255188,5.071425437927246,2.0809929370880127,0.25184306502342224
2293,0.12443340569734573,0.1799163818359375,-0.016342848539352417,-0.039140128,0,73.98533630371094,-0.05287852883338928,5.077258586883545,2.0749666690826416,0.29541298747062683
2294,0.1587262600660324,0.17925516764322916,0.008945390582084656,-0.029474303,0,74.02670288085938,-0.05108945071697235,5.082648277282715,2.0683536529541016,0.2680501937866211
2295,0.1808927059173584,0.17842864990234375,0.022617150098085403,-0.020153088,0,74.06787872314453,-0.04656602069735527,5.086240768432617,2.0596141815185547,0.17537420988082886
2296,0.18314935266971588,0.17704010009765625,0.019092988222837448,-0.01298374,0,74.10873413085938,-0.04274742305278778,5.087294101715088,2.0436899662017822,0.04909804090857506
2297,0.1868952363729477,0.17763519287109375,0.053142793476581573,-0.043882743,0,74.14972686767578,-0.032118864357471466,5.092528343200684,2.051934003829956,0.2518320381641388
2298,0.18064028024673462,0.17409769694010416,0.022572698071599007,-0.01603011,0,74.18990325927734,-0.027604324743151665,5.091113090515137,2.0099539756774902,-0.07914719730615616
2299,0.13099956512451172,0.16986592610677084,-0.021974844858050346,-0.016891513,0,74.2291030883789,-0.031999293714761734,5.083948135375977,1.9573227167129517,-0.35327208042144775
2300,0.07249356806278229,0.16741943359375,-0.06140420213341713,-0.033521667,0,74.26773834228516,-0.04428013414144516,5.072968006134033,1.9495881795883179,-0.5831912159919739
2301,0.06211072951555252,0.16414642333984375,-0.08603280410170555,-0.016002886,0,74.30561828613281,-0.06148669496178627,5.0586957931518555,1.8906617164611816,-0.6981837153434753
2302,0.13116683065891266,0.17264302571614584,-0.01359185203909874,-0.02788435,0,74.345458984375,-0.06420506536960602,5.046036243438721,1.969161868095398,-0.6971088647842407
2303,0.13329416513442993,0.1759160359700521,0.0027046725153923035,-0.045326542,0,74.38605499267578,-0.06366413086652756,5.032373905181885,2.025791645050049,-0.6811444163322449
2304,0.14831671118736267,0.17323811848958334,0.04010720178484917,-0.06502861,0,74.42603302001953,-0.055642690509557724,5.024338245391846,2.0016088485717773,-0.39281517267227173
2305,0.15815700590610504,0.17251078287760416,0.014662723988294601,-0.029016493,0,74.4658432006836,-0.052710145711898804,5.017042636871338,1.9890155792236328,-0.36982670426368713
2306,0.13657662272453308,0.17145284016927084,-0.007000919431447983,-0.027875308,0,74.50540924072266,-0.0541103295981884,5.010342121124268,1.9768881797790527,-0.33418160676956177
2307,0.11956879496574402,0.17069244384765625,-0.017973333597183228,-0.03315032,0,74.5447998046875,-0.057704996317625046,5.004856109619141,1.9675334692001343,-0.2707589864730835
2308,0.10767225921154022,0.16374969482421875,-0.017574261873960495,-0.038503174,0,74.58258819580078,-0.061219848692417145,5.010112285614014,1.8881285190582275,0.2657760977745056
2309,0.13864672183990479,0.16616312662760416,0.03178352490067482,-0.059299923,0,74.62093353271484,-0.05486314371228218,5.021316051483154,1.917901635169983,0.5543475151062012
2310,0.21408243477344513,0.1696345011393229,0.09509405121207237,-0.050646115,0,74.66007995605469,-0.035844333469867706,5.036867618560791,1.9611766338348389,0.7595710754394531
2311,0.2546398937702179,0.1676508585611979,0.11209830641746521,-0.025109261,0,74.69876861572266,-0.013424672186374664,5.05257511138916,1.9418731927871704,0.7673520445823669
2312,0.13706164062023163,0.15617879231770834,0.022875899448990822,-0.041993055,0,74.73480987548828,-0.0088494922965765,5.0602874755859375,1.8064988851547241,0.3877045214176178
2313,0.020240869373083115,0.1465911865234375,-0.06454885005950928,-0.061801467,0,74.76863861083984,-0.021759262308478355,5.065328598022461,1.6999244689941406,0.23142275214195251
2314,0.06833989173173904,0.1542943318684896,-0.05974861793220043,-0.026205821,0,74.80424499511719,-0.03370898589491844,5.064558506011963,1.781097173690796,-0.021366601809859276
2315,0.07270389050245285,0.16216278076171875,-0.06114695221185684,-0.028311938,0,74.84166717529297,-0.04593837633728981,5.059296607971191,1.8692867755889893,-0.24418681859970093
2316,0.19626569747924805,0.17267608642578125,0.040508098900318146,-0.016918484,0,74.88151550292969,-0.03783675655722618,5.0538458824157715,1.9820202589035034,-0.31809914112091064
2317,0.11533565074205399,0.1646092732747396,-0.017446670681238174,-0.03182695,0,74.91950225830078,-0.041326090693473816,5.047686576843262,1.8984315395355225,-0.3057567775249481
2318,0.15497705340385437,0.16874186197916666,0.023333728313446045,-0.037098546,0,74.95844268798828,-0.03665934503078461,5.040977954864502,1.9430980682373047,-0.33702200651168823
2319,0.17740768194198608,0.16394805908203125,0.0760783813893795,-0.06261877,0,74.99627685546875,-0.021443668752908707,5.039850234985352,1.9026411771774292,-0.05433199182152748
2320,0.2332397997379303,0.16596476236979166,0.098063163459301,-0.030788124,0,75.03457641601562,-0.0018310360610485077,5.0392231941223145,1.919669508934021,-0.050443604588508606
2321,0.12224225699901581,0.1640803019205729,-0.00988340936601162,-0.031954627,0,75.07244110107422,0.0038077179342508316,5.032331466674805,1.8947588205337524,-0.3498810827732086
2322,0.10955525934696198,0.1573028564453125,-0.011040207464247942,-0.036707386,0,75.1087417602539,-0.00601575942710042,5.0229811668396,1.8109221458435059,-0.4577082097530365
2323,0.055520039051771164,0.1593195597330729,-0.08266772842034698,-0.021131795,0,75.1455078125,-0.022549305111169815,5.011313438415527,1.833181619644165,-0.5665718913078308
2324,0.042118169367313385,0.16074117024739584,-0.07896764203906059,-0.039655358,0,75.18260192871094,-0.038342833518981934,5.001012802124023,1.8494253158569336,-0.498315691947937
2325,0.03263220563530922,0.16060892740885416,-0.0655367411673069,-0.06243998,0,75.21966552734375,-0.051450181752443314,4.994849681854248,1.844496250152588,-0.28377002477645874
2326,0.10245087742805481,0.16060892740885416,-0.012821145355701447,-0.045336906,0,75.25672912597656,-0.0540144108235836,4.991200923919678,1.8525933027267456,-0.17923937737941742
2327,0.1427661031484604,0.1535008748372396,0.028217509388923645,-0.038952276,0,75.29215240478516,-0.048370908945798874,4.997757911682129,1.772081971168518,0.32165542244911194
2328,0.19815251231193542,0.1513188680013021,0.06884125992655754,-0.022007614,0,75.32707214355469,-0.034602656960487366,5.006989002227783,1.7491995096206665,0.44932788610458374
2329,0.20873287320137024,0.14903767903645834,0.06272667087614536,-0.003031473,0,75.36146545410156,-0.022057322785258293,5.014430522918701,1.7221978902816772,0.36071154475212097
2330,0.212330162525177,0.1513849894205729,0.09522034204564989,-0.03427517,0,75.39640045166016,-0.003013254376128316,5.024049758911133,1.751675009727478,0.46304330229759216
2331,0.11229551583528519,0.14507039388020834,-0.010043444344773889,-0.022731433,0,75.42987823486328,0.005021943245083094,5.029115200042725,1.6778886318206787,0.24755828082561493
2332,0.041157398372888565,0.1311518351236979,-0.028323086444288492,-0.06167135,0,75.46014404296875,-0.010686560533940792,5.02924919128418,1.5141911506652832,0.03162628784775734
2333,0.032145895063877106,0.1388880411783854,-0.0814140448346734,-0.025328098,0,75.49219512939453,-0.026969369500875473,5.0241780281066895,1.6115100383758545,-0.23617802560329437
2334,0.03647800534963608,0.1436487833658854,-0.08748428896069527,-0.019686492,0,75.52534484863281,-0.044466227293014526,5.014262676239014,1.6546642780303955,-0.4726848900318146
2335,0.1257702261209488,0.15062459309895834,-0.007162727415561676,-0.017691636,0,75.56010437011719,-0.04589877277612686,5.003218173980713,1.7479721307754517,-0.544072151184082
2336,0.06073793023824692,0.14331817626953125,-0.04308179020881653,-0.039498456,0,75.59317779541016,-0.05451513081789017,4.994196891784668,1.6781843900680542,-0.4745500385761261
2337,0.10284870117902756,0.14454142252604166,0.02498045563697815,-0.06667318,0,75.62653350830078,-0.04951903969049454,4.990143299102783,1.6642875671386719,-0.18667472898960114
2338,0.17615312337875366,0.1438471476236979,0.07948437705636024,-0.04717841,0,75.65972900390625,-0.03362216427922249,4.9904561042785645,1.6640733480453491,5.887990118935704e-05
2339,0.2528485059738159,0.14824422200520834,0.13580947881564498,-0.031205196,0,75.69393920898438,-0.0064602685160934925,4.987054347991943,1.7196630239486694,-0.19385690987110138
2340,0.09066800773143768,0.137664794921875,-0.027099058497697115,-0.01989773,0,75.7257080078125,0.011880080215632915,4.992430686950684,1.5956226587295532,0.2525792717933655
2341,0.08895621448755264,0.12923431396484375,0.0021970411762595177,-0.04247514,0,75.75553131103516,0.011440671980381012,4.998330116271973,1.4929858446121216,0.2945239245891571
2342,0.15873269736766815,0.12490336100260417,0.05272258509648964,-0.018893238,0,75.78435516357422,-0.0008961549610830843,5.003067970275879,1.4374674558639526,0.2497943490743637
2343,0.04947243630886078,0.12401072184244792,-0.055856713734101504,-0.018681573,0,75.81297302246094,-0.012067497707903385,5.006930828094482,1.4275033473968506,0.20468667149543762
2344,0.06344284117221832,0.12368011474609375,-0.03615824971348047,-0.024079029,0,75.84151458740234,-0.01929914765059948,5.010249614715576,1.4253305196762085,0.17344702780246735
2345,0.06854736804962158,0.12321726481119792,-0.030601443722844124,-0.024068452,0,75.86994934082031,-0.025419436395168304,5.013181686401367,1.4198038578033447,0.15304015576839447
2346,0.10437066853046417,0.124176025390625,0.023782532662153244,-0.043587893,0,75.89860534667969,-0.020662929862737656,5.016566276550293,1.435829758644104,0.167327418923378
2347,0.187859445810318,0.13796234130859375,0.09849444526480511,-0.04859733,0,75.9304428100586,0.000964040809776634,5.021224498748779,1.6016172170639038,0.21609444916248322
2348,-0.01024760864675045,0.1279449462890625,-0.09780053544091061,-0.04039202,0,75.95996856689453,0.020524147897958755,5.028595447540283,1.5441747903823853,0.3157757818698883
2349,-0.003863595426082611,0.1334991455078125,-0.08776947855949402,-0.049593262,0,75.99077606201172,0.03807804360985756,5.039128303527832,1.5464283227920532,0.511104941368103
2350,0.015823595225811005,0.13263956705729166,-0.09021582081913948,-0.026600152,0,76.0213851928711,0.056121207773685455,5.050481796264648,1.5369240045547485,0.551808774471283
2351,0.04475777596235275,0.12900288899739584,-0.04971493035554886,-0.034530185,0,76.05115509033203,0.06606419384479523,5.061985969543457,1.4952542781829834,0.569644570350647
2352,0.07725554704666138,0.1156463623046875,0.007295683026313782,-0.045686495,0,76.07784271240234,0.06460505723953247,5.071802139282227,1.3374707698822021,0.49772214889526367
2353,0.11940919607877731,0.10476938883463542,0.058428458869457245,-0.04378865,0,76.10202026367188,0.05291936546564102,5.072923183441162,1.2072957754135132,0.07551310211420059
2354,0.10940501093864441,0.11085255940755208,0.05474898964166641,-0.056196537,0,76.12760162353516,0.04196956753730774,5.069485664367676,1.27570641040802,-0.1500227153301239
2355,0.14297467470169067,0.1357142130533854,0.06864411756396294,-0.061383657,0,76.15892028808594,0.028240744024515152,5.067007541656494,1.5707489252090454,-0.09868840128183365
2356,0.1793050765991211,0.1358795166015625,0.08130085188895464,-0.037875287,0,76.19027709960938,0.011980573646724224,5.060580253601074,1.5645475387573242,-0.2985389232635498
2357,0.11321327090263367,0.1303583780924479,-0.004630465991795063,-0.012514634,0,76.2203598022461,-0.012906666845083237,5.051259994506836,1.4956881999969482,-0.4365537464618683
2358,0.01142351608723402,0.1321436564127604,-0.1064896211028099,-0.014230519,0,76.2508544921875,-0.03420459106564522,5.037867546081543,1.5179307460784912,-0.6439765095710754
2359,0.11600024998188019,0.1452356974283854,-0.00773698091506958,-0.021498468,0,76.28437042236328,-0.035751987248659134,5.022980690002441,1.6721246242523193,-0.7521493434906006
2360,0.15637382864952087,0.14708709716796875,0.051251742988824844,-0.041965008,0,76.31831359863281,-0.025501638650894165,5.008768558502197,1.6995035409927368,-0.7160749435424805
2361,0.12272728234529495,0.14232635498046875,0.04849398508667946,-0.068093054,0,76.35115814208984,-0.015802841633558273,5.000885963439941,1.6462727785110474,-0.39496123790740967
2362,0.13626541197299957,0.14110310872395834,0.04488094709813595,-0.049718652,0,76.38372039794922,-0.006826652213931084,4.99558162689209,1.6341798305511475,-0.2697557806968689
2363,0.13388016819953918,0.14391326904296875,0.031567727273795754,-0.041600827,0,76.41693115234375,-0.0005131067591719329,4.990534782409668,1.6654027700424194,-0.26246368885040283
2364,0.08132675290107727,0.13363138834635416,-0.02911256771767512,-0.023192074,0,76.44776916503906,-0.006335620302706957,4.994306564331055,1.540419578552246,0.1932409256696701
2365,0.07390154153108597,0.1297632853190104,-0.04293488571420312,-0.012926862,0,76.47771453857422,-0.01492259744554758,5.000442028045654,1.4944398403167725,0.31612077355384827
2366,0.09887038171291351,0.13058980305989584,-0.01092235092073679,-0.020797072,0,76.50785064697266,-0.01710706762969494,5.005904197692871,1.5060186386108398,0.27587658166885376
2367,0.12836351990699768,0.131317138671875,0.011826856061816216,-0.014780483,0,76.53815460205078,-0.014741696417331696,5.010426998138428,1.5152429342269897,0.22407355904579163
2368,0.11908215284347534,0.1336644490559896,0.03760366002097726,-0.05218595,0,76.56900024414062,-0.007220964413136244,5.0199809074401855,1.5450321435928345,0.471418172121048
2369,0.14082463085651398,0.12887064615885416,0.02398614422418177,-0.012032172,0,76.59873962402344,-0.0024237355682998896,5.025387287139893,1.4902842044830322,0.26649609208106995
2370,0.06405358016490936,0.11918385823567708,-0.03420114400796592,-0.02092914,0,76.6262435913086,-0.009263964369893074,5.026092529296875,1.3777796030044556,0.048734765499830246
2371,0.0543455071747303,0.12629191080729166,-0.04497715272009373,-0.02696925,0,76.65538787841797,-0.01825939491391182,5.022614002227783,1.4600274562835693,-0.15626807510852814
2372,0.05726746842265129,0.13316853841145834,-0.03960142843425274,-0.036299642,0,76.68611907958984,-0.026179680600762367,5.024425029754639,1.5500444173812866,0.10890175402164459
2373,0.11646212637424469,0.1388219197591146,0.03281709738075733,-0.05517688,0,76.71815490722656,-0.0196162611246109,5.028816223144531,1.608109951019287,0.2188955843448639
2374,0.13952122628688812,0.1337305704752604,0.0547839654609561,-0.0489933,0,76.74901580810547,-0.008659468032419682,5.035271167755127,1.5517182350158691,0.3193468749523163
2375,0.08039023727178574,0.1376317342122396,0.00015142839401960373,-0.057392932,0,76.78077697753906,0.00862918235361576,5.04717493057251,1.5942249298095703,0.5800564885139465
2376,0.04248427227139473,0.1372350056966146,-0.06542406976222992,-0.029326666,0,76.81244659423828,0.021713996306061745,5.059263706207275,1.587206482887268,0.59294593334198
2377,0.10286223143339157,0.1283416748046875,0.0057104602456092834,-0.031189894,0,76.8420639038086,0.020571904256939888,5.067987442016602,1.4816460609436035,0.43904536962509155
2378,0.17143583297729492,0.11558024088541667,0.09257260244339705,-0.03671701,0,76.86873626708984,0.002057383768260479,5.069197654724121,1.3288958072662354,0.08492693305015564
2379,-0.03921143710613251,0.10599263509114583,-0.0974487280473113,-0.047755346,0,76.89319610595703,-0.02154712937772274,5.068761348724365,1.2293204069137573,-0.02597830444574356
2380,-0.03515562415122986,0.10979461669921875,-0.0897678080946207,-0.055182435,0,76.91853332519531,-0.03950069099664688,5.061785697937012,1.2645962238311768,-0.3220212161540985
2381,0.0020734071731567383,0.12192789713541667,-0.06937820464372635,-0.050476287,0,76.94667053222656,-0.05337633192539215,5.050410747528076,1.4019577503204346,-0.5492019653320312
2382,0.06242047995328903,0.15584818522135416,-0.0574025884270668,-0.036025114,0,76.98263549804688,-0.06485684961080551,5.041855812072754,1.805437684059143,-0.4024728834629059
2383,0.21314992010593414,0.1852391560872396,0.054227765649557114,-0.026316995,0,77.02538299560547,-0.05401129648089409,5.0373005867004395,2.1026251316070557,-0.3159627914428711
2384,0.16379335522651672,0.1827265421549479,0.04523470997810364,-0.064167894,0,77.06755065917969,-0.04496435448527336,5.031618595123291,2.1116788387298584,-0.28715285658836365
2385,0.18734243512153625,0.17961883544921875,0.08525741286575794,-0.077533804,0,77.10900115966797,-0.027912871912121773,5.031491279602051,2.0804238319396973,0.0030941374134272337
2386,0.23035462200641632,0.1819000244140625,0.0973760150372982,-0.04892142,0,77.1509780883789,0.008437668904662132,5.032529830932617,2.1103975772857666,0.01864003762602806
2387,0.058658722788095474,0.168212890625,-0.08612080477178097,-0.023433361,0,77.1897964477539,0.025661829859018326,5.035473346710205,1.9944604635238647,0.09441453218460083
2388,0.09896347671747208,0.1689732869466146,-0.03846015781164169,-0.031549655,0,77.22879028320312,0.033353861421346664,5.036565780639648,1.9578996896743774,0.05352487415075302
2389,0.12034568190574646,0.1600799560546875,-0.0244823656976223,-0.015251908,0,77.26573181152344,0.038250334560871124,5.041647434234619,1.8521438837051392,0.2534349858760834
2390,0.17952853441238403,0.1477483113606771,0.07049834355711937,-0.038718116,0,77.2998275756836,0.02415066584944725,5.040402412414551,1.7046350240707397,-0.03991797938942909
2391,0.19933950901031494,0.14216105143229166,0.10481823002919555,-0.047639772,0,77.33263397216797,0.003187019843608141,5.033622741699219,1.6348466873168945,-0.31129106879234314
2392,0.11327116936445236,0.18437957763671875,-0.012999004684388638,-0.05810941,0,77.37518310546875,-0.0057868207804858685,5.024116039276123,2.1247293949127197,-0.4583372473716736
2393,0.16948208212852478,0.1858673095703125,0.01499512349255383,-0.03138036,0,77.41807556152344,-0.0027877960819751024,5.016580104827881,2.1874301433563232,-0.4542061686515808
2394,0.11197784543037415,0.18894195556640625,-0.024967609206214547,-0.0519965,0,77.46167755126953,0.007781317923218012,5.0076775550842285,2.185485601425171,-0.45011502504348755
2395,0.05005510896444321,0.17925516764322916,-0.0674664112739265,-0.06173365,0,77.50304412841797,0.02127460017800331,5.006203651428223,2.068366050720215,-0.0689852386713028
2396,0.07741478085517883,0.17723846435546875,-0.05357207730412483,-0.04625161,0,77.5439453125,0.03198901563882828,5.0077385902404785,2.049591541290283,0.06933292746543884
2397,0.15417972207069397,0.17006429036458334,0.010423315688967705,-0.02630788,0,77.58319091796875,0.029904352501034737,5.014988899230957,1.9644653797149658,0.36023953557014465
2398,0.1961241215467453,0.16477457682291666,0.057298894971609116,-0.025949338,0,77.6212158203125,0.018444573506712914,5.0223774909973145,1.8971511125564575,0.38140520453453064
2399,0.1740317940711975,0.163848876953125,0.04054826218634844,-0.030365342,0,77.65902709960938,0.010334921069443226,5.030026912689209,1.8879858255386353,0.3908196985721588
2400,0.08624489605426788,0.16672515869140625,-0.02628595568239689,-0.054194298,0,77.69750213623047,0.015592112205922604,5.042701244354248,1.9246121644973755,0.6289979815483093
2401,0.056587789207696915,0.1693700154622396,-0.07057796698063612,-0.042204257,0,77.73658752441406,0.029707705602049828,5.058883190155029,1.9577991962432861,0.7960902452468872
2402,0.08221584558486938,0.16371663411458334,-0.05656457506120205,-0.024936218,0,77.77436828613281,0.04102062061429024,5.075485706329346,1.8945653438568115,0.8238523602485657
2403,0.13921388983726501,0.1519139607747396,0.020787715911865234,-0.03348779,0,77.8094253540039,0.03686307743191719,5.085165023803711,1.7549173831939697,0.4948311448097229
2404,0.17997461557388306,0.14153289794921875,0.09043446741998196,-0.051992748,0,77.84208679199219,0.0187761839479208,5.089832305908203,1.6282025575637817,0.25923851132392883
2405,0.15098494291305542,0.160675048828125,0.045785438269376755,-0.055475544,0,77.87916564941406,0.009619096294045448,5.087530612945557,1.8487062454223633,-0.10050459206104279
2406,0.1574898213148117,0.15974934895833334,0.026112098712474108,-0.028371628,0,77.91603088378906,-0.004396676551550627,5.084738731384277,1.8715811967849731,-0.19589805603027344
2407,0.08041230589151382,0.1622950236002604,-0.06575670326128602,-0.016126012,0,77.95348358154297,-0.01754801720380783,5.0758490562438965,1.8712222576141357,-0.422542542219162
2408,0.14883671700954437,0.16715494791666666,0.014124047011137009,-0.032442268,0,77.99205780029297,-0.014723207801580429,5.067104816436768,1.9275034666061401,-0.46013689041137695
2409,0.15809397399425507,0.16331990559895834,0.03905806690454483,-0.044284005,0,78.02974700927734,-0.006911594420671463,5.059621810913086,1.8894699811935425,-0.3789313733577728
2410,0.13241317868232727,0.1579310099283854,0.027824457501992583,-0.05334229,0,78.06619262695312,0.0013467029202729464,5.0576863288879395,1.8254314661026,-0.10365641117095947
2411,0.0701359212398529,0.15522003173828125,-0.04035404301248491,-0.044730067,0,78.10201263427734,0.009417511522769928,5.0588579177856445,1.7967185974121094,0.05465942621231079
2412,0.06187887489795685,0.15895589192708334,-0.06613769568502903,-0.030939316,0,78.1386947631836,0.022645050659775734,5.060207843780518,1.8389973640441895,0.049747299402952194
2413,0.10146825015544891,0.15998077392578125,-0.04135575145483017,-0.017156776,0,78.17561340332031,0.030916200950741768,5.057944297790527,1.8482927083969116,-0.12115459144115448
2414,0.14700308442115784,0.15717061360677084,0.009460467845201492,-0.019628003,0,78.21188354492188,0.02902410738170147,5.054037570953369,1.8119057416915894,-0.1931535303592682
2415,0.1027282252907753,0.1489384969075521,-0.010819938033819199,-0.03539034,0,78.24625396728516,0.03118809498846531,5.0588154792785645,1.7146782875061035,0.244235098361969
2416,0.13635697960853577,0.14156595865885416,0.008991574868559837,-0.01420055,0,78.27892303466797,0.02938978001475334,5.066218852996826,1.6322550773620605,0.3731040954589844
2417,0.15616732835769653,0.13779703776041666,0.030963458120822906,-0.012593161,0,78.31072235107422,0.02319708839058876,5.072268962860107,1.5875823497772217,0.3094983398914337
2418,0.16168828308582306,0.13597869873046875,0.032971370965242386,-0.0072617815,0,78.34210205078125,0.016602814197540283,5.077060699462891,1.566422462463379,0.24659861624240875
2419,0.1480027288198471,0.1348876953125,0.023600454442203045,-0.010485422,0,78.37322998046875,0.011882723309099674,5.081155776977539,1.5549932718276978,0.20980553328990936
2420,0.13607142865657806,0.13363138834635416,0.01385470386594534,-0.011414658,0,78.40406799316406,0.009111782535910606,5.084741115570068,1.540795922279358,0.1824623942375183
2421,0.13135506212711334,0.13092041015625,0.010637848172336817,-0.010203191,0,78.43428039550781,0.006984212901443243,5.087716579437256,1.5105209350585938,0.15243564546108246
2422,0.052471090108156204,0.1404749552408854,-0.04336057463660836,-0.044643294,0,78.4666976928711,0.015656327828764915,5.092777729034424,1.6258320808410645,0.24805502593517303
2423,0.003960862755775452,0.13852437337239584,-0.08148645050823689,-0.05307706,0,78.49866485595703,0.03195361793041229,5.102818489074707,1.6057795286178589,0.4904162883758545
2424,0.08399630337953568,0.12368011474609375,0.013551227748394012,-0.053235047,0,78.52720642089844,0.02924337238073349,5.108240127563477,1.4302703142166138,0.28017106652259827
2425,0.16374759376049042,0.11736551920572917,0.10069114621728659,-0.054309066,0,78.55429077148438,0.009105143137276173,5.112410068511963,1.3499531745910645,0.2325659543275833
2426,0.05613686889410019,0.11759694417317708,-0.04180977586656809,-0.019650303,0,78.58142852783203,-0.01746709831058979,5.115097522735596,1.3497658967971802,0.16309216618537903
2427,0.016503699123859406,0.1257960001627604,-0.07233991287648678,-0.036952388,0,78.61045837402344,-0.031935080885887146,5.120420455932617,1.4479634761810303,0.28210434317588806
2428,0.06037336587905884,0.12662251790364584,-0.012965891510248184,-0.05328326,0,78.63967895507812,-0.03452825918793678,5.126317977905273,1.4629007577896118,0.30045977234840393
2429,0.10257436335086823,0.12860616048177084,0.009453650563955307,-0.03548545,0,78.66935729980469,-0.03263752907514572,5.128281593322754,1.4852356910705566,0.0997522845864296
2430,0.14051684737205505,0.13935089111328125,0.068881930783391,-0.06771598,0,78.7015151977539,-0.01886114291846752,5.137098789215088,1.6118290424346924,0.428828626871109
2431,0.14746055006980896,0.14530181884765625,0.07359125418588519,-0.07143251,0,78.73504638671875,0.0041428920812904835,5.153168201446533,1.6826770305633545,0.7819641828536987
2432,0.023528240621089935,0.1366399129231771,-0.07088046288117766,-0.04223121,0,78.7665786743164,0.018318984657526016,5.171473503112793,1.582118272781372,0.9055045247077942
2433,0.07625981420278549,0.12017567952473958,0.018290295265614986,-0.062206157,0,78.7943115234375,0.014660925604403019,5.180522441864014,1.3866498470306396,0.46441546082496643
2434,0.05875471234321594,0.11587778727213542,0.020580897107720375,-0.07770397,0,78.82105255126953,0.010544746182858944,5.185413837432861,1.3343541622161865,0.2383749634027481
2435,0.09525575488805771,0.1283086140950521,0.0220331153832376,-0.05508598,0,78.85066223144531,0.006138123106211424,5.187408447265625,1.4761039018630981,0.10917071253061295
2436,0.09968473762273788,0.12923431396484375,0.018886347534134984,-0.04843592,0,78.88048553466797,0.002360853599384427,5.184738636016846,1.4860607385635376,-0.12341466546058655
2437,0.0862245038151741,0.13184611002604166,0.0028509803814813495,-0.04847259,0,78.9109115600586,0.0017906575230881572,5.176956653594971,1.5163698196411133,-0.38167211413383484
2438,0.07332946360111237,0.1716181437174479,-0.05820954276714474,-0.04007914,0,78.95051574707031,0.013432566076517105,5.173803329467773,1.981911540031433,-0.16161596775054932
2439,0.03617805242538452,0.17981719970703125,-0.12000231072306633,-0.023636835,0,78.99201202392578,0.03743302822113037,5.168845176696777,2.080914258956909,-0.2735494077205658
2440,0.03374028950929642,0.17879231770833334,-0.11286109685897827,-0.032190934,0,79.03327178955078,0.060005247592926025,5.159996032714844,2.07407808303833,-0.45941609144210815
2441,0.05034973472356796,0.1767756144205729,-0.09616225957870483,-0.03026362,0,79.07406616210938,0.07923769950866699,5.147161483764648,2.0521576404571533,-0.6537472605705261
2442,0.11463520675897598,0.16434478759765625,-0.018581971526145935,-0.031127607,0,79.11199188232422,0.08295409381389618,5.1336750984191895,1.9305427074432373,-0.6976656317710876
2443,0.08965922892093658,0.17059326171875,-0.05713731050491333,-0.023796722,0,79.15135955810547,0.09438155591487885,5.117954254150391,1.972770094871521,-0.7966630458831787
2444,0.15220597386360168,0.17251078287760416,0.013264082372188568,-0.033568893,0,79.19116973876953,0.09172873944044113,5.101241111755371,1.988254427909851,-0.8322336673736572
2445,0.16123776137828827,0.1685765584309896,0.04563409835100174,-0.052972894,0,79.23007202148438,0.08260191977024078,5.086897373199463,1.9410338401794434,-0.7076442241668701
2446,0.24270151555538177,0.1351191202799479,0.1360531896352768,-0.028470803,0,79.2612533569336,0.055391281843185425,5.0921549797058105,1.5719572305679321,0.23945198953151703
2447,0.24906452000141144,0.1259613037109375,0.13658538460731506,-0.013482173,0,79.29032135009766,0.028074204921722412,5.102518081665039,1.4455724954605103,0.532597541809082
2448,0.1568642556667328,0.12741597493489584,0.06267130374908447,-0.03322302,0,79.3197250366211,0.015539944171905518,5.111967086791992,1.4673590660095215,0.48723503947257996
2449,0.12545351684093475,0.1309534708658854,0.02108790446072817,-0.026587864,0,79.34994506835938,0.011322363279759884,5.120347023010254,1.5099979639053345,0.42438772320747375
2450,0.09593135118484497,0.13025919596354166,0.009540827013552189,-0.04386868,0,79.3800048828125,0.009414197877049446,5.132395267486572,1.5034334659576416,0.6059083938598633
2451,0.04134045168757439,0.13141632080078125,-0.058254748582839966,-0.03182112,0,79.41033172607422,0.02106514759361744,5.145503044128418,1.5204460620880127,0.6460175514221191
2452,0.033001210540533066,0.13217671712239584,-0.07933198474347591,-0.019843522,0,79.44083404541016,0.03693154454231262,5.156920433044434,1.5316150188446045,0.5586627721786499
2453,0.07430905103683472,0.1219940185546875,-0.013912208378314972,-0.03377276,0,79.46898651123047,0.039713986217975616,5.163764953613281,1.4128865003585815,0.3475099503993988
2454,0.14148029685020447,0.11303456624348958,0.09015870280563831,-0.061712973,0,79.49507141113281,0.021682245656847954,5.165126800537109,1.3019888401031494,0.09848780930042267
2455,0.17314231395721436,0.12622578938802084,0.08530360413715243,-0.038387083,0,79.52420043945312,0.004621524829417467,5.161157131195068,1.459363579750061,-0.17141161859035492
2456,0.12454158812761307,0.13994598388671875,0.012392612406983972,-0.027797008,0,79.5564956665039,0.002143002348020673,5.155993461608887,1.61770498752594,-0.24971121549606323
2457,0.08107801526784897,0.14196268717447916,-0.02630560309626162,-0.03457907,0,79.5892562866211,0.007404122967272997,5.148748874664307,1.6448019742965698,-0.35953500866889954
2458,-0.05514596402645111,0.12847391764322916,-0.12925149640068412,-0.054368384,0,79.61890411376953,0.03325442224740982,5.155716419219971,1.4965242147445679,0.33967381715774536
2459,-0.03830302879214287,0.11878712972005208,-0.11384565383195877,-0.043244503,0,79.64631652832031,0.056023553013801575,5.167381286621094,1.4023425579071045,0.5540084838867188
2460,0.003957729786634445,0.11997731526692708,-0.08003588765859604,-0.035983697,0,79.67400360107422,0.07203073054552078,5.1769843101501465,1.3897982835769653,0.4655444025993347
2461,0.08850020170211792,0.10800933837890625,0.03760349005460739,-0.057112634,0,79.69892883300781,0.0645100325345993,5.182152271270752,1.2461557388305664,0.269477516412735
2462,0.12954002618789673,0.10162862141927083,0.056285560131073,-0.028374145,0,79.72238159179688,0.053252920508384705,5.183215618133545,1.1721899509429932,0.07024969160556793
2463,0.1376475989818573,0.11234029134114583,0.057218316942453384,-0.031911008,0,79.74830627441406,0.04180925711989403,5.179093360900879,1.2969337701797485,-0.1927403211593628
2464,0.16087399423122406,0.11567942301432292,0.07885835133492947,-0.033663783,0,79.7750015258789,0.026037586852908134,5.170470714569092,1.3333739042282104,-0.4102347493171692
2465,0.17175070941448212,0.11333211263020833,0.07124368567019701,-0.012825085,0,79.80115509033203,0.011788849718868732,5.158282279968262,1.3053189516067505,-0.5917271375656128
2466,0.11098074167966843,0.09448750813802083,0.04559507709927857,-0.02910184,0,79.82295989990234,0.0026698342990130186,5.161569118499756,1.088797926902771,0.17316538095474243
2467,0.05694722384214401,0.0898590087890625,-0.004433391150087118,-0.028478393,0,79.84369659423828,0.0035565125290304422,5.170356273651123,1.036523461341858,0.4401976466178894
2468,0.02359716035425663,0.09058634440104167,-0.04275647806935012,-0.024232706,0,79.8646011352539,0.012107808142900467,5.178516387939453,1.0484530925750732,0.4009717106819153
2469,0.007965516299009323,0.0914459228515625,-0.050414055585861206,-0.03306635,0,79.88570404052734,0.022190619260072708,5.185429573059082,1.0589667558670044,0.33660033345222473
2470,0.0324176549911499,0.08559417724609375,-0.02464381977915764,-0.0285327,0,79.90545654296875,0.027119383215904236,5.1910929679870605,0.9911850690841675,0.28126707673072815
2471,0.05165455490350723,0.07848612467447917,0.0002452544867992401,-0.027076824,0,79.92356872558594,0.027070332318544388,5.195328712463379,0.9104916453361511,0.21970722079277039
2472,0.09299179166555405,0.07633717854817708,0.06537278182804585,-0.048718162,0,79.9411849975586,0.013995775952935219,5.198494911193848,0.8809973001480103,0.1772792637348175
2473,0.03962699696421623,0.06671651204427083,0.009591607376933098,-0.03668112,0,79.95658111572266,-0.0120774544775486,5.200778484344482,0.7634046673774719,0.1422071009874344
2474,-0.10761390626430511,0.058947245279947914,-0.14336582273244858,-0.023195328,0,79.97018432617188,-0.040750619024038315,5.202046871185303,0.6746878623962402,0.09688139706850052
2475,-0.11374891549348831,0.056401570638020836,-0.14339933171868324,-0.026751151,0,79.98320007324219,-0.06943048536777496,5.202833652496338,0.6453606486320496,0.0716804713010788
2476,-0.00717124342918396,0.07151031494140625,-0.0474703311920166,-0.031211227,0,79.99970245361328,-0.07892455160617828,5.206854343414307,0.8246361017227173,0.21541714668273926
2477,0.05085546150803566,0.08642069498697917,-0.014507919549942017,-0.021057311,0,80.01964569091797,-0.08182613551616669,5.210779190063477,1.0033998489379883,0.20629426836967468
2478,0.09898457676172256,0.09256998697916667,0.030214600265026093,-0.023800008,0,80.04100799560547,-0.07578321546316147,5.215096473693848,1.0730504989624023,0.21579322218894958
2479,0.12143199145793915,0.09114837646484375,0.05928020924329758,-0.028996602,0,80.06204223632812,-0.06392717361450195,5.220057964324951,1.0591446161270142,0.24331727623939514
2480,0.14557136595249176,0.08966064453125,0.07908282801508904,-0.023172107,0,80.08273315429688,-0.048110608011484146,5.224732398986816,1.0455514192581177,0.22756026685237885
2481,0.14016541838645935,0.08751169840494792,0.10348961688578129,-0.050835893,0,80.1029281616211,-0.02741268463432789,5.232310771942139,1.0162805318832397,0.36031290888786316
2482,0.1848498284816742,0.093231201171875,0.13095143774989992,-0.039332807,0,80.12444305419922,0.0012223970843479037,5.239990234375,1.0821213722229004,0.35677751898765564
2483,-0.048783689737319946,0.08751169840494792,-0.11068474093917757,-0.025610648,0,80.14463806152344,0.02335934527218342,5.245464324951172,1.017892599105835,0.25914570689201355
2484,-0.06676699221134186,0.09316507975260417,-0.12233204208314419,-0.037600033,0,80.1661376953125,0.047825753688812256,5.244106769561768,1.0864596366882324,-0.08352284133434296
2485,0.01309792697429657,0.08080037434895833,-0.011895895004272461,-0.055806555,0,80.18478393554688,0.05020493268966675,5.2350754737854,0.9375612139701843,-0.4538121521472931
2486,0.0701296254992485,0.083709716796875,0.0514025054872036,-0.0649826,0,80.2041015625,0.03992443159222603,5.226714611053467,0.9796833395957947,-0.4713093042373657
2487,0.13224264979362488,0.07927958170572917,0.07919198833405972,-0.026228923,0,80.22239685058594,0.024086033925414085,5.214139938354492,0.9159966111183167,-0.6169204115867615
2488,0.11542780697345734,0.06615447998046875,0.09539032587781549,-0.046116993,0,80.23766326904297,-0.005007968749850988,5.2128472328186035,0.754398763179779,-0.09378228336572647
2489,-0.03748948499560356,0.06830342610677083,-0.07640377851203084,-0.029389134,0,80.25342559814453,-0.020288724452257156,5.217562675476074,0.7828644514083862,0.21171562373638153
2490,0.036061182618141174,0.07455190022786458,-0.012210672721266747,-0.026280044,0,80.2706298828125,-0.022730858996510506,5.222033977508545,0.8595261573791504,0.1979379951953888
2491,0.013209786266088486,0.06810506184895833,-0.03931501880288124,-0.015580257,0,80.28634643554688,-0.030593862757086754,5.22406530380249,0.7876742482185364,0.09120788425207138
2492,-0.009561819955706596,0.0644683837890625,-0.05014187656342983,-0.023888327,0,80.30122375488281,-0.04062223806977272,5.225495338439941,0.7462547421455383,0.06509047001600266
2493,-0.009758953005075455,0.06870015462239583,-0.03676867112517357,-0.041690435,0,80.31707763671875,-0.047975972294807434,5.227258682250977,0.7906093001365662,0.07367973774671555
2494,-0.05467745661735535,0.059575398763020836,-0.0882464274764061,-0.02600643,0,80.33082580566406,-0.06562525779008865,5.228229999542236,0.6846225261688232,0.048604950308799744
2495,-0.023919086903333664,0.06873321533203125,-0.05485959351062775,-0.03779271,0,80.34668731689453,-0.0765971764922142,5.230118274688721,0.7933080792427063,0.09777360409498215
2496,0.01171460747718811,0.07435353597005208,-0.0495804101228714,-0.013058519,0,80.36384582519531,-0.08651325851678848,5.231194972991943,0.8732141852378845,0.0616254098713398
2497,0.02461297996342182,0.07071685791015625,-0.024920552968978882,-0.021183325,0,80.38016510009766,-0.09149736911058426,5.232139587402344,0.8164892196655273,0.04221013933420181
2498,0.0725371465086937,0.08278401692708333,0.010117515921592712,-0.020364389,0,80.3992691040039,-0.08947386592626572,5.2339768409729,0.9594414234161377,0.08545337617397308
2499,0.073283851146698,0.08638763427734375,0.053484924137592316,-0.0665887,0,80.41920471191406,-0.07877688109874725,5.240469455718994,1.0007116794586182,0.316864937543869
2500,0.12207753956317902,0.0902557373046875,0.09324353188276291,-0.061421733,0,80.44003295898438,-0.06012817472219467,5.250616550445557,1.0480777025222778,0.4930063784122467
2501,0.09859875589609146,0.07818857828776042,0.04864722490310669,-0.028237052,0,80.45807647705078,-0.050398729741573334,5.255625247955322,0.9070928692817688,0.24389013648033142
2502,0.04472094029188156,0.072998046875,0.0024226121604442596,-0.030699722,0,80.47492218017578,-0.04991420730948448,5.258462905883789,0.8441959619522095,0.1445464789867401
2503,0.05140388756990433,0.08175913492838542,0.00897122547030449,-0.039326474,0,80.49378967285156,-0.048119962215423584,5.259698390960693,0.947432279586792,0.06744533777236938
2504,-0.0007137022912502289,0.0714111328125,-0.04649529233574867,-0.025629543,0,80.51026916503906,-0.05741902068257332,5.25930643081665,0.8308840394020081,-0.004274424165487289
2505,-0.02491842955350876,0.06674957275390625,-0.06531378254294395,-0.02635422,0,80.52567291259766,-0.07048177719116211,5.2589826583862305,0.769040584564209,0.0016304152086377144
2506,0.015213025733828545,0.07078297932942708,-0.024906210601329803,-0.030663742,0,80.54200744628906,-0.07546301931142807,5.259207248687744,0.816921591758728,0.020973660051822662
2507,0.057762183248996735,0.0878753662109375,0.031090527772903442,-0.06120371,0,80.56228637695312,-0.06924491375684738,5.263772964477539,1.0167012214660645,0.22656625509262085
2508,0.07211983948945999,0.07865142822265625,0.007211789488792419,-0.013743377,0,80.58043670654297,-0.0678025558590889,5.2640228271484375,0.9124087691307068,0.01813252456486225
2509,0.10208883136510849,0.08413950602213542,0.030353553593158722,-0.012404225,0,80.599853515625,-0.06173184514045715,5.263514518737793,0.9722990989685059,-0.0309516079723835
2510,0.09086554497480392,0.09703318277994792,0.0721791572868824,-0.0783468,0,80.62224578857422,-0.04729601368308067,5.269186019897461,1.1233335733413696,0.27232110500335693
2511,0.06776892393827438,0.08139546712239583,0.01643998548388481,-0.030066527,0,80.64102935791016,-0.04400801658630371,5.270217418670654,0.9452998042106628,0.0571906678378582
2512,0.09061571955680847,0.0841064453125,0.03099227324128151,-0.024482992,0,80.66043853759766,-0.03780956193804741,5.269263744354248,0.9725061655044556,-0.051003772765398026
2513,0.09847261756658554,0.10288492838541667,0.07605263032019138,-0.08046494,0,80.6841812133789,-0.022599035874009132,5.27567195892334,1.1908259391784668,0.30880457162857056
2514,0.11572165042161942,0.09848785400390625,0.09208172792568803,-0.07484793,0,80.7069091796875,-0.004182690288871527,5.287347793579102,1.1422553062438965,0.5707691311836243
2515,0.045373719185590744,0.08714803059895833,-0.001921153161674738,-0.03985316,0,80.72702026367188,0.004566920921206474,5.29233980178833,1.0093767642974854,0.24964968860149384
2516,0.042504195123910904,0.08139546712239583,0.02147375009371899,-0.060365025,0,80.74580383300781,0.00027217090246267617,5.293375492095947,0.9350095391273499,0.06547299027442932
2517,0.036635443568229675,0.09418996175130208,-0.0023925148707348853,-0.055162005,0,80.76753997802734,-0.0007506738766096532,5.290383815765381,1.090185523033142,-0.11738870292901993
2518,-0.0012105107307434082,0.10582733154296875,-0.044568344310391694,-0.062469497,0,80.79196166992188,-0.009664342738687992,5.295095920562744,1.2159109115600586,0.2491799145936966
2519,-0.0087044108659029,0.10109965006510417,-0.07002087775617838,-0.039783183,0,80.81529235839844,-0.023668518289923668,5.298473358154297,1.1623338460922241,0.185379758477211
2520,-0.018285389989614487,0.09881846110026042,-0.09219166822731495,-0.024912182,0,80.83809661865234,-0.04210685193538666,5.300428867340088,1.1360416412353516,0.1195049062371254
2521,0.034154314547777176,0.10437266031901042,-0.037590526044368744,-0.032627817,0,80.8621826171875,-0.049624957144260406,5.3038787841796875,1.2031015157699585,0.18318848311901093
2522,0.09872111678123474,0.1100921630859375,0.03133172169327736,-0.042702768,0,80.88758850097656,-0.043358612805604935,5.310619354248047,1.2721995115280151,0.33356744050979614
2523,0.16357751190662384,0.11915079752604167,0.09762231260538101,-0.053195596,0,80.91508483886719,-0.023834150284528732,5.321794509887695,1.3817520141601562,0.5445778369903564
2524,0.1716666966676712,0.11829121907552083,0.11116162757389247,-0.057786148,0,80.9423828125,0.0016018247697502375,5.336898326873779,1.3721147775650024,0.7331898808479309
2525,-0.00588219054043293,0.10556284586588542,-0.08495328831486404,-0.026491748,0,80.96674346923828,0.018592482432723045,5.350027561187744,1.2243998050689697,0.6450813412666321
2526,0.055497195571660995,0.08952840169270833,0.023486576974391937,-0.057517786,0,80.9874038696289,0.013895167037844658,5.35447883605957,1.031781554222107,0.23630587756633759
2527,0.08255293220281601,0.08506520589192708,0.0495138275437057,-0.0520261,0,81.00703430175781,0.0039924015291035175,5.357167720794678,0.9869484901428223,0.0954190120100975
2528,0.03339378535747528,0.09270222981770833,-0.015185491647571325,-0.04412295,0,81.02842712402344,-0.007029499858617783,5.355665683746338,1.0642263889312744,-0.05825313925743103
2529,0.03236325830221176,0.11177825927734375,-0.029557491652667522,-0.049857512,0,81.0542221069336,-0.012940998189151287,5.352858543395996,1.2908272743225098,-0.11845400184392929
2530,0.12395977228879929,0.1499303181966146,0.032494813203811646,-0.058465354,0,81.08882141113281,-0.006442035548388958,5.355538845062256,1.7323863506317139,0.13408629596233368
2531,0.1271810084581375,0.16255950927734375,0.007790951058268547,-0.04316945,0,81.12633514404297,0.0048838453367352486,5.359365463256836,1.8811619281768799,0.1869506537914276
2532,0.09755286574363708,0.1618982950846354,-0.03352308180183172,-0.030822352,0,81.1636962890625,0.011588461697101593,5.359821319580078,1.874644160270691,0.024009114131331444
2533,0.0904669538140297,0.16252644856770834,-0.044846031814813614,-0.027213464,0,81.20120239257812,0.020557668060064316,5.356861114501953,1.8853349685668945,-0.14543516933918
2534,0.055119678378105164,0.1656010945638021,-0.0845244713127613,-0.025956945,0,81.23941802978516,0.03746256232261658,5.3516340255737305,1.9181405305862427,-0.2724550664424896
2535,0.0314357653260231,0.16573333740234375,-0.111720971763134,-0.022576598,0,81.27766418457031,0.05980675667524338,5.342979907989502,1.9207627773284912,-0.44918256998062134
2536,0.07786048948764801,0.1570714314778646,-0.04838317632675171,-0.030827768,0,81.31391143798828,0.06948339194059372,5.334105968475342,1.8165725469589233,-0.450905978679657
2537,0.12071745097637177,0.13283793131510416,0.04106083884835243,-0.053181324,0,81.34456634521484,0.06127122417092323,5.33676290512085,1.5311188697814941,0.145028218626976
2538,0.16865913569927216,0.12007649739583333,0.08247027173638344,-0.033887643,0,81.37227630615234,0.044777169823646545,5.343167781829834,1.382346272468567,0.3422015309333801
2539,0.18776479363441467,0.11442311604817708,0.09735837578773499,-0.024016697,0,81.398681640625,0.02530549466609955,5.3482890129089355,1.3182779550552368,0.2838135063648224
2540,0.17902347445487976,0.11065419514973958,0.1004928583279252,-0.03212358,0,81.4242172241211,0.005206923000514507,5.351883411407471,1.273343801498413,0.20483416318893433
2541,0.06439599394798279,0.111480712890625,-0.025717117823660374,-0.021367604,0,81.44994354248047,-0.010350346565246582,5.355345249176025,1.2825688123703003,0.19204381108283997
2542,0.061195921152830124,0.11591084798177083,-0.03990832716226578,-0.014806602,0,81.47669219970703,-0.018332011997699738,5.359245300292969,1.3355634212493896,0.20445972681045532
2543,0.10298766195774078,0.12077077229817708,-0.0018601492047309875,-0.015922962,0,81.50456237792969,-0.018704041838645935,5.363240718841553,1.392985224723816,0.20130249857902527
2544,0.13532085716724396,0.1259613037109375,0.03522352781146765,-0.025863975,0,81.53363037109375,-0.011659336276352406,5.367138862609863,1.4561740159988403,0.1907203495502472
2545,0.11725246906280518,0.12291971842447917,0.015532742254436016,-0.02119999,0,81.56199645996094,-0.008552787825465202,5.368729591369629,1.426660180091858,0.08218895643949509
2546,0.10348936915397644,0.11686960856119792,0.009620764758437872,-0.023000997,0,81.5889663696289,-0.006628634873777628,5.370567321777344,1.349726676940918,0.09159250557422638
2547,0.061239611357450485,0.1100921630859375,-0.03068943740800023,-0.018163111,0,81.61437225341797,-0.012766522355377674,5.372220039367676,1.2689814567565918,0.09044449031352997
2548,0.08428080379962921,0.12169647216796875,0.029016442131251097,-0.0664321,0,81.6424560546875,-0.006963233929127455,5.379523277282715,1.407715082168579,0.3633931577205658
2549,0.05676834285259247,0.12351481119791667,0.0011065811850130558,-0.06785305,0,81.67095947265625,0.006741917692124844,5.393005847930908,1.4301198720932007,0.6637303829193115
2550,0.016328446567058563,0.11554718017578125,-0.056736129336059093,-0.042482603,0,81.69762420654297,0.018089143559336662,5.408113956451416,1.3392287492752075,0.7508470416069031
2551,0.06882871687412262,0.10139719645182292,0.03120416309684515,-0.06377265,0,81.72102355957031,0.011848310939967632,5.413912296295166,1.16973078250885,0.30596470832824707
2552,0.07304608821868896,0.09557851155598958,0.044803095515817404,-0.067335516,0,81.74308013916016,0.0028876918368041515,5.4168314933776855,1.1051961183547974,0.12647807598114014
2553,0.06848472356796265,0.098388671875,-0.005645109340548515,-0.024258837,0,81.76578521728516,-0.004016713704913855,5.414787769317627,1.131729245185852,-0.08875514566898346
2554,0.038141053169965744,0.10824076334635417,-0.03545184852555394,-0.034647863,0,81.79076385498047,-0.011107083410024643,5.409398555755615,1.2441661357879639,-0.2569980025291443
2555,0.0681033506989479,0.1350529988606771,-0.01489934977144003,-0.0520503,0,81.82192993164062,-0.014086953364312649,5.4051432609558105,1.5591989755630493,-0.19594375789165497
2556,0.18079550564289093,0.16510518391927084,0.06488032930064946,-0.049190015,0,81.86003112792969,-0.001110887504182756,5.4051408767700195,1.9114238023757935,-0.0060216463170945644
2557,0.0886259526014328,0.16695658365885416,-0.032499610097147524,-0.04583103,0,81.8985595703125,0.007610809523612261,5.402690887451172,1.9351015090942383,-0.11950042843818665
2558,0.08808513730764389,0.1664606730143229,-0.03804060397669673,-0.040334933,0,81.93697357177734,0.015218930318951607,5.396821975708008,1.9276891946792603,-0.29455846548080444
2559,0.06792914122343063,0.1688079833984375,-0.06333020515739918,-0.03754864,0,81.9759292602539,0.027884971350431442,5.388031005859375,1.95703125,-0.4445379078388214
2560,0.020311538130044937,0.17089080810546875,-0.11328907683491707,-0.037290193,0,82.01536560058594,0.050542786717414856,5.376734256744385,1.9849761724472046,-0.5778371095657349
2561,0.1279294490814209,0.15736897786458334,0.014101341366767883,-0.043540858,0,82.05168151855469,0.04772251844406128,5.361453056335449,1.8188016414642334,-0.7656430006027222
2562,0.14638614654541016,0.15819549560546875,0.00951029360294342,-0.021319643,0,82.08818817138672,0.045820459723472595,5.342231273651123,1.8240606784820557,-0.9590478539466858
2563,0.15008163452148438,0.156707763671875,0.018875394016504288,-0.025501521,0,82.12435150146484,0.04204538092017174,5.318409442901611,1.807209849357605,-1.1872470378875732
2564,0.14522232115268707,0.13535054524739584,0.042391885071992874,-0.032520115,0,82.15558624267578,0.03356700390577316,5.319367408752441,1.5569783449172974,0.0254694614559412
2565,0.18222054839134216,0.12374623616536458,0.06912592798471451,-0.01065162,0,82.18414306640625,0.01974181830883026,5.326903343200684,1.4231667518615723,0.39185506105422974
2566,0.18018034100532532,0.12004343668619792,0.06837151944637299,-0.0082346145,0,82.21184539794922,0.006067514419555664,5.3326334953308105,1.3826416730880737,0.3043505549430847
2567,0.11834438145160675,0.11958058675130208,0.006032006349414587,-0.0072682058,0,82.23944091796875,-0.004861113149672747,5.336241245269775,1.3792088031768799,0.19586868584156036
2568,0.11020076274871826,0.12880452473958334,0.003779835533350706,-0.0223836,0,82.2691650390625,-0.0041051460430026054,5.339991092681885,1.487291693687439,0.18885160982608795
2569,0.08818924427032471,0.13396199544270834,-0.0003277440555393696,-0.045445014,0,82.30007934570312,0.004170694854110479,5.3457841873168945,1.550389051437378,0.2853347957134247
2570,0.02203284204006195,0.12939961751302084,-0.06570692406967282,-0.041659854,0,82.32994079589844,0.017312079668045044,5.353832721710205,1.4994574785232544,0.394052118062973
2571,0.10105869174003601,0.11336517333984375,0.04446009173989296,-0.05676657,0,82.3561019897461,0.008420061320066452,5.355571269989014,1.3077725172042847,0.10279659926891327
2572,0.07464976608753204,0.10797627766927083,0.008227643556892872,-0.041554153,0,82.38101959228516,-0.006774532608687878,5.351861953735352,1.2417527437210083,-0.16145044565200806
2573,0.042746465653181076,0.1382268269856771,-0.04494048189371824,-0.050539877,0,82.41291809082031,-0.015762628987431526,5.3469109535217285,1.5904704332351685,-0.2318456768989563
2574,0.072028249502182,0.15538533528645834,-0.044271890074014664,-0.039085194,0,82.44877624511719,-0.02461700700223446,5.341032981872559,1.7900943756103516,-0.2758397161960602
2575,0.20185647904872894,0.16695658365885416,0.058241370134055614,-0.023341473,0,82.4873046875,-0.012968732975423336,5.335188388824463,1.9122482538223267,-0.34800025820732117
2576,0.19312572479248047,0.16735331217447916,0.05721100606024265,-0.03143859,0,82.52592468261719,-0.0015265317633748055,5.3246965408325195,1.9386886358261108,-0.5313838720321655
2577,0.0644509494304657,0.1605097452799479,-0.05832269322127104,-0.037736107,0,82.5629653930664,0.013191070407629013,5.315642356872559,1.8580477237701416,-0.45834964513778687
2578,0.02441815286874771,0.1574681599934896,-0.07762270048260689,-0.055427305,0,82.59930419921875,0.02871561050415039,5.310872554779053,1.8233815431594849,-0.24020184576511383
2579,0.10651101171970367,0.15538533528645834,-0.015788543969392776,-0.03308578,0,82.63516235351562,0.031873319298028946,5.302138328552246,1.7968169450759888,-0.435444176197052
2580,0.19151636958122253,0.1503270467122396,0.0756453350186348,-0.03445601,0,82.66985321044922,0.016744252294301987,5.291522979736328,1.7449493408203125,-0.5361108183860779
2581,0.17257551848888397,0.13776397705078125,0.07104840013198555,-0.036236856,0,82.70164489746094,-0.0025345722679048777,5.295881748199463,1.5861871242523193,0.20492495596408844
2582,0.040177494287490845,0.1336644490559896,-0.0717710133176297,-0.02171594,0,82.73249053955078,-0.016888774931430817,5.303832530975342,1.5383949279785156,0.4129125773906708
2583,0.0869041457772255,0.13459014892578125,-0.024592066183686256,-0.02309394,0,82.7635498046875,-0.021807188168168068,5.310868263244629,1.5513042211532593,0.3577843904495239
2584,0.10308776795864105,0.1338628133138021,-0.019433535635471344,-0.011341514,0,82.79444122314453,-0.025693895295262337,5.316582202911377,1.5439064502716064,0.2901535928249359
2585,0.11032664030790329,0.13601175944010416,0.016560247167944908,-0.042245366,0,82.8258285522461,-0.022381845861673355,5.325753211975098,1.570235252380371,0.45575225353240967
2586,0.17994461953639984,0.13878885904947916,0.06348556373268366,-0.02232981,0,82.85785675048828,-0.009684733115136623,5.334634780883789,1.6047648191452026,0.4321017861366272
2587,0.15931306779384613,0.13637542724609375,0.03139937296509743,-0.008461734,0,82.88932800292969,0.003404858522117138,5.340341567993164,1.5791798830032349,0.2759561836719513
2588,0.09842046350240707,0.12645721435546875,-0.0010479893535375595,-0.026988769,0,82.91851043701172,0.00361445639282465,5.340583324432373,1.4623509645462036,0.017039388418197632
2589,0.04182878136634827,0.1221923828125,-0.03376960288733244,-0.046594,0,82.94670867919922,-0.010368376970291138,5.336198329925537,1.406956672668457,-0.20052798092365265
2590,0.03628161549568176,0.13736724853515625,-0.05843871273100376,-0.042646922,0,82.97840881347656,-0.02205611951649189,5.326928615570068,1.581839919090271,-0.4454362690448761
2591,0.04734431952238083,0.14308675130208334,-0.06514566950500011,-0.030596763,0,83.01142883300781,-0.03508525341749191,5.314183235168457,1.6494884490966797,-0.615653932094574
2592,0.17097784578800201,0.1536992390950521,0.035878242924809456,-0.018599633,0,83.0468978881836,-0.02790960483253002,5.301201343536377,1.7659316062927246,-0.6907620429992676
2593,0.08271920680999756,0.1441777547200521,-0.031085172668099403,-0.030373372,0,83.08016967773438,-0.0341266393661499,5.287848949432373,1.6833431720733643,-0.68490070104599
2594,0.12213245034217834,0.14450836181640625,0.03135371021926403,-0.053729624,0,83.11351776123047,-0.027855897322297096,5.278351783752441,1.6685878038406372,-0.47563672065734863
2595,0.15800586342811584,0.14487202962239584,0.05306404083967209,-0.03993021,0,83.1469497680664,-0.01724308915436268,5.270837783813477,1.6744745969772339,-0.38602450489997864
2596,0.08354483544826508,0.12668863932291666,-0.012221289798617363,-0.030922513,0,83.17618560791016,-0.01968734711408615,5.275998592376709,1.4614299535751343,0.25931066274642944
2597,0.08360596746206284,0.11984507242838542,-0.026137353852391243,-0.0101017505,0,83.20384216308594,-0.0249148178845644,5.2842206954956055,1.3806979656219482,0.4175134003162384
2598,0.08745449036359787,0.11700185139973958,-0.019383225589990616,-0.010164135,0,83.23084259033203,-0.028791463002562523,5.2910566329956055,1.3490854501724243,0.34644466638565063
2599,0.08905749022960663,0.1140594482421875,-0.017647510394454002,-0.007354449,0,83.25716400146484,-0.03232096508145332,5.296518802642822,1.3155486583709717,0.27760323882102966
2600,0.14707502722740173,0.12192789713541667,0.051375264301896095,-0.026228124,0,83.2853012084961,-0.022045912221074104,5.302952766418457,1.4106065034866333,0.31327199935913086
2601,0.16535460948944092,0.12123362223307292,0.08049274096265435,-0.036371745,0,83.31327819824219,-0.005947364028543234,5.311059951782227,1.4053407907485962,0.38987207412719727
2602,0.10572364926338196,0.11620839436848958,0.005730490665882826,-0.016215231,0,83.34009552001953,0.004801265895366669,5.316169261932373,1.346766710281372,0.24854174256324768
2603,0.08281999826431274,0.10625712076822917,0.007897269679233432,-0.03133439,0,83.36461639404297,0.0032218119595199823,5.315983772277832,1.2306475639343262,0.00020949746249243617
2604,0.01599188894033432,0.1073150634765625,-0.040840733563527465,-0.050482444,0,83.3893814086914,-0.011389958672225475,5.310086727142334,1.234814167022705,-0.27603739500045776
2605,0.009661577641963959,0.1353174845377604,-0.08370488416403532,-0.041951023,0,83.42060852050781,-0.02813093550503254,5.304461479187012,1.557181477546692,-0.2583909034729004
2606,0.11895481497049332,0.14632670084635416,-0.003816811367869377,-0.023555076,0,83.45437622070312,-0.028894297778606415,5.297423362731934,1.6923770904541016,-0.3450654447078705
2607,0.1771889477968216,0.15069071451822916,0.06093163974583149,-0.034433406,0,83.48915100097656,-0.016707969829440117,5.290153503417969,1.745798110961914,-0.36791831254959106
2608,0.11107730120420456,0.13680521647135416,0.025287820026278496,-0.051015742,0,83.52072143554688,-0.011650405824184418,5.28818941116333,1.6307438611984253,-0.13963529467582703
2609,0.1567588746547699,0.1412022908528646,0.05000620789360255,-0.03444962,0,83.55330657958984,-0.0016491642454639077,5.2862396240234375,1.6333988904953003,-0.10594493895769119
2610,0.09548099339008331,0.14077250162760416,-0.014695391873829067,-0.030596118,0,83.5857925415039,-0.004588242620229721,5.279363632202148,1.6239761114120483,-0.3449648320674896
2611,0.0196033027023077,0.13518524169921875,-0.08761615492403507,-0.027965786,0,83.61698913574219,-0.022111473605036736,5.2696943283081055,1.5550280809402466,-0.4704093635082245
2612,0.013069100677967072,0.13697052001953125,-0.10038779117166996,-0.02351363,0,83.64859771728516,-0.04218903183937073,5.258706092834473,1.5757060050964355,-0.5285981297492981
2613,0.01988374814391136,0.1396153767903646,-0.06856748834252357,-0.05116414,0,83.68081665039062,-0.05590252950787544,5.249666690826416,1.6083210706710815,-0.43769770860671997
2614,0.07810008525848389,0.1323420206705729,-0.021180864423513412,-0.033061072,0,83.71135711669922,-0.060138702392578125,5.253154754638672,1.526141881942749,0.17793315649032593
2615,0.1216745674610138,0.1315155029296875,0.01649070531129837,-0.026331633,0,83.74170684814453,-0.05684056133031845,5.260161399841309,1.5174003839492798,0.34829387068748474
2616,0.15482360124588013,0.1347223917643229,0.06396807730197906,-0.043866877,0,83.77279663085938,-0.04404694586992264,5.270832061767578,1.557478904724121,0.5211736559867859
2617,0.224491149187088,0.13640848795572916,0.10967635549604893,-0.021593684,0,83.80427551269531,-0.022111674770712852,5.280930995941162,1.5806922912597656,0.48591721057891846
2618,0.18730860948562622,0.1319122314453125,0.07424145238474011,-0.018845089,0,83.834716796875,-0.00726338429376483,5.285106658935547,1.5290584564208984,0.19858327507972717
2619,0.017833568155765533,0.12166341145833333,-0.04076712531968951,-0.06306272,0,83.86279296875,-0.015416809357702732,5.2851948738098145,1.4116106033325195,0.0024484116584062576
2620,0.015333838760852814,0.12764739990234375,-0.07153423968702555,-0.040779322,0,83.89225006103516,-0.02972365729510784,5.279127597808838,1.4789214134216309,-0.2787835896015167
2621,0.03294016420841217,0.12784576416015625,-0.07513859309256077,-0.019767009,0,83.9217529296875,-0.044751375913619995,5.268797397613525,1.4732266664505005,-0.4953165352344513
2622,0.07514513283967972,0.12979634602864584,-0.041296686977148056,-0.013354523,0,83.95170593261719,-0.053010713309049606,5.260865688323975,1.5092183351516724,-0.4173663258552551
2623,0.10107487440109253,0.13640848795572916,0.003100018948316574,-0.03843363,0,83.98318481445312,-0.05239070951938629,5.251915454864502,1.5711956024169922,-0.4462069272994995
2624,0.1359376460313797,0.13379669189453125,0.059335511177778244,-0.05719456,0,84.0140609741211,-0.04052360728383064,5.247879981994629,1.5475091934204102,-0.21003223955631256
2625,0.13769292831420898,0.13601175944010416,0.027420222759246826,-0.025739057,0,84.04544830322266,-0.03503956273198128,5.239894866943359,1.569401502609253,-0.4078822135925293
2626,0.08011546730995178,0.13220977783203125,-0.027751382440328598,-0.024342928,0,84.07595825195312,-0.040589839220047,5.229556560516357,1.523789882659912,-0.5116842985153198
2627,0.04952790215611458,0.134490966796875,-0.04357192665338516,-0.041391138,0,84.10699462890625,-0.04930422455072403,5.220756530761719,1.5464571714401245,-0.42896509170532227
2628,0.033401720225811005,0.135284423828125,-0.028773806989192963,-0.0731089,0,84.13821411132812,-0.05505898594856262,5.216235637664795,1.5591797828674316,-0.19249500334262848
2629,0.07481290400028229,0.13125101725260416,-0.03206700086593628,-0.024371112,0,84.16850280761719,-0.06147238612174988,5.219627857208252,1.5124526023864746,0.1763298362493515
2630,0.10932400822639465,0.1324742635091146,0.0060119107365608215,-0.029162165,0,84.1990737915039,-0.060270003974437714,5.224793434143066,1.5282998085021973,0.25829777121543884
2631,0.15050232410430908,0.1334991455078125,0.03520594909787178,-0.018202769,0,84.2298812866211,-0.05322881415486336,5.228912830352783,1.541908621788025,0.19980449974536896
2632,0.15156356990337372,0.1374994913736979,0.06467167288064957,-0.05060759,0,84.26161193847656,-0.040294479578733444,5.2380170822143555,1.5890923738479614,0.4433407187461853
2633,0.17732375860214233,0.13554890950520834,0.06533144973218441,-0.023556603,0,84.29289245605469,-0.027228189632296562,5.246702194213867,1.5691100358963013,0.42436692118644714
2634,0.02609097957611084,0.11875406901041667,-0.04331725649535656,-0.049345836,0,84.32029724121094,-0.035891640931367874,5.249319076538086,1.371417760848999,0.14666619896888733
2635,-0.02413703314960003,0.11591084798177083,-0.09706038981676102,-0.042987492,0,84.3470458984375,-0.05530371889472008,5.247304439544678,1.333510160446167,-0.07448828220367432
2636,0.029327258467674255,0.14073944091796875,-0.06995311006903648,-0.04145907,0,84.37952423095703,-0.06929434090852737,5.241962909698486,1.6213163137435913,-0.24597448110580444
2637,0.11222602427005768,0.14946746826171875,-0.0034986063838005066,-0.033742834,0,84.41401672363281,-0.06999406218528748,5.232686996459961,1.728918194770813,-0.45514217019081116
2638,0.15622171759605408,0.15164947509765625,0.0440157949924469,-0.039443556,0,84.44901275634766,-0.061190903186798096,5.224525451660156,1.7601985931396484,-0.4067630171775818
2639,0.10810622572898865,0.1437810262044271,0.03208247944712639,-0.06775728,0,84.48219299316406,-0.05477440729737282,5.224898815155029,1.6692445278167725,0.015952400863170624
2640,0.15841230750083923,0.1443761189778646,0.05943315103650093,-0.04539696,0,84.51551055908203,-0.04288777709007263,5.229454517364502,1.6713799238204956,0.2188788801431656
2641,0.16213016211986542,0.1451695760091146,0.033152736723423004,-0.016192155,0,84.54901123046875,-0.03625722974538803,5.230986595153809,1.680113673210144,0.06525342911481857
2642,0.11007390171289444,0.1386896769205729,-0.01112101599574089,-0.01749476,0,84.58101654052734,-0.03848143294453621,5.235340118408203,1.5995681285858154,0.21894343197345734
2643,0.11256921291351318,0.1354497273763021,-0.016125142574310303,-0.0067553706,0,84.61227416992188,-0.04170646145939827,5.240670680999756,1.5611827373504639,0.26991403102874756
2644,0.11705312877893448,0.13323465983072916,-0.006741099059581757,-0.009440429,0,84.64302062988281,-0.04305468127131462,5.245302677154541,1.5367351770401,0.23338459432125092
2645,0.12378038465976715,0.1320775349934896,-0.0022725388407707214,-0.0060246107,0,84.67350006103516,-0.043509189039468765,5.249085426330566,1.5237133502960205,0.18985609710216522
2646,0.11340375989675522,0.13574727376302084,0.02889225259423256,-0.051235773,0,84.70482635498047,-0.03773073852062225,5.257976531982422,1.5680428743362427,0.43989017605781555
2647,0.11006966233253479,0.1283747355143229,0.0010623782873153687,-0.01936746,0,84.73445129394531,-0.03751826286315918,5.261423587799072,1.4837532043457031,0.17367731034755707
2648,0.02820718288421631,0.11878712972005208,-0.06561607122421265,-0.024963874,0,84.7618637084961,-0.05064147710800171,5.260692119598389,1.3695484399795532,-0.019364168867468834
2649,0.07602202892303467,0.13092041015625,-0.027436986565589905,-0.027461391,0,84.79207611083984,-0.05612887442111969,5.25568151473999,1.5117117166519165,-0.24052998423576355
2650,0.1100931316614151,0.13756561279296875,-0.003089793026447296,-0.0243827,0,84.82382202148438,-0.05674683302640915,5.245684623718262,1.5991253852844238,-0.4910973012447357
2651,0.1387738436460495,0.1398798624674479,0.023500733077526093,-0.024606753,0,84.8561019897461,-0.05204668641090393,5.232637405395508,1.6211360692977905,-0.6515359282493591
2652,0.11050055921077728,0.1299285888671875,0.03198565915226936,-0.05141369,0,84.8860855102539,-0.04564955458045006,5.235105037689209,1.5205862522125244,0.1085221990942955
2653,0.14371296763420105,0.1342926025390625,0.06109219044446945,-0.051671825,0,84.91707611083984,-0.03343111649155617,5.242271423339844,1.5527838468551636,0.34712234139442444
2654,0.17063990235328674,0.1348876953125,0.06203407421708107,-0.026281863,0,84.94820404052734,-0.021024301648139954,5.248502731323242,1.5605231523513794,0.3009146749973297
2655,0.11118622869253159,0.12503560384114584,0.006151050329208374,-0.02000042,0,84.97705841064453,-0.01979409158229828,5.250149250030518,1.4496641159057617,0.08103968948125839
2656,0.005689594894647598,0.11505126953125,-0.07221046835184097,-0.037151206,0,85.00360870361328,-0.03423618525266647,5.246742248535156,1.3259692192077637,-0.15032890439033508
2657,-0.029256030917167664,0.11095174153645833,-0.09534267708659172,-0.044865094,0,85.02921295166016,-0.05330472066998482,5.2381062507629395,1.276898980140686,-0.40461981296539307
2658,0.03272613510489464,0.1509221394856771,-0.061344485729932785,-0.056851517,0,85.06404113769531,-0.06557361781597137,5.229335308074951,1.7380683422088623,-0.41950133442878723
2659,0.1595715582370758,0.16517130533854166,0.019941553473472595,-0.025541302,0,85.10215759277344,-0.061585307121276855,5.219566822052002,1.911299705505371,-0.48511049151420593
2660,0.1635545790195465,0.16451009114583334,0.044452399015426636,-0.0454079,0,85.14012145996094,-0.05269482731819153,5.209488868713379,1.9074937105178833,-0.501981794834137
2661,0.09623610973358154,0.1562779744466146,0.014990493655204773,-0.07503235,0,85.17618560791016,-0.049696728587150574,5.206634521484375,1.7944152355194092,-0.11902941763401031
2662,0.11340946704149246,0.1546910603841146,-0.018368083983659744,-0.022913508,0,85.21188354492188,-0.05337034538388252,5.203521251678467,1.7838820219039917,-0.15137979388237
2663,0.08015172183513641,0.1468226114908854,-0.0375811941921711,-0.029089693,0,85.24576568603516,-0.06088658422231674,5.208947658538818,1.6920276880264282,0.27877745032310486
2664,0.1050386056303978,0.14649200439453125,-0.00574672594666481,-0.035706677,0,85.27957153320312,-0.062035929411649704,5.216855049133301,1.689324140548706,0.3979194164276123
2665,0.13868451118469238,0.1489715576171875,0.04309680312871933,-0.053383857,0,85.31394958496094,-0.05341656878590584,5.229757785797119,1.7202215194702148,0.6371658444404602
2666,0.2254391461610794,0.15287272135416666,0.11367066763341427,-0.04110424,0,85.34922790527344,-0.030682435259222984,5.244935989379883,1.769287347793579,0.7374428510665894
2667,0.24927358329296112,0.1505584716796875,0.11532848002389073,-0.016613383,0,85.38397216796875,-0.007616739254444838,5.258022308349609,1.7452502250671387,0.635692298412323
2668,0.12079206854104996,0.1396484375,0.02510563819669187,-0.04396201,0,85.41619873046875,-0.0025956116151064634,5.26270866394043,1.6156928539276123,0.2361571341753006
2669,0.003290228545665741,0.13144938151041666,-0.061796471709385514,-0.06636268,0,85.446533203125,-0.014954905956983566,5.265917778015137,1.5356051921844482,0.11729693412780762
2670,0.03483733907341957,0.1406733194986979,-0.06866961717605591,-0.03716636,0,85.47899627685547,-0.028688829392194748,5.263472080230713,1.6209135055541992,-0.1061185970902443
2671,0.047384534031152725,0.1464258829752604,-0.07196735590696335,-0.02707399,0,85.51278686523438,-0.04308230057358742,5.2566304206848145,1.6868304014205933,-0.3214118480682373
2672,0.18934710323810577,0.1581293741861979,0.04593942314386368,-0.014721697,0,85.54927825927734,-0.03389441594481468,5.250544548034668,1.7976418733596802,-0.39341846108436584
2673,0.09342831373214722,0.14831034342447916,-0.025318432599306107,-0.029563595,0,85.58350372314453,-0.0389581024646759,5.242833137512207,1.7175254821777344,-0.38728177547454834
2674,0.14896374940872192,0.1519139607747396,0.0321861170232296,-0.03513632,0,85.61856079101562,-0.032520879060029984,5.234249114990234,1.754636287689209,-0.43546223640441895
2675,0.17822223901748657,0.1509552001953125,0.06829000078141689,-0.04102295,0,85.65339660644531,-0.018862878903746605,5.2288312911987305,1.745683193206787,-0.2843378186225891
2676,0.20787008106708527,0.1507568359375,0.09277231496525928,-0.03565907,0,85.68818664550781,-0.00030841591069474816,5.223808288574219,1.7453770637512207,-0.2688300311565399
2677,0.09001421928405762,0.153533935546875,-0.031099058396648616,-0.032420654,0,85.72361755371094,0.006528227590024471,5.21435546875,1.7723528146743774,-0.48453325033187866
2678,0.1141236424446106,0.14626057942708334,0.004092731978744268,-0.036229666,0,85.75736999511719,-0.005709681194275618,5.203128814697266,1.6926015615463257,-0.5798507332801819
2679,0.04077863320708275,0.14930216471354166,-0.0776099250651896,-0.03091361,0,85.79182434082031,-0.021231666207313538,5.191524028778076,1.7182844877243042,-0.563943088054657
2680,-0.0052398815751075745,0.1394170125325521,-0.09372849017381668,-0.050928403,0,85.8239974975586,-0.039977364242076874,5.194225311279297,1.598846435546875,0.16655784845352173
2681,0.0639045387506485,0.13816070556640625,-0.030199550092220306,-0.044056613,0,85.85588073730469,-0.046017274260520935,5.202381134033203,1.5920920372009277,0.41591158509254456
2682,0.1326218545436859,0.1408055623372396,0.02560073509812355,-0.03378445,0,85.88837432861328,-0.040897127240896225,5.2103657722473145,1.6260119676589966,0.3952866494655609
2683,0.15785270929336548,0.14315287272135416,0.06313152611255646,-0.0484317,0,85.9214096069336,-0.028270822018384933,5.222585678100586,1.6544127464294434,0.5994096398353577
2684,0.22068150341510773,0.14599609375,0.10263641830533743,-0.027950997,0,85.9551010131836,-0.007743538357317448,5.235588550567627,1.689525842666626,0.6309525370597839
2685,0.14922136068344116,0.13455708821614584,0.037200933147687465,-0.022536658,0,85.98615264892578,-0.00030335172777995467,5.244936943054199,1.5603127479553223,0.46755191683769226
2686,0.04561938717961311,0.12315114339192708,-0.031729564361739904,-0.045802195,0,86.01457214355469,-0.006649264600127935,5.247404098510742,1.4241076707839966,0.1419346034526825
2687,-0.012924786657094955,0.12410990397135417,-0.08375994162634015,-0.05327475,0,86.043212890625,-0.023401252925395966,5.245821475982666,1.4273301362991333,-0.05550523102283478
2688,0.025040611624717712,0.13776397705078125,-0.07914086803793907,-0.033582497,0,86.07500457763672,-0.03922942653298378,5.239597320556641,1.5911002159118652,-0.2848815619945526
2689,0.132670596241951,0.1517155965169271,0.005658045411109924,-0.024703037,0,86.11001586914062,-0.038097817450761795,5.232246398925781,1.7555426359176636,-0.36293381452560425
2690,0.15841954946517944,0.15379842122395834,0.04177314229309559,-0.037152015,0,86.1455078125,-0.029743188992142677,5.223065376281738,1.7818700075149536,-0.46022331714630127
2691,0.07360181212425232,0.1442108154296875,-0.018532248213887215,-0.052076757,0,86.17878723144531,-0.03344963863492012,5.217284202575684,1.6653813123703003,-0.2822994291782379
2692,0.09976255148649216,0.1447728474934896,-0.02136722207069397,-0.023643078,0,86.21219635009766,-0.037723083049058914,5.210811138153076,1.6699467897415161,-0.31805044412612915
2693,0.12569701671600342,0.14569854736328125,0.004944298416376114,-0.024945818,0,86.24581909179688,-0.03673422336578369,5.203590393066406,1.6815381050109863,-0.36146214604377747
2694,0.12545934319496155,0.13832600911458334,0.029819346964359283,-0.042686023,0,86.27774047851562,-0.030770353972911835,5.209347724914551,1.597663402557373,0.2810797691345215
2695,0.16027522087097168,0.13359832763671875,0.031850095838308334,-0.005173213,0,86.3085708618164,-0.024400334805250168,5.21714973449707,1.5427227020263672,0.3847028315067291
2696,0.12369629740715027,0.12708536783854166,0.008714627474546432,-0.012103688,0,86.33789825439453,-0.02265740931034088,5.2230353355407715,1.4691413640975952,0.2962699234485626
2697,0.08410950005054474,0.12685394287109375,-0.023128250613808632,-0.019616194,0,86.36717224121094,-0.027283059433102608,5.2273640632629395,1.4649090766906738,0.22431212663650513
2698,0.09345728158950806,0.1269861857096354,-0.024833912029862404,-0.00869499,0,86.39647674560547,-0.03224984183907509,5.231320381164551,1.469833493232727,0.20297324657440186
2699,0.09844503551721573,0.1263249715169271,-0.020111091434955597,-0.00776885,0,86.42562866210938,-0.03627206012606621,5.23484468460083,1.4570690393447876,0.18118199706077576
2700,0.11234826594591141,0.12649027506510416,0.00041052699089050293,-0.014552542,0,86.45481872558594,-0.03618995472788811,5.238139629364014,1.4601185321807861,0.16598927974700928
2701,0.13100633025169373,0.1259282430013021,0.019434131681919098,-0.014356039,0,86.48387908935547,-0.03230312839150429,5.241082668304443,1.45421302318573,0.14416660368442535
2702,0.13516177237033844,0.123382568359375,0.020374488085508347,-0.008595289,0,86.5123519897461,-0.02822823077440262,5.243360996246338,1.4253785610198975,0.11149024963378906
2703,0.11218693852424622,0.12781270345052084,0.040870942175388336,-0.05649671,0,86.5418472290039,-0.02005404233932495,5.250270366668701,1.4772261381149292,0.33844658732414246
2704,0.11441856622695923,0.1265233357747396,0.024133315309882164,-0.036238093,0,86.571044921875,-0.015227379277348518,5.257858753204346,1.4625110626220703,0.3767273426055908
2705,0.05997145175933838,0.11759694417317708,-0.03460802137851715,-0.023017475,0,86.59818267822266,-0.02214898355305195,5.260310649871826,1.3584563732147217,0.13412871956825256
2706,-0.038868777453899384,0.1061248779296875,-0.09289051406085491,-0.05210314,0,86.62267303466797,-0.04072708636522293,5.257223606109619,1.2218846082687378,-0.1282031536102295
2707,-0.02587316371500492,0.10615793863932292,-0.08490102365612984,-0.047130078,0,86.64717102050781,-0.0577072910964489,5.248865604400635,1.2208406925201416,-0.3928547203540802
2708,-0.003092721104621887,0.11650594075520833,-0.07206926122307777,-0.0475294,0,86.67405700683594,-0.07212114334106445,5.235980033874512,1.3405940532684326,-0.6222648024559021
2709,0.07722639292478561,0.1591211954752604,-0.04892624914646149,-0.03296855,0,86.71077728271484,-0.08190639317035675,5.227445602416992,1.8405786752700806,-0.40823718905448914
2710,0.1780339628458023,0.1683781941731771,0.03523971885442734,-0.025583949,0,86.7496337890625,-0.07485844939947128,5.218438625335693,1.92946457862854,-0.49360692501068115
2711,0.17626595497131348,0.1689732869466146,0.049123167991638184,-0.04183049,0,86.78862762451172,-0.06503381580114365,5.2073187828063965,1.9572445154190063,-0.5596028566360474
2712,0.15466004610061646,0.14923604329427084,0.062113646417856216,-0.056689657,0,86.82306671142578,-0.0526110865175724,5.2147016525268555,1.7245736122131348,0.3605576455593109
2713,0.22731877863407135,0.14963277180989584,0.11763786897063255,-0.039951872,0,86.85759735107422,-0.029083512723445892,5.226615905761719,1.7319238185882568,0.5740494728088379
2714,0.266410231590271,0.15029398600260416,0.13851194409653544,-0.022395695,0,86.89228057861328,0.0013811239041388035,5.2380499839782715,1.7442258596420288,0.5445412397384644
2715,0.026248116046190262,0.13958231608072916,-0.07638741051778197,-0.036946792,0,86.92449188232422,0.016658606007695198,5.241768836975098,1.6253993511199951,0.18903444707393646
2716,0.0918123796582222,0.12887064615885416,0.03712282981723547,-0.0741811,0,86.95423126220703,0.009234040044248104,5.243438243865967,1.5181212425231934,0.017306163907051086
2717,0.13851545751094818,0.1406733194986979,0.04440969612915069,-0.04656756,0,86.9866943359375,-0.00035210081841796637,5.238597393035889,1.6260905265808105,-0.22458133101463318
2718,0.08230509608983994,0.15379842122395834,-0.04593390796799213,-0.025559416,0,87.02218627929688,0.009538882412016392,5.232275009155273,1.7830511331558228,-0.3235054910182953
2719,0.0475996732711792,0.1486078898111979,-0.07074886467307806,-0.030259347,0,87.05648040771484,0.023688655346632004,5.226245403289795,1.7199945449829102,-0.31209680438041687
2720,0.07344676554203033,0.1536992390950521,-0.03911606967449188,-0.041136403,0,87.09194946289062,0.03151186928153038,5.2177815437316895,1.7745591402053833,-0.4281644821166992
2721,0.05430642142891884,0.1507898966471354,-0.06122751161456108,-0.035255965,0,87.12674713134766,0.043757371604442596,5.209963321685791,1.7440149784088135,-0.4014139771461487
2722,0.13377347588539124,0.1341272989908854,0.04296509549021721,-0.043318905,0,87.15769958496094,0.035164352506399155,5.214214324951172,1.5475105047225952,0.21966740489006042
2723,0.189287006855011,0.1291681925455729,0.0846431776881218,-0.02452436,0,87.18750762939453,0.018235716968774796,5.221041679382324,1.4878766536712646,0.36238914728164673
2724,0.18112148344516754,0.1255315144856771,0.08324015361722559,-0.027650177,0,87.21647644042969,0.001587686245329678,5.22774600982666,1.4461054801940918,0.35502859950065613
2725,0.07507384568452835,0.1259943644205729,-0.032089691958390176,-0.018830827,0,87.24555206298828,-0.008005624637007713,5.232756614685059,1.4514843225479126,0.2611580491065979
2726,0.08422308415174484,0.12774658203125,-0.027995784766972065,-0.015527708,0,87.27503204345703,-0.013604781590402126,5.237061977386475,1.4724676609039307,0.22130514681339264
2727,0.07005733251571655,0.12943267822265625,-0.010604462586343288,-0.048770882,0,87.30490112304688,-0.015725674107670784,5.245543956756592,1.4939473867416382,0.4280160367488861
2728,0.14440390467643738,0.1299616495768229,0.051208045333623886,-0.03676579,0,87.33489227294922,-0.005484065040946007,5.255997657775879,1.5059401988983154,0.5172845125198364
2729,0.05188596993684769,0.11726633707682292,-0.029661222361028194,-0.03571914,0,87.36195373535156,-0.011416309513151646,5.2605204582214355,1.3562021255493164,0.23988133668899536
2730,-0.014197979122400284,0.11105092366536458,-0.08411139715462923,-0.041137505,0,87.38758087158203,-0.028238588944077492,5.259907245635986,1.278684377670288,-0.005924355238676071
2731,0.03326556459069252,0.124176025390625,-0.05524865351617336,-0.035661805,0,87.4162368774414,-0.039288319647312164,5.253256320953369,1.4408611059188843,-0.3026556670665741
2732,0.11427982896566391,0.13660685221354166,0.012609511613845825,-0.03493654,0,87.44776153564453,-0.036766417324543,5.241852283477783,1.5802885293960571,-0.5661017298698425
2733,0.16794012486934662,0.13885498046875,0.059224385768175125,-0.030139232,0,87.47980499267578,-0.024921540170907974,5.230147361755371,1.6101839542388916,-0.5906279683113098
2734,0.18700894713401794,0.1394170125325521,0.08409983944147825,-0.036507897,0,87.51197814941406,-0.008101572282612324,5.217667579650879,1.6192436218261719,-0.6297459602355957
2735,0.08738196641206741,0.12761433919270834,0.02887831535190344,-0.069110684,0,87.54142761230469,0.002325909212231636,5.212618350982666,1.514259696006775,-0.27655667066574097
2736,0.04375753551721573,0.11974589029947917,-0.04185676109045744,-0.034131594,0,87.56906127929688,0.010697261430323124,5.218056678771973,1.3908908367156982,0.24229282140731812
2737,0.09039811044931412,0.11630757649739583,0.006716172210872173,-0.032625638,0,87.59590148925781,0.00935402698814869,5.22498893737793,1.3444020748138428,0.32422423362731934
2738,0.10303128510713577,0.10876973470052083,0.02461095340549946,-0.030349396,0,87.62100219726562,-0.004431836307048798,5.228539943695068,1.2512208223342896,0.19224955141544342
2739,-0.000556006096303463,0.10427347819010417,-0.09065011516213417,-0.014179369,0,87.64506530761719,-0.02256185933947563,5.231863021850586,1.1988716125488281,0.18543437123298645
2740,0.006458918564021587,0.10268656412760417,-0.08286375552415848,-0.013363889,0,87.66876220703125,-0.03913461044430733,5.235008239746094,1.1822667121887207,0.17610926926136017
2741,0.008990020491182804,0.09871927897135417,-0.08271686732769012,-0.0070123905,0,87.69154357910156,-0.05567798390984535,5.237546443939209,1.138053059577942,0.1485704928636551
2742,0.016750570386648178,0.09746297200520833,-0.06445413455367088,-0.016258266,0,87.71403503417969,-0.06856881082057953,5.239732265472412,1.1241563558578491,0.12770842015743256
2743,0.08056782931089401,0.1124725341796875,0.0029273703694343567,-0.034832075,0,87.739990234375,-0.06798333674669266,5.2433600425720215,1.3002245426177979,0.18588532507419586
2744,0.1275334507226944,0.12172953287760417,0.029126908630132675,-0.023322985,0,87.76808166503906,-0.06215795502066612,5.246655464172363,1.415689468383789,0.16937974095344543
2745,0.16191570460796356,0.12272135416666667,0.07584003731608391,-0.036645684,0,87.79640197753906,-0.04698994755744934,5.249764442443848,1.422785758972168,0.14483730494976044
2746,0.1652645468711853,0.1208038330078125,0.061772651970386505,-0.017311929,0,87.82427978515625,-0.03463541716337204,5.252282619476318,1.4031097888946533,0.1203063353896141
2747,0.12583673000335693,0.11710103352864583,0.07575251162052155,-0.0670168,0,87.85130310058594,-0.01948491483926773,5.26102352142334,1.3582087755203247,0.42587435245513916
2748,0.17412544786930084,0.11835734049479167,0.0904056360013783,-0.03463753,0,87.87861633300781,-0.0014037876389920712,5.270562648773193,1.373038649559021,0.46265751123428345
2749,0.07002303749322891,0.10242207845052083,0.001884704688563943,-0.034283742,0,87.90225219726562,-0.0010268467012792826,5.2750139236450195,1.189523458480835,0.23496846854686737
2750,-0.021777506917715073,0.10324859619140625,-0.0698735925834626,-0.05515251,0,87.92607879638672,-0.015001565217971802,5.276620388031006,1.1906399726867676,0.10243334621191025
2751,0.03183482587337494,0.105133056640625,-0.05070537328720093,-0.022592857,0,87.9503402709961,-0.025142639875411987,5.278146266937256,1.212673544883728,0.0903262346982956
2752,0.03200438618659973,0.09895070393880208,-0.06102321669459343,-0.005923098,0,87.97317504882812,-0.03734728321433067,5.2790207862854,1.1451008319854736,0.0625772774219513
2753,0.006903242319822311,0.09627278645833333,-0.06704511120915413,-0.022324434,0,87.99539184570312,-0.0507563054561615,5.279519081115723,1.1099437475204468,0.043111857026815414
2754,0.07283417880535126,0.11372884114583333,0.004770979285240173,-0.04566564,0,88.02163696289062,-0.049802109599113464,5.282652378082275,1.3145487308502197,0.16261693835258484
2755,0.08417721837759018,0.1045379638671875,-0.004999283701181412,-0.015361467,0,88.04576110839844,-0.05080196633934975,5.283219337463379,1.218094825744629,0.04360074922442436
2756,0.11962592601776123,0.11038970947265625,0.04049127921462059,-0.031255066,0,88.07123565673828,-0.04270371049642563,5.283405303955078,1.276470422744751,0.003946003969758749
2757,0.133925661444664,0.12744903564453125,0.08770080283284187,-0.08122417,0,88.10064697265625,-0.025163549929857254,5.291262626647949,1.4754559993743896,0.3792421519756317
2758,0.16531714797019958,0.12784576416015625,0.11049138964153826,-0.07302002,0,88.1301498413086,-0.0030652720015496016,5.305251121520996,1.481583595275879,0.6819810271263123
2759,0.06762414425611496,0.1085052490234375,0.005473260534927249,-0.04635437,0,88.15518951416016,0.0019706198945641518,5.3109660148620605,1.2621110677719116,0.3008096516132355
2760,0.03704729676246643,0.10106658935546875,0.007500538049498573,-0.07151983,0,88.17851257324219,0.0004705122846644372,5.311387538909912,1.1621172428131104,0.030375732108950615
2761,0.06319142132997513,0.10764567057291667,-0.009344391437480226,-0.035109855,0,88.20335388183594,-0.0023393905721604824,5.30877685546875,1.237680196762085,-0.12385064363479614
2762,0.07944035530090332,0.12963104248046875,0.009002650040201843,-0.05919334,0,88.23326873779297,-0.0005388605641201138,5.30524206161499,1.4909480810165405,-0.1714586466550827
2763,0.08573590219020844,0.1576665242513021,-0.01391015073750168,-0.058020473,0,88.2696533203125,0.00332089071162045,5.304771423339844,1.8165422677993774,-0.0217575840651989
2764,0.1149897426366806,0.1862309773763021,-0.028165479889139533,-0.043075755,0,88.31262969970703,0.008953986689448357,5.306888103485107,2.146183729171753,0.11235907673835754
2765,0.02087017148733139,0.198760986328125,-0.1440738607198,-0.033816956,0,88.3584976196289,0.037768758833408356,5.310177803039551,2.266256809234619,0.044170573353767395
2766,0.03301417827606201,0.2003809611002604,-0.13121359050273895,-0.03615319,0,88.40473937988281,0.06401147693395615,5.306429386138916,2.324181079864502,-0.20714953541755676
2767,0.0538574755191803,0.1917851765950521,-0.10152004659175873,-0.036407657,0,88.4489974975586,0.08431548625230789,5.300515174865723,2.236666202545166,-0.32319557666778564
2768,0.12308253347873688,0.18315633138020834,-0.035408325493335724,-0.024665479,0,88.49126434326172,0.09139715135097504,5.293147087097168,2.115880250930786,-0.37514597177505493
2769,0.19006896018981934,0.1833216349283854,0.037335194647312164,-0.030587863,0,88.5335693359375,0.0839301124215126,5.284108638763428,2.1125922203063965,-0.4444315433502197
2770,0.21408800780773163,0.18318939208984375,0.07355358451604843,-0.042654976,0,88.57584381103516,0.06921939551830292,5.276327610015869,2.1055257320404053,-0.37275129556655884
2771,0.1892777681350708,0.18120574951171875,0.06425496190786362,-0.05618296,0,88.61766052246094,0.056368403136730194,5.269770622253418,2.0857861042022705,-0.31434619426727295
2772,0.2815198302268982,0.17918904622395834,0.12043440714478493,-0.018103639,0,88.65901184082031,0.03228152170777321,5.261408805847168,2.06005597114563,-0.3934262990951538
2773,0.2743431031703949,0.1773045857747396,0.12606790754944086,-0.02902941,0,88.6999282836914,0.0070679401978850365,5.2530083656311035,2.0384435653686523,-0.3938659727573395
2774,0.09852500259876251,0.1614354451497396,-0.013605356216430664,-0.04930508,0,88.7371826171875,-0.00978901144117117,5.25959587097168,1.8588881492614746,0.3459474742412567
2775,0.09470926225185394,0.15836079915364584,-0.01794289331883192,-0.04570864,0,88.77372741699219,-0.013377590104937553,5.270385265350342,1.825989007949829,0.5451624989509583
2776,0.13147062063217163,0.15641021728515625,-0.007265079766511917,-0.017674513,0,88.80982208251953,-0.014830606058239937,5.279342174530029,1.8052383661270142,0.4512442350387573
2777,0.15387088060379028,0.15564982096354166,0.02945692278444767,-0.031235851,0,88.84574127197266,-0.008939221501350403,5.287074565887451,1.8001512289047241,0.3845890164375305
2778,0.14792262017726898,0.15442657470703125,0.02208910882472992,-0.02859306,0,88.88137817382812,-0.004521399736404419,5.2939910888671875,1.7843478918075562,0.34421974420547485
2779,0.1271611899137497,0.15399678548177084,0.01115520833991468,-0.037990812,0,88.91691589355469,0.002290358068421483,5.30167818069458,1.779547095298767,0.3792804479598999
2780,0.06239784136414528,0.15406290690104166,-0.04405735875479877,-0.04760771,0,88.95246887207031,0.011101829819381237,5.312321662902832,1.7800787687301636,0.5243762135505676
2781,0.048575446009635925,0.15406290690104166,-0.0615497725084424,-0.04393769,0,88.98802185058594,0.023411784321069717,5.325839519500732,1.7810519933700562,0.6647053956985474
2782,0.05609870329499245,0.1529719034830729,-0.0603053905069828,-0.03656781,0,89.02332305908203,0.03547286242246628,5.341330051422119,1.769026517868042,0.7642534375190735
2783,0.04528668895363808,0.15145111083984375,-0.073263980448246,-0.03290044,0,89.05827331542969,0.05012565851211548,5.357534408569336,1.752197265625,0.7974236607551575
2784,0.05342599004507065,0.14989725748697916,-0.06456080824136734,-0.031910457,0,89.09286499023438,0.06303782016038895,5.375152111053467,1.7341067790985107,0.8703559637069702
2785,0.04871485382318497,0.14394632975260416,-0.06031699478626251,-0.03491448,0,89.12608337402344,0.07510121911764145,5.392887115478516,1.6664396524429321,0.878481388092041
2786,0.030889566987752914,0.15207926432291666,-0.0777561217546463,-0.043433573,0,89.16117858886719,0.09065244346857071,5.4073615074157715,1.7624266147613525,0.7133299708366394
2787,0.014250312000513077,0.14728546142578125,-0.09355772286653519,-0.039477427,0,89.1951675415039,0.10936398804187775,5.4253950119018555,1.7076408863067627,0.8876239657402039
2788,0.09124889224767685,0.14252471923828125,-0.0036581233143806458,-0.04761771,0,89.22805786132812,0.11009561270475388,5.4415082931518555,1.6495352983474731,0.8125642538070679
2789,0.14144934713840485,0.12748209635416666,0.042558759450912476,-0.028591508,0,89.25747680664062,0.10158386081457138,5.453067302703857,1.4711586236953735,0.592043399810791
2790,0.11238140612840652,0.13138326009114584,0.05214281380176544,-0.07114466,0,89.28779602050781,0.09115529805421829,5.45558500289917,1.5136947631835938,0.1471056044101715
2791,0.07094171643257141,0.1348546346028646,0.01941930502653122,-0.083332226,0,89.31891632080078,0.08727143704891205,5.452431678771973,1.5546189546585083,-0.14666648209095
2792,0.10229265689849854,0.12807718912760416,0.031339190900325775,-0.057123717,0,89.34847259521484,0.0810035988688469,5.447073459625244,1.4739561080932617,-0.2680037319660187
2793,0.1249854639172554,0.12804412841796875,0.04031483083963394,-0.043373488,0,89.37802124023438,0.0729406327009201,5.437542915344238,1.4718798398971558,-0.46619361639022827
2794,0.12176564335823059,0.129730224609375,0.03372367471456528,-0.041688263,0,89.407958984375,0.06619589775800705,5.42341947555542,1.4896149635314941,-0.6967715620994568
2795,0.11241792142391205,0.1316808064778646,0.02371242269873619,-0.042975303,0,89.43834686279297,0.06145341321825981,5.404553413391113,1.5128310918807983,-0.9358253479003906
2796,0.10092145204544067,0.1342595418294271,0.008381623774766922,-0.04171972,0,89.46932983398438,0.05977708846330643,5.380681991577148,1.5436502695083618,-1.1887483596801758
2797,0.06964416801929474,0.1398798624674479,-0.025064758956432343,-0.045170937,0,89.5016098022461,0.0647900402545929,5.358279228210449,1.6138890981674194,-1.1243233680725098
2798,0.10905927419662476,0.14113616943359375,0.005719922482967377,-0.03779683,0,89.5341796875,0.06364605575799942,5.33349084854126,1.627990961074829,-1.2377121448516846
2799,0.19759175181388855,0.1451695760091146,0.09080026298761368,-0.038378097,0,89.56768035888672,0.045486003160476685,5.308515548706055,1.6690425872802734,-1.2301322221755981
2800,0.23480984568595886,0.148773193359375,0.13065258041024208,-0.044615924,0,89.60201263427734,0.01935548707842827,5.284345626831055,1.706177830696106,-1.1799523830413818
2801,0.17722439765930176,0.14983113606770834,0.09082559728994966,-0.06343233,0,89.63658905029297,-0.0011903676204383373,5.258659362792969,1.714158296585083,-1.2560986280441284
2802,0.007170885801315308,0.14331817626953125,-0.06150319939479232,-0.07464409,0,89.66966247558594,-0.013491007499396801,5.235728740692139,1.663002610206604,-1.108547568321228
2803,0.039005622267723083,0.12110137939453125,-0.03297488670796156,-0.049120873,0,89.6976089477539,-0.020085984840989113,5.237717628479004,1.3958451747894287,0.10450104624032974
2804,0.0552460215985775,0.10933176676432292,-0.04230222664773464,-0.011783522,0,89.72283935546875,-0.02854643017053604,5.2463297843933105,1.258722186088562,0.44172582030296326
2805,0.03893290087580681,0.10437266031901042,-0.04435695707798004,-0.021082804,0,89.7469253540039,-0.03741782158613205,5.252700328826904,1.2039837837219238,0.3316349685192108
2806,0.0851537212729454,0.10777791341145833,-0.003415960818529129,-0.019208232,0,89.77179718017578,-0.038101013749837875,5.257871627807617,1.244518518447876,0.26104724407196045
2807,0.11307589709758759,0.10936482747395833,0.023577921092510223,-0.01986685,0,89.79703521728516,-0.03338542953133583,5.262889862060547,1.2638598680496216,0.24715778231620789
2808,0.1261909306049347,0.11022440592447917,0.03326239995658398,-0.01729588,0,89.82247161865234,-0.026732949540019035,5.267797470092773,1.275355577468872,0.24137109518051147
2809,0.13896214962005615,0.10787709554036458,0.054684923961758614,-0.023599867,0,89.84736633300781,-0.015795964747667313,5.27264928817749,1.2482391595840454,0.23320598900318146
2810,0.11104903370141983,0.10146331787109375,0.02816030289977789,-0.01857459,0,89.87078094482422,-0.010163904167711735,5.275925636291504,1.1743624210357666,0.16162952780723572
2811,0.060963209718465805,0.09425608317057292,-0.010374779812991619,-0.022918094,0,89.89253234863281,-0.012238860130310059,5.278057098388672,1.0902583599090576,0.11348464339971542
2812,-0.014067696407437325,0.08466847737630208,-0.0661206990480423,-0.032615475,0,89.91207122802734,-0.025462999939918518,5.279484272003174,0.9769014716148376,0.09111905097961426
2813,-0.0061043184250593185,0.09154510498046875,-0.06796089932322502,-0.029688524,0,89.93319702148438,-0.03905517980456352,5.281203746795654,1.0568464994430542,0.10808834433555603
2814,0.03031238541007042,0.08714803059895833,-0.030794478952884674,-0.026041165,0,89.95330810546875,-0.04521407559514046,5.283415794372559,1.0063893795013428,0.12137586623430252
2815,-0.008029518648982048,0.08473459879557292,-0.059290044009685516,-0.033474073,0,89.97286224365234,-0.05707208439707756,5.279696464538574,0.978522002696991,-0.16930915415287018
2816,-0.042179834097623825,0.08400726318359375,-0.0901184044778347,-0.036068693,0,89.99224853515625,-0.0750957652926445,5.27061128616333,0.9642049670219421,-0.43424326181411743
2817,0.002617157995700836,0.11594390869140625,-0.06667532026767731,-0.04665143,0,90.01900482177734,-0.08843082934617996,5.261961936950684,1.336087703704834,-0.41169440746307373
2818,0.08934210985898972,0.1259282430013021,0.006284080445766449,-0.042870216,0,90.04806518554688,-0.08717401325702667,5.251465797424316,1.4577789306640625,-0.5182839035987854
2819,0.10322754085063934,0.12649027506510416,0.020093359053134918,-0.04335609,0,90.07725524902344,-0.08315534144639969,5.237438678741455,1.470032811164856,-0.6941484808921814
2820,0.12868139147758484,0.11435699462890625,0.06033997982740402,-0.046015583,0,90.10364532470703,-0.07108734548091888,5.240085124969482,1.327735424041748,0.12356245517730713
2821,0.14650489389896393,0.10824076334635417,0.06973749026656151,-0.03147335,0,90.12862396240234,-0.05713984742760658,5.2482218742370605,1.253426432609558,0.3976289927959442
2822,0.19809719920158386,0.11032358805338542,0.11130288243293762,-0.02352927,0,90.15408325195312,-0.03487927094101906,5.254096031188965,1.2809265851974487,0.27565106749534607
2823,0.1940193921327591,0.10873667399088542,0.09780168533325195,-0.012518967,0,90.1791763305664,-0.015318933874368668,5.258211612701416,1.261188268661499,0.18876275420188904
2824,0.08004555851221085,0.10149637858072917,0.020439084619283676,-0.041889906,0,90.20259857177734,-0.011231116950511932,5.257329940795898,1.173148274421692,-0.04640815407037735
2825,0.027242422103881836,0.09812418619791667,-0.03073316067457199,-0.0401486,0,90.2252426147461,-0.01737774908542633,5.252499580383301,1.1326895952224731,-0.23098137974739075
2826,-0.016101039946079254,0.09670257568359375,-0.08104754611849785,-0.03175607,0,90.24755859375,-0.0335872583091259,5.24327278137207,1.1105060577392578,-0.44418567419052124
2827,-0.015636388212442398,0.10080210367838542,-0.08687937632203102,-0.029559115,0,90.27082061767578,-0.050963133573532104,5.228886127471924,1.1617642641067505,-0.6966612935066223
2828,0.0313606932759285,0.10348002115885417,-0.050360485911369324,-0.021758843,0,90.2947006225586,-0.06103523075580597,5.215945720672607,1.2002898454666138,-0.6644598841667175
2829,0.05174598842859268,0.1092987060546875,-0.0183955579996109,-0.03915716,0,90.3199234008789,-0.06471434235572815,5.2014617919921875,1.2573363780975342,-0.718695342540741
2830,0.09318751841783524,0.10847218831380208,0.0330105796456337,-0.048295252,0,90.34495544433594,-0.05811222642660141,5.189480304718018,1.261575698852539,-0.594833493232727
2831,0.09603629261255264,0.09214019775390625,0.041486434638500214,-0.037590347,0,90.36621856689453,-0.04981493949890137,5.193809509277344,1.0871689319610596,0.13871169090270996
2832,0.067387156188488,0.08559417724609375,0.006070137023925781,-0.02427716,0,90.38597106933594,-0.04860091209411621,5.200178146362305,0.9880686402320862,0.29401418566703796
2833,0.0625421404838562,0.0815277099609375,-0.003129206597805023,-0.015856365,0,90.40478515625,-0.049226753413677216,5.205084323883057,0.9388511180877686,0.23473767936229706
2834,0.022698361426591873,0.07428741455078125,-0.029402021318674088,-0.022187032,0,90.42192840576172,-0.05510715767741203,5.208113193511963,0.8589900135993958,0.1592397838830948
2835,0.022550474852323532,0.074981689453125,-0.03274807706475258,-0.019683138,0,90.4392318725586,-0.06165677309036255,5.21088171005249,0.8644548654556274,0.14456704258918762
2836,0.031000837683677673,0.07048543294270833,-0.007277056574821472,-0.03220754,0,90.45549774169922,-0.06311218440532684,5.213677406311035,0.8172203302383423,0.14204180240631104
2837,0.06175622344017029,0.06969197591145833,0.024216510355472565,-0.032152265,0,90.4715805053711,-0.05826888233423233,5.216551303863525,0.8079949021339417,0.1414753794670105
2838,0.059943921864032745,0.072601318359375,0.016126036643981934,-0.028783433,0,90.48833465576172,-0.055043675005435944,5.219417095184326,0.8397601246833801,0.14129163324832916
2839,0.06462199240922928,0.07194010416666667,0.014829784631729126,-0.022147894,0,90.50493621826172,-0.05207771807909012,5.222146511077881,0.8332323431968689,0.13647739589214325
2840,0.07846017181873322,0.06879933675130208,0.039029140025377274,-0.029368304,0,90.52081298828125,-0.044271890074014664,5.224970817565918,0.7968993186950684,0.13467340171337128
2841,0.07447794079780579,0.06479899088541667,0.03145534545183182,-0.021776395,0,90.5357666015625,-0.0379808209836483,5.227011203765869,0.7498571276664734,0.09672239422798157
2842,0.04363301396369934,0.06079864501953125,0.009058509021997452,-0.026224134,0,90.54979705810547,-0.03616911917924881,5.228557586669922,0.702743411064148,0.07660512626171112
2843,0.026246437802910805,0.055872599283854164,-0.005801469087600708,-0.023824694,0,90.56269073486328,-0.03732941299676895,5.229831695556641,0.6463353037834167,0.067485511302948
2844,0.003972630947828293,0.052599589029947914,-0.021628886461257935,-0.026998071,0,90.5748291015625,-0.04165519028902054,5.230796813964844,0.6076498627662659,0.055656563490629196
2845,0.008475318551063538,0.056732177734375,-0.01529734581708908,-0.032959513,0,90.58792114257812,-0.044714659452438354,5.231982231140137,0.6551075577735901,0.06495451182126999
2846,0.028710350394248962,0.055409749348958336,0.009311791509389877,-0.03601119,0,90.6007080078125,-0.04285230115056038,5.233268737792969,0.6412305235862732,0.06540744006633759
2847,-0.015270119532942772,0.046979268391927086,-0.0181538425385952,-0.044095546,0,90.6115493774414,-0.04648306965827942,5.228020191192627,0.5492992997169495,-0.24706555902957916
2848,-0.02667737565934658,0.054583231608072914,-0.03084743395447731,-0.050413173,0,90.6241455078125,-0.05265255644917488,5.217767715454102,0.627946138381958,-0.5012201070785522
2849,0.01952909678220749,0.0882720947265625,-0.0050841085612773895,-0.063658886,0,90.64451599121094,-0.05366937816143036,5.207940578460693,1.0234735012054443,-0.4835048019886017
2850,0.09157073497772217,0.1081085205078125,0.04377692937850952,-0.06031471,0,90.66946411132812,-0.044913992285728455,5.199707984924316,1.2532715797424316,-0.41508668661117554
2851,0.09055300801992416,0.1144561767578125,0.02731315791606903,-0.051216327,0,90.69587707519531,-0.03945136070251465,5.1896514892578125,1.3279697895050049,-0.5015489459037781
2852,0.09802515059709549,0.11452229817708333,0.03468627110123634,-0.051183425,0,90.72230529785156,-0.03251410648226738,5.175990581512451,1.3327730894088745,-0.6802905797958374
2853,-0.05159113556146622,0.10480244954427083,-0.11035541072487831,-0.046038173,0,90.74649047851562,-0.05458518862724304,5.162481307983398,1.2146494388580322,-0.6590642929077148
2854,-0.05055336654186249,0.10820770263671875,-0.11895272880792618,-0.03980834,0,90.7714614868164,-0.07837573438882828,5.148636341094971,1.2416605949401855,-0.6654188632965088
2855,0.02254343032836914,0.10979461669921875,-0.02780001610517502,-0.05945117,0,90.79679870605469,-0.08393573760986328,5.136047840118408,1.2724043130874634,-0.6015374660491943
2856,0.0008371025323867798,0.0973968505859375,-0.05646415054798126,-0.040095598,0,90.81927490234375,-0.09522856771945953,5.1408843994140625,1.1730252504348755,0.08437598496675491
2857,0.060051508247852325,0.09557851155598958,0.018081218004226685,-0.053608224,0,90.8413314819336,-0.0916123241186142,5.148518085479736,1.1310906410217285,0.29814717173576355
2858,0.16177842020988464,0.10040537516276042,0.10547783225774765,-0.044104792,0,90.864501953125,-0.07051675766706467,5.156595706939697,1.1874452829360962,0.3147469758987427
2859,0.1806737184524536,0.09911600748697917,0.09879864752292633,-0.01724094,0,90.88737487792969,-0.0507570281624794,5.162858009338379,1.1514012813568115,0.25852125883102417
2860,0.10951987653970718,0.09471893310546875,0.049408208578825,-0.03460727,0,90.90923309326172,-0.0408753864467144,5.163554668426514,1.0955009460449219,0.022391898557543755
2861,-0.008274804800748825,0.09131368001302083,-0.04653126001358032,-0.053057224,0,90.93030548095703,-0.050181638449430466,5.160633087158203,1.0527317523956299,-0.13201816380023956
2862,-0.023587467148900032,0.08638763427734375,-0.08145900443196297,-0.028516097,0,90.95024108886719,-0.06647343933582306,5.153101921081543,0.993393063545227,-0.35558754205703735
2863,0.1201474666595459,0.10301717122395833,0.05145389586687088,-0.034323603,0,90.97401428222656,-0.05618266016244888,5.143163681030273,1.180267572402954,-0.5493761897087097
2864,-0.018479207530617714,0.09683481852213542,-0.07411755621433258,-0.04119647,0,90.9963607788086,-0.0710061714053154,5.1325836181640625,1.129633903503418,-0.5403889417648315
2865,0.001832917332649231,0.09114837646484375,-0.048134028911590576,-0.04118143,0,91.01739501953125,-0.08063297718763351,5.135177135467529,1.049713134765625,0.13856205344200134
2866,0.06259673088788986,0.08757781982421875,0.017748959362506866,-0.04273005,0,91.03760528564453,-0.07708318531513214,5.141173839569092,1.0137046575546265,0.29957714676856995
2867,0.11483892798423767,0.08774312337239583,0.06582319736480713,-0.03872739,0,91.05785369873047,-0.06391854584217072,5.147351264953613,1.0180249214172363,0.2998221516609192
2868,0.11652566492557526,0.08638763427734375,0.05869876593351364,-0.028560739,0,91.07778930664062,-0.05217879265546799,5.152740478515625,1.0011264085769653,0.2604461908340454
2869,0.05408422648906708,0.08327992757161458,0.008421633392572403,-0.037617333,0,91.09700775146484,-0.050494465976953506,5.153800010681152,0.9620428085327148,0.0523773729801178
2870,-0.028834177181124687,0.07941182454427083,-0.06369864568114281,-0.044547357,0,91.1153335571289,-0.06323419511318207,5.1505961418151855,0.9152523279190063,-0.14388054609298706
2871,0.04098093882203102,0.08341217041015625,-0.01920025795698166,-0.023230974,0,91.13458251953125,-0.0670742467045784,5.145321846008301,0.963322639465332,-0.25772032141685486
2872,0.0958087295293808,0.08761088053385417,0.05103316158056259,-0.04283531,0,91.15480041503906,-0.05686761438846588,5.135550498962402,1.0137970447540283,-0.4975927770137787
2873,0.020993344485759735,0.07441965738932292,-0.015425868332386017,-0.038000446,0,91.1719741821289,-0.059952788054943085,5.135985374450684,0.8612502813339233,0.027068719267845154
2874,0.07647976279258728,0.06899770100911458,0.05780419334769249,-0.050322127,0,91.18789672851562,-0.04839194938540459,5.141242504119873,0.8026100397109985,0.2553495466709137
2875,0.13451072573661804,0.0696258544921875,0.11462598107755184,-0.049741104,0,91.20396423339844,-0.02546675316989422,5.14659309387207,0.8112577199935913,0.2487202137708664
2876,-0.017863783985376358,0.06255086263020833,-0.03355317749083042,-0.04686147,0,91.21839904785156,-0.0321773886680603,5.149627685546875,0.7228344678878784,0.16290058195590973
2877,0.037432555109262466,0.060038248697916664,0.01697724685072899,-0.03958294,0,91.23225402832031,-0.028781939297914505,5.147824287414551,0.6963649392127991,-0.09008453041315079
2878,0.10792385041713715,0.07263437906901042,0.07124157156795263,-0.035952106,0,91.24901580810547,-0.014533624984323978,5.140741348266602,0.8454976081848145,-0.3639621436595917
2879,0.01746843196451664,0.062352498372395836,-0.014379932545125484,-0.030504135,0,91.2634048461914,-0.017409611493349075,5.132460117340088,0.7449672818183899,-0.4244970679283142
2880,0.04003747180104256,0.054979960123697914,0.017132284119725227,-0.032074776,0,91.27609252929688,-0.01398315466940403,5.13301944732666,0.6370418071746826,0.025979114696383476
2881,0.049218934029340744,0.04592132568359375,0.03798648016527295,-0.03468887,0,91.28668975830078,-0.00638585863634944,5.136493682861328,0.539526104927063,0.1684560477733612
2882,-0.005198344588279724,0.045359293619791664,-0.011658638250082731,-0.038899,0,91.29715728759766,0.008717586286365986,5.139866352081299,0.5294678211212158,0.15690356492996216
2883,-0.05114035680890083,0.04850006103515625,-0.06795302499085665,-0.031687394,0,91.308349609375,0.022308191284537315,5.1426167488098145,0.5656677484512329,0.12653499841690063
2884,-0.006535839289426804,0.039904276529947914,-0.01970481127500534,-0.026735304,0,91.31755828857422,0.026249153539538383,5.144896507263184,0.46947798132896423,0.10767494142055511
2885,-0.024558059871196747,0.03362274169921875,-0.027356809005141258,-0.030823993,0,91.3253173828125,0.031720515340566635,5.146292209625244,0.39225995540618896,0.06735386699438095
2886,-0.010990675538778305,0.0291595458984375,-0.012491624802350998,-0.027658597,0,91.33204650878906,0.034218840301036835,5.14715576171875,0.33951306343078613,0.044093675911426544
2887,-0.008461078628897667,0.030118306477864582,-0.006577223539352417,-0.032002162,0,91.33899688720703,0.03553428500890732,5.1481852531433105,0.348789244890213,0.05172485485672951
2888,-0.017636563628911972,0.0331268310546875,-0.01984013244509697,-0.030923262,0,91.34664154052734,0.03950231149792671,5.149611473083496,0.38525813817977905,0.07079939544200897
2889,-0.045710545033216476,0.031275431315104164,-0.043172501027584076,-0.033813477,0,91.3538589477539,0.04813681170344353,5.151140213012695,0.3652084171772003,0.07082369923591614
2890,-0.0662863627076149,0.04205322265625,-0.0739205814898014,-0.034419004,0,91.36356353759766,0.06292092800140381,5.152535438537598,0.5070450305938721,0.06751173734664917
2891,-0.027926413342356682,0.033754984537760414,-0.03484997898340225,-0.026831418,0,91.37135314941406,0.06989092379808426,5.15385103225708,0.3923393487930298,0.05969805270433426
2892,-0.00874907337129116,0.03223419189453125,-0.015923716127872467,-0.02505955,0,91.37879180908203,0.07307566702365875,5.15492057800293,0.37334904074668884,0.05101298913359642
2893,0.007171725854277611,0.029886881510416668,0.0031712278723716736,-0.025886385,0,91.38568878173828,0.07244142144918442,5.155632019042969,0.3493177592754364,0.03824695199728012
2894,0.029702963307499886,0.028564453125,0.027135759592056274,-0.02599725,0,91.39228057861328,0.06701426953077316,5.156392574310303,0.32792291045188904,0.043641336262226105
2895,0.05107384920120239,0.027109781901041668,0.050590746104717255,-0.026626676,0,91.3985366821289,0.05689612030982971,5.1570281982421875,0.30948513746261597,0.041929058730602264
2896,0.06655783951282501,0.03124237060546875,0.0620310939848423,-0.026715618,0,91.40574645996094,0.04448990151286125,5.1579108238220215,0.3562409579753876,0.05665947496891022
2897,0.07649970799684525,0.03382110595703125,0.06732228212058544,-0.024643682,0,91.4135513305664,0.031025445088744164,5.158512592315674,0.3862612545490265,0.0436868779361248
2898,0.0768805742263794,0.033192952473958336,0.06758393719792366,-0.023896314,0,91.42121124267578,0.01750865764915943,5.158849239349365,0.37935134768486023,0.030551433563232422
2899,0.05940869450569153,0.0327301025390625,0.051582627929747105,-0.024904037,0,91.42876434326172,0.0071921320632100105,5.159336566925049,0.3744830787181854,0.034906595945358276
2900,0.04365864023566246,0.0323333740234375,0.035657399475894636,-0.024332132,0,91.43622589111328,-6.065216803108342e-05,5.1599440574646,0.37106725573539734,0.0378449372947216
2901,-0.009295361116528511,0.032300313313802086,-0.016339236080966657,-0.025256438,0,91.44367980957031,-0.003328499384224415,5.160622596740723,0.3713788688182831,0.037330642342567444
2902,-0.03962263464927673,0.034978230794270836,-0.022292647045105696,-0.052308217,0,91.45175170898438,0.007787028793245554,5.161893844604492,0.4087684750556946,0.055296629667282104
2903,-0.09548835456371307,0.046351114908854164,-0.10691954521462321,-0.03491992,0,91.46244812011719,0.029170937836170197,5.163306713104248,0.5434998273849487,0.05235383287072182
2904,-0.0652952492237091,0.037424723307291664,-0.06881458684802055,-0.033905383,0,91.47108459472656,0.04293385520577431,5.164958477020264,0.4753945767879486,0.04751138761639595
2905,-0.07792340964078903,0.037556966145833336,-0.09048270061612129,-0.024997676,0,91.47975158691406,0.061030395328998566,5.16536283493042,0.44082143902778625,0.004435828421264887
2906,-0.05966051295399666,0.038813273111979164,-0.069224052131176,-0.029249733,0,91.48870849609375,0.07487520575523376,5.165665149688721,0.45377373695373535,0.0031926569063216448
2907,-0.07888472825288773,0.036862691243489586,-0.08780956268310547,-0.027937856,0,91.4972152709961,0.09243711829185486,5.166165351867676,0.4325089752674103,0.009872944094240665
2908,-0.07253599166870117,0.0414581298828125,-0.09032368659973145,-0.023670439,0,91.50678253173828,0.11050185561180115,5.166266441345215,0.48762860894203186,-0.008353065699338913
2909,-0.006824297830462456,0.034350077311197914,-0.011147409677505493,-0.030026965,0,91.51470947265625,0.11273133754730225,5.166314601898193,0.4177919626235962,0.015219553373754025
2910,0.04898397624492645,0.034978230794270836,0.037272609770298004,-0.023266869,0,91.52278137207031,0.10527681559324265,5.166840553283691,0.40088576078414917,0.03372343257069588
2911,0.08793772757053375,0.041028340657552086,0.0688229501247406,-0.02191357,0,91.5322494506836,0.09151222556829453,5.167794704437256,0.46858152747154236,0.06139921769499779
2912,0.10954127460718155,0.047475179036458336,0.08005660027265549,-0.017990507,0,91.54320526123047,0.07550090551376343,5.168493270874023,0.5424631237983704,0.050888318568468094
2913,0.12004097551107407,0.050219217936197914,0.08541280403733253,-0.01559105,0,91.55479431152344,0.05841834470629692,5.168750286102295,0.5738698840141296,0.029950827360153198
2914,0.11802443861961365,0.050615946451822914,0.08292309939861298,-0.015514616,0,91.56647491455078,0.041833724826574326,5.168951511383057,0.5791081190109253,0.026790054515004158
2915,0.10451121628284454,0.051740010579427086,0.06906681694090366,-0.016295612,0,91.57841491699219,0.028020361438393593,5.169236183166504,0.5930584073066711,0.028359295800328255
2916,0.01993206888437271,0.05246734619140625,0.00754915177822113,-0.04008443,0,91.59052276611328,0.026510531082749367,5.1690263748168945,0.6068402528762817,-0.005893954541534185
2917,0.02528349868953228,0.059046427408854164,-0.003616679459810257,-0.03014625,0,91.6041488647461,0.027233866974711418,5.168510913848877,0.6872714161872864,-0.02083759941160679
2918,0.014942269772291183,0.047971089680989586,0.004772534593939781,-0.037801355,0,91.61521911621094,0.026279360055923462,5.170204162597656,0.6313397288322449,0.050932932645082474
2919,-0.0396309457719326,0.05633544921875,-0.04663664847612381,-0.049329747,0,91.62821960449219,0.035606689751148224,5.170047760009766,0.6582720875740051,-0.015074240043759346
2920,-0.04262586683034897,0.056996663411458336,-0.05666816607117653,-0.042954363,0,91.64137268066406,0.04694032296538353,5.1692376136779785,0.6654956340789795,-0.05055993050336838
2921,-0.029949111863970757,0.055806477864583336,-0.053668245673179626,-0.032087345,0,91.65425109863281,0.057673972100019455,5.168294429779053,0.6519873142242432,-0.05719885602593422
2922,0.0012080371379852295,0.056170145670572914,-0.02228500321507454,-0.032677107,0,91.6672134399414,0.06213097274303436,5.167694568634033,0.6500439643859863,-0.03426673263311386
2923,0.026462391018867493,0.058186848958333336,-0.006326623260974884,-0.025397833,0,91.6806411743164,0.06339629739522934,5.167201042175293,0.6719047427177429,-0.02577815018594265
2924,0.017352204769849777,0.059244791666666664,-0.019024014472961426,-0.022868574,0,91.6943130493164,0.06720110028982162,5.16632080078125,0.6846525073051453,-0.04768030717968941
2925,0.02200739085674286,0.060434977213541664,-0.018971487879753113,-0.0194561,0,91.70825958251953,0.07099539786577225,5.165254592895508,0.6990380883216858,-0.056949373334646225
2926,0.01612863503396511,0.061261494954427086,-0.025340355932712555,-0.019792503,0,91.72239685058594,0.07606346905231476,5.163974285125732,0.7087663412094116,-0.06893749535083771
2927,0.015884118154644966,0.062253316243489586,-0.025192424654960632,-0.021176772,0,91.73676300048828,0.08110195398330688,5.162558078765869,0.7198073267936707,-0.07556620240211487
2928,0.013667633756995201,0.06298065185546875,-0.027109868824481964,-0.02220315,0,91.75129699707031,0.08652392774820328,5.160951137542725,0.72911536693573,-0.08553846180438995
2929,0.01568218693137169,0.06377410888671875,-0.024280324578285217,-0.023811597,0,91.7660140991211,0.09137999266386032,5.159182071685791,0.7374563217163086,-0.09307580441236496
2930,0.018783975392580032,0.06443532307942708,-0.02119883894920349,-0.024452507,0,91.7808837890625,0.09561976045370102,5.157268524169922,0.7451590895652771,-0.09972187131643295
2931,0.022456679493188858,0.0650634765625,-0.01733284443616867,-0.025273953,0,91.7958984375,0.09908632934093475,5.1552205085754395,0.7522916793823242,-0.10564891248941422
2932,0.026943158358335495,0.06569163004557292,-0.012472309172153473,-0.026276164,0,91.8110580444336,0.10158079117536545,5.15305233001709,0.7585759162902832,-0.11073857545852661
2933,0.03158637136220932,0.06622060139973958,-0.007753558456897736,-0.026880672,0,91.82633972167969,0.103131502866745,5.15077543258667,0.7647125124931335,-0.11527630686759949
2934,0.03890559822320938,0.0668487548828125,-0.00010360032320022583,-0.027839556,0,91.84176635742188,0.10315222293138504,5.148430824279785,0.7712375521659851,-0.11718035489320755
2935,0.04524189233779907,0.06747690836588542,0.006175152957439423,-0.028410168,0,91.85733795166016,0.10191719233989716,5.1460065841674805,0.7782479524612427,-0.1199246197938919
2936,0.051113061606884,0.06813812255859375,0.01268431544303894,-0.029709376,0,91.87306213378906,0.09938032925128937,5.14349889755249,0.785046398639679,-0.12279019504785538
2937,0.05938798934221268,0.06876627604166667,0.021621808409690857,-0.031000094,0,91.88893127441406,0.0950559675693512,5.140949726104736,0.7919928431510925,-0.1231682151556015
2938,0.06974975019693375,0.06952667236328125,0.03174722194671631,-0.031524144,0,91.90497589111328,0.08870652318000793,5.13838529586792,0.7999755144119263,-0.12190299481153488
2939,0.08167123794555664,0.07025400797526042,0.04369545727968216,-0.032278225,0,91.92118835449219,0.0799674317240715,5.13581657409668,0.8072806596755981,-0.11975204944610596
2940,0.09528791159391403,0.07094828287760417,0.05653299391269684,-0.03219337,0,91.93756103515625,0.06866083294153214,5.133269309997559,0.8151211738586426,-0.11613215506076813
2941,0.11136600375175476,0.07187398274739583,0.07130473852157593,-0.031812716,0,91.95414733886719,0.05439988523721695,5.130764961242676,0.8249231576919556,-0.11094146966934204
2942,0.12681250274181366,0.0727996826171875,0.08657006546854973,-0.03255725,0,91.970947265625,0.037085872143507004,5.128271579742432,0.8345105648040771,-0.10724060982465744
2943,0.139459028840065,0.07306416829427083,0.10352989658713341,-0.037135035,0,91.98780822753906,0.016379892826080322,5.125761032104492,0.8367868661880493,-0.10462171584367752
2944,-0.022591087967157364,0.07220458984375,-0.017825495451688766,-0.07697018,0,92.00447082519531,-0.019944991916418076,5.123834609985352,0.8242852687835693,-0.05825139209628105
2945,-0.23003004491329193,0.06536102294921875,-0.2159244753420353,-0.079466596,0,92.0195541381836,-0.06312988698482513,5.122162818908691,0.7454648017883301,-0.037999771535396576
2946,-0.3090159595012665,0.065460205078125,-0.2984262630343437,-0.0760499,0,92.03466033935547,-0.12281513959169388,5.121606826782227,0.7475132942199707,0.03799182176589966
2947,-0.3568679094314575,0.055475870768229164,-0.3275836631655693,-0.084760144,0,92.0474624633789,-0.18833187222480774,5.120197772979736,0.6375865340232849,0.0017581542488187551
2948,-0.4007340967655182,0.05107879638671875,-0.37717923521995544,-0.07463365,0,92.05924987792969,-0.26376771926879883,5.1186628341674805,0.5928890705108643,0.007691415958106518
2949,-0.4063507616519928,0.0474090576171875,-0.3776293992996216,-0.07613043,0,92.0701904296875,-0.33929359912872314,5.11625337600708,0.5591195225715637,-0.03793042525649071
2950,-0.4150070548057556,0.054781595865885414,-0.39395377039909363,-0.07583488,0,92.08283233642578,-0.41808435320854187,5.1113362312316895,0.6473988890647888,-0.15737679600715637
2951,-0.42953166365623474,0.054120381673177086,-0.41126981377601624,-0.07238225,0,92.09532165527344,-0.5003383159637451,5.102303504943848,0.6504802107810974,-0.3620215952396393
2952,-0.41039520502090454,0.05821990966796875,-0.3896138072013855,-0.079001315,0,92.10875701904297,-0.5782610774040222,5.09296178817749,0.7030924558639526,-0.38509032130241394
2953,-0.3114824593067169,0.07779184977213542,-0.3069654107093811,-0.08230891,0,92.126708984375,-0.6396541595458984,5.0828633308410645,0.8794881701469421,-0.47647541761398315
2954,-0.3378201127052307,0.06893157958984375,-0.34115225076675415,-0.06559944,0,92.14261627197266,-0.7078846096992493,5.0693182945251465,0.8307788968086243,-0.6058487296104431
2955,-0.2315112054347992,0.09217325846354167,-0.258634090423584,-0.06505038,0,92.16388702392578,-0.7596114277839661,5.057308673858643,1.0265239477157593,-0.5778746604919434
2956,-0.25276580452919006,0.09904988606770833,-0.25576889514923096,-0.0960468,0,92.1867446899414,-0.8107652068138123,5.045876979827881,1.175637125968933,-0.5221264958381653
2957,-0.2159656137228012,0.11115010579427083,-0.232410728931427,-0.09470499,0,92.21239471435547,-0.8572473526000977,5.03523588180542,1.3154096603393555,-0.4885784685611725
2958,-0.18393754959106445,0.122589111328125,-0.2136605978012085,-0.092866056,0,92.24068450927734,-0.8999794721603394,5.024929523468018,1.4452656507492065,-0.47699013352394104
2959,-0.1196729838848114,0.1267547607421875,-0.15766382217407227,-0.08876392,0,92.26993560791016,-0.9315122365951538,5.012661933898926,1.4845311641693115,-0.6017377376556396
2960,-0.09719637781381607,0.14136759440104166,-0.1400431990623474,-0.09852077,0,92.30255889892578,-0.9595208764076233,5.0010223388671875,1.6510273218154907,-0.5583741068840027
2961,-0.07295525819063187,0.15062459309895834,-0.13029783964157104,-0.093282014,0,92.33731842041016,-0.9855804443359375,4.98846960067749,1.757133960723877,-0.606229305267334
2962,-0.05990798398852348,0.1580632527669271,-0.12534737586975098,-0.09262386,0,92.37379455566406,-1.0106499195098877,4.974481582641602,1.8427525758743286,-0.6793270111083984
2963,-0.04971414431929588,0.1610387166341146,-0.12568891048431396,-0.08506395,0,92.41095733642578,-1.0357877016067505,4.9576497077941895,1.877090334892273,-0.8219318985939026
2964,-0.05176645517349243,0.1650390625,-0.12839198112487793,-0.08841354,0,92.44904327392578,-1.061466097831726,4.9384660720825195,1.9250500202178955,-0.9395755529403687
2965,-0.05408434569835663,0.170196533203125,-0.1330876350402832,-0.091193244,0,92.48831939697266,-1.0880836248397827,4.917326927185059,1.9852423667907715,-1.037136197090149
2966,-0.05637015774846077,0.1759160359700521,-0.13926386833190918,-0.093022324,0,92.52891540527344,-1.1159363985061646,4.8944501876831055,2.0533814430236816,-1.1237621307373047
2967,-0.055893708020448685,0.1809412638346354,-0.1447618007659912,-0.09207317,0,92.57067108154297,-1.1448887586593628,4.869504928588867,2.1133673191070557,-1.2271156311035156
2968,-0.057593684643507004,0.1862309773763021,-0.15097081661224365,-0.092853844,0,92.6136474609375,-1.1750829219818115,4.842508316040039,2.175537586212158,-1.3294757604599
2969,-0.05813717469573021,0.19089253743489584,-0.15689551830291748,-0.09213419,0,92.65769958496094,-1.206462025642395,4.813218116760254,2.2310945987701416,-1.444244146347046
2970,-0.056010179221630096,0.19409942626953125,-0.16137778759002686,-0.08873182,0,92.7024917602539,-1.2387375831604004,4.78113317489624,2.2701597213745117,-1.5844290256500244
2971,-0.05241473391652107,0.19472757975260416,-0.16268014907836914,-0.084462166,0,92.74742889404297,-1.2712736129760742,4.745390892028809,2.2777962684631348,-1.7679204940795898
2972,-0.05434131622314453,0.1951904296875,-0.16478180885314941,-0.08474994,0,92.79247283935547,-1.304229974746704,4.705997943878174,2.2843503952026367,-1.9513616561889648
2973,-0.055019184947013855,0.19439697265625,-0.166206955909729,-0.0832092,0,92.83733367919922,-1.33747136592865,4.66264533996582,2.2767398357391357,-2.150424003601074
2974,-0.05420464277267456,0.1938018798828125,-0.16455769538879395,-0.08344883,0,92.8820571899414,-1.3703829050064087,4.615184307098389,2.2688188552856445,-2.3567466735839844
2975,-0.0882100984454155,0.2050755818684896,-0.188673734664917,-0.10461195,0,92.92938232421875,-1.408117651939392,4.567150592803955,2.404595375061035,-2.384504556655884
2976,-0.08884813636541367,0.21211751302083334,-0.20385444164276123,-0.09711121,0,92.97833251953125,-1.4488885402679443,4.517278671264648,2.4913954734802246,-2.4773776531219482
2977,-0.0847124233841896,0.2118199666341146,-0.21007120609283447,-0.08646119,0,93.02721405029297,-1.4909027814865112,4.463776588439941,2.4885332584381104,-2.6593854427337646
2978,-100.0,0.2183990478515625,-0.24593770503997803,-0.08532153,-100,93.0776138305664,-1.5400903224945068,4.434991836547852,2.7578823566436768,-0.42799171805381775
